protein_id,length,drafter,K,wall_s,speedup,acceptance_rate,mean_tokens_per_step,n_steps,k_history
O26474_METTH/4-157,154,enc_dec,0,7.337971056000015,1.0,,1.0,154,
O26474_METTH/4-157,154,cnn,1,5.047034731999929,1.4539172891905745,0.5048543689320388,1.5048543689320388,103,
O26474_METTH/4-157,154,cnn,3,4.16718240299997,1.7608950956208163,0.2567049808429119,1.7613636363636365,88,
O26474_METTH/4-157,154,cnn,5,3.7273690819999956,1.9686730491584905,0.17980295566502463,1.8902439024390243,82,
O26474_METTH/4-157,154,cnn,8,3.650808631000018,2.0099577374971913,0.11904761904761904,1.9375,80,
O26474_METTH/4-157,154,cnn,16,4.090199019000011,1.7940376548704062,0.06307053941908713,1.9620253164556962,79,
O26474_METTH/4-157,154,cnn,-1,3.929105092999862,1.8675934805290464,0.3027522935779816,1.7415730337078652,89,"[5, 4, 3, 2, 4, 3, 2, 1, 3, 5, 4, 3, 2, 1, 1, 3, 5, 7, 6, 5, 4, 3, 5, 4, 3, 2, 1, 3, 5, 4, 3, 2, 1, 1, 1, 3, 2, 1, 1, 1, 1, 3, 5, 4, 3, 2, 1, 1, 3, 2, 1, 3, 2, 4, 3, 2, 1, 1, 1, 1, 3, 2, 1, 1, 3, 2, 1, 3, 2, 1, 3, 2, 1, 3, 2, 1, 1, 1, 3, 2, 1, 1, 3, 2, 1, 3, 2, 3, 1]"
O26474_METTH/4-157,154,hmm,1,5.463076731000001,1.343193847957691,0.3247863247863248,1.3247863247863247,117,
O26474_METTH/4-157,154,hmm,3,4.938052708999976,1.4860050081332679,0.16504854368932037,1.4903846153846154,104,
O26474_METTH/4-157,154,hmm,5,4.492937914999857,1.6332233373405625,0.1088709677419355,1.5346534653465347,101,
O26474_METTH/4-157,154,hmm,8,4.73203926799988,1.5506995272889186,0.06887755102040817,1.5346534653465347,101,
O26474_METTH/4-157,154,hmm,16,4.42842894599994,1.657014518123447,0.0388283378746594,1.5816326530612246,98,
O26474_METTH/4-157,154,hmm,-1,5.548480143999996,1.3225191161466325,0.22222222222222224,1.4485981308411215,107,"[5, 4, 3, 2, 4, 6, 5, 4, 3, 2, 1, 1, 1, 1, 1, 1, 1, 1, 1, 3, 5, 7, 6, 5, 4, 3, 2, 1, 3, 2, 1, 3, 5, 4, 3, 2, 1, 3, 2, 4, 3, 2, 1, 1, 3, 2, 1, 1, 1, 3, 2, 1, 1, 1, 3, 2, 1, 1, 1, 1, 1, 1, 3, 2, 1, 3, 2, 1, 1, 1, 1, 1, 1, 1, 1, 1, 1, 1, 1, 1, 1, 1, 1, 3, 2, 1, 1, 3, 2, 1, 3, 2, 1, 1, 1, 1, 1, 1, 1, 1, 3, 2, 1, 1, 3, 2, 1]"
O29860_ARCFU/4-158,155,enc_dec,0,6.852747253999951,1.0,,1.0,155,
O29860_ARCFU/4-158,155,cnn,1,4.9559693210001114,1.3827259230525404,0.4857142857142857,1.4857142857142858,105,
O29860_ARCFU/4-158,155,cnn,3,4.2250730220000605,1.6219239805602235,0.2734375,1.813953488372093,86,
O29860_ARCFU/4-158,155,cnn,5,3.696846940000114,1.8536735129206456,0.1784841075794621,1.8795180722891567,83,
O29860_ARCFU/4-158,155,cnn,8,3.9287096640000527,1.7442742885262643,0.11213517665130568,1.8795180722891567,83,
O29860_ARCFU/4-158,155,cnn,16,3.8542471190000924,1.777972984715562,0.05757097791798107,1.8795180722891567,83,
O29860_ARCFU/4-158,155,cnn,-1,4.340380293999942,1.5788356756372375,0.3118811881188119,1.6774193548387097,93,"[5, 4, 3, 5, 4, 3, 2, 1, 1, 1, 3, 2, 4, 3, 2, 4, 3, 2, 1, 3, 2, 1, 3, 2, 4, 3, 2, 1, 1, 3, 2, 4, 3, 2, 1, 3, 2, 1, 1, 1, 1, 1, 1, 1, 1, 3, 2, 1, 1, 1, 1, 1, 3, 2, 4, 3, 2, 4, 3, 2, 1, 3, 5, 4, 3, 2, 1, 1, 1, 3, 2, 1, 3, 2, 1, 1, 3, 2, 1, 3, 2, 1, 1, 1, 3, 2, 1, 3, 2, 1, 3, 2, 1]"
O29860_ARCFU/4-158,155,hmm,1,5.350170785000046,1.2808464494652374,0.3247863247863248,1.3247863247863247,117,
O29860_ARCFU/4-158,155,hmm,3,4.832974241999864,1.417915120351296,0.1743421052631579,1.5196078431372548,102,
O29860_ARCFU/4-158,155,hmm,5,4.805012550000129,1.4261663591283997,0.10821643286573147,1.5346534653465347,101,
O29860_ARCFU/4-158,155,hmm,8,5.361321962000147,1.2781823778856582,0.0698856416772554,1.55,100,
O29860_ARCFU/4-158,155,hmm,16,4.673355640999944,1.466344053484808,0.03590078328981723,1.55,100,
O29860_ARCFU/4-158,155,hmm,-1,5.356766390999837,1.2792693863808553,0.22274881516587677,1.4351851851851851,108,"[5, 4, 3, 2, 4, 3, 5, 4, 3, 2, 1, 1, 1, 1, 1, 3, 2, 1, 1, 1, 3, 2, 4, 3, 5, 4, 3, 2, 1, 1, 1, 1, 1, 3, 2, 1, 1, 1, 1, 1, 3, 2, 4, 3, 5, 4, 3, 2, 4, 3, 2, 1, 1, 1, 1, 1, 3, 2, 1, 1, 1, 1, 1, 1, 1, 1, 3, 2, 1, 3, 2, 1, 1, 1, 3, 2, 1, 1, 1, 1, 1, 1, 1, 1, 1, 1, 3, 2, 1, 1, 3, 2, 1, 3, 2, 1, 3, 2, 1, 1, 1, 3, 2, 1, 1, 3, 2, 1]"
Y544_METJA/2-159,158,enc_dec,0,7.234090984999966,1.0,,1.0,158,
Y544_METJA/2-159,158,cnn,1,5.347041513000022,1.352914685141689,0.3620689655172414,1.3620689655172413,116,
Y544_METJA/2-159,158,cnn,3,4.588095632000204,1.5767088494287174,0.19528619528619526,1.58,100,
Y544_METJA/2-159,158,cnn,5,4.940095751000172,1.4643625042157031,0.12164948453608247,1.595959595959596,99,
Y544_METJA/2-159,158,cnn,8,4.68137263699964,1.5452927049269036,0.07936507936507936,1.6122448979591837,98,
Y544_METJA/2-159,158,cnn,16,4.564639879999959,1.5848108887398213,0.041067761806981525,1.6122448979591837,98,
Y544_METJA/2-159,158,cnn,-1,5.134123029999955,1.4090217438751227,0.24752475247524752,1.462962962962963,108,"[5, 4, 3, 2, 4, 3, 2, 1, 1, 1, 1, 3, 2, 1, 1, 3, 2, 1, 1, 3, 5, 4, 3, 2, 1, 3, 2, 4, 3, 2, 1, 1, 3, 2, 1, 1, 1, 3, 2, 1, 3, 2, 1, 1, 1, 1, 1, 3, 2, 1, 1, 1, 1, 1, 3, 2, 1, 1, 3, 2, 1, 3, 2, 1, 1, 1, 1, 1, 3, 2, 1, 1, 1, 1, 1, 3, 2, 1, 1, 1, 1, 3, 2, 1, 3, 2, 1, 1, 1, 1, 1, 3, 2, 4, 3, 2, 1, 3, 2, 4, 3, 2, 1, 1, 1, 1, 1, 1]"
Y544_METJA/2-159,158,hmm,1,5.472304745000201,1.3219459299318865,0.3504273504273504,1.3504273504273505,117,
Y544_METJA/2-159,158,hmm,3,4.993539225999939,1.4486901289037866,0.17973856209150327,1.5339805825242718,103,
Y544_METJA/2-159,158,hmm,5,4.69204633399977,1.541777397332991,0.11515151515151514,1.5643564356435644,101,
Y544_METJA/2-159,158,hmm,8,4.840968744999827,1.494347798149278,0.07279693486590037,1.5643564356435644,101,
Y544_METJA/2-159,158,hmm,16,5.023722796000129,1.4399860977121837,0.0387441549766199,1.58,100,
Y544_METJA/2-159,158,hmm,-1,5.705741712999952,1.2678616293685054,0.2227488151658768,1.4234234234234233,111,"[5, 4, 3, 2, 4, 3, 2, 1, 1, 1, 1, 3, 2, 1, 1, 3, 2, 4, 6, 5, 4, 3, 2, 1, 3, 2, 1, 1, 1, 1, 3, 2, 1, 1, 1, 1, 3, 2, 1, 3, 2, 1, 1, 3, 2, 1, 3, 2, 1, 1, 1, 1, 1, 3, 2, 1, 1, 3, 2, 1, 1, 1, 3, 2, 1, 1, 3, 2, 1, 3, 2, 1, 1, 1, 1, 3, 2, 1, 3, 2, 1, 1, 1, 1, 1, 3, 2, 4, 3, 2, 1, 1, 1, 3, 2, 4, 3, 2, 1, 1, 1, 1, 3, 2, 1, 1, 1, 1, 1, 1, 1]"
O29919_ARCFU/3-160,158,enc_dec,0,7.565849807000177,1.0,,1.0,158,
O29919_ARCFU/3-160,158,cnn,1,5.660958065000159,1.3364963527600278,0.4766355140186916,1.4766355140186915,107,
O29919_ARCFU/3-160,158,cnn,3,4.142971211000258,1.8261893268559586,0.27906976744186046,1.8372093023255813,86,
O29919_ARCFU/3-160,158,cnn,5,4.163743084000089,1.8170789249877781,0.18203883495145629,1.9036144578313252,83,
O29919_ARCFU/3-160,158,cnn,8,3.725544341999921,2.0308038537366406,0.12106918238993711,1.9506172839506173,81,
O29919_ARCFU/3-160,158,cnn,16,3.7689479860000574,2.0074168800163594,0.062146892655367235,1.9506172839506173,81,
O29919_ARCFU/3-160,158,cnn,-1,4.099466327999835,1.84556944774117,0.29333333333333333,1.7173913043478262,92,"[5, 4, 3, 5, 4, 3, 2, 1, 3, 2, 4, 3, 2, 4, 3, 5, 4, 3, 2, 1, 1, 3, 2, 4, 3, 2, 4, 3, 5, 4, 3, 5, 4, 3, 2, 1, 1, 1, 1, 1, 1, 3, 2, 1, 1, 1, 3, 2, 4, 6, 5, 4, 3, 2, 1, 1, 1, 1, 3, 2, 1, 3, 2, 1, 3, 2, 1, 3, 2, 1, 1, 3, 2, 1, 3, 2, 1, 3, 2, 1, 1, 1, 3, 2, 1, 3, 2, 4, 3, 2, 1, 1]"
O29919_ARCFU/3-160,158,hmm,1,5.46437428299987,1.3845775225423658,0.3504273504273504,1.3504273504273505,117,
O29919_ARCFU/3-160,158,hmm,3,5.08981145000007,1.4864695640150034,0.17857142857142858,1.5339805825242718,103,
O29919_ARCFU/3-160,158,hmm,5,4.950638812000307,1.5282572803858405,0.11045364891518739,1.5490196078431373,102,
O29919_ARCFU/3-160,158,hmm,8,4.654921395000201,1.6253442679239591,0.06930693069306931,1.5490196078431373,102,
O29919_ARCFU/3-160,158,hmm,16,5.199586737000118,1.4550867577920752,0.035375868603916616,1.5490196078431373,102,
O29919_ARCFU/3-160,158,hmm,-1,5.463833461999911,1.3847145707531998,0.22058823529411767,1.3982300884955752,113,"[5, 4, 3, 2, 1, 3, 2, 1, 1, 1, 1, 1, 1, 1, 1, 3, 2, 1, 1, 1, 1, 3, 5, 4, 3, 2, 1, 3, 2, 1, 1, 1, 3, 2, 1, 1, 3, 2, 1, 3, 2, 1, 3, 2, 1, 3, 2, 4, 3, 2, 1, 3, 2, 1, 1, 1, 3, 2, 1, 1, 3, 2, 1, 1, 1, 1, 1, 1, 3, 2, 1, 3, 2, 1, 1, 1, 1, 1, 3, 2, 1, 1, 1, 1, 3, 2, 1, 1, 1, 1, 1, 1, 1, 3, 2, 1, 3, 2, 1, 1, 3, 2, 1, 1, 1, 3, 2, 1, 1, 3, 2, 3, 2]"
O26431_METTH/2-160,159,enc_dec,0,7.701671480000186,1.0,,1.0,159,
O26431_METTH/2-160,159,cnn,1,5.670305181999993,1.3582463787749257,0.44144144144144143,1.4414414414414414,111,
O26431_METTH/2-160,159,cnn,3,4.453315145999568,1.7294243114410242,0.2245614035087719,1.6666666666666667,96,
O26431_METTH/2-160,159,cnn,5,4.21913554899993,1.8254145643236632,0.1504424778761062,1.7391304347826086,92,
O26431_METTH/2-160,159,cnn,8,4.294374228999914,1.7934327725773853,0.09457579972183588,1.7391304347826086,92,
O26431_METTH/2-160,159,cnn,16,4.452630750000026,1.7296901343099564,0.04798870853916725,1.7391304347826086,92,
O26431_METTH/2-160,159,cnn,-1,5.266570186000081,1.462369475388981,0.2688679245283019,1.5533980582524272,103,"[5, 4, 6, 5, 4, 3, 2, 1, 1, 1, 3, 2, 1, 1, 3, 5, 4, 3, 2, 4, 3, 2, 1, 3, 2, 1, 1, 3, 2, 1, 3, 2, 1, 3, 2, 1, 3, 2, 1, 3, 2, 1, 3, 2, 1, 1, 3, 2, 1, 3, 2, 1, 1, 3, 2, 1, 1, 1, 3, 2, 1, 1, 1, 1, 3, 2, 1, 1, 1, 1, 3, 2, 1, 1, 3, 2, 1, 1, 1, 3, 2, 1, 1, 1, 1, 1, 1, 3, 2, 1, 3, 2, 4, 3, 2, 1, 3, 2, 1, 3, 4, 2, 1]"
O26431_METTH/2-160,159,hmm,1,5.871531015000073,1.3116973171604869,0.30327868852459017,1.3032786885245902,122,
O26431_METTH/2-160,159,hmm,3,4.886773989000176,1.576023670694853,0.16825396825396824,1.5,106,
O26431_METTH/2-160,159,hmm,5,5.159131048999825,1.492823385731454,0.1076320939334638,1.5288461538461537,104,
O26431_METTH/2-160,159,hmm,8,4.580411206000008,1.6814366950092936,0.07098381070983811,1.5588235294117647,102,
O26431_METTH/2-160,159,hmm,16,4.7025075889996515,1.6377797024754057,0.03603034134007586,1.5588235294117647,102,
O26431_METTH/2-160,159,hmm,-1,5.261536773999978,1.463768440820978,0.19213973799126638,1.382608695652174,115,"[5, 4, 3, 5, 4, 6, 5, 4, 3, 2, 1, 3, 2, 1, 1, 1, 1, 1, 1, 1, 3, 2, 4, 3, 2, 4, 3, 5, 4, 3, 2, 1, 1, 1, 3, 2, 1, 1, 1, 1, 3, 2, 1, 3, 2, 1, 3, 2, 1, 3, 2, 1, 1, 1, 3, 2, 1, 1, 1, 1, 1, 1, 1, 1, 3, 5, 4, 3, 2, 1, 1, 3, 2, 4, 3, 2, 1, 1, 1, 3, 2, 1, 1, 1, 1, 1, 3, 2, 1, 1, 1, 1, 1, 1, 1, 1, 1, 3, 2, 1, 1, 1, 1, 1, 1, 1, 1, 3, 2, 1, 1, 3, 3, 2, 1]"
O30196_ARCFU/4-162,159,enc_dec,0,7.742487944000004,1.0,,1.0,159,
O30196_ARCFU/4-162,159,cnn,1,5.426100274999953,1.4268973206544862,0.44545454545454544,1.4454545454545455,110,
O30196_ARCFU/4-162,159,cnn,3,4.318492267000238,1.7928683126664906,0.23214285714285718,1.6914893617021276,94,
O30196_ARCFU/4-162,159,cnn,5,4.081066088999705,1.897172889424522,0.1511111111111111,1.7472527472527473,91,
O30196_ARCFU/4-162,159,cnn,8,4.103558999000143,1.8867738823510296,0.09773371104815864,1.7666666666666666,90,
O30196_ARCFU/4-162,159,cnn,16,4.236724608000259,1.827470194635679,0.050254916241806266,1.7666666666666666,90,
O30196_ARCFU/4-162,159,cnn,-1,4.830781333000232,1.6027403043704758,0.25700934579439255,1.5288461538461537,104,"[5, 4, 6, 5, 4, 3, 2, 1, 1, 3, 2, 1, 1, 3, 2, 1, 3, 5, 4, 3, 2, 1, 1, 3, 2, 1, 3, 2, 1, 1, 1, 1, 1, 1, 1, 3, 2, 1, 1, 1, 3, 2, 4, 3, 2, 1, 1, 1, 3, 2, 1, 3, 2, 1, 1, 1, 1, 3, 2, 1, 3, 5, 4, 3, 2, 1, 1, 1, 3, 2, 1, 1, 1, 3, 2, 1, 1, 1, 3, 2, 1, 3, 2, 1, 3, 2, 4, 3, 2, 1, 1, 3, 2, 1, 3, 2, 1, 1, 1, 3, 2, 1, 2, 1]"
O30196_ARCFU/4-162,159,hmm,1,5.690763702999902,1.3605358345697134,0.3140495867768595,1.3140495867768596,121,
O30196_ARCFU/4-162,159,hmm,3,5.178045910000037,1.4952528576557076,0.16825396825396824,1.5,106,
O30196_ARCFU/4-162,159,hmm,5,4.809447634999742,1.6098497232105573,0.10424710424710423,1.5142857142857142,105,
O30196_ARCFU/4-162,159,hmm,8,4.687894787999994,1.6515916619586075,0.06740196078431374,1.5288461538461537,104,
O30196_ARCFU/4-162,159,hmm,16,4.8749124330001905,1.5882311837209777,0.034482758620689655,1.5288461538461537,104,
O30196_ARCFU/4-162,159,hmm,-1,5.139784783999858,1.5063836851889902,0.20361990950226244,1.394736842105263,114,"[5, 4, 3, 2, 4, 6, 5, 4, 3, 2, 1, 1, 3, 2, 1, 1, 1, 1, 1, 1, 1, 3, 5, 4, 3, 2, 1, 3, 2, 1, 1, 1, 1, 1, 3, 2, 1, 1, 1, 3, 2, 1, 3, 2, 1, 3, 2, 1, 3, 2, 1, 1, 1, 3, 2, 1, 1, 1, 3, 2, 1, 1, 3, 2, 1, 1, 1, 3, 2, 4, 3, 5, 4, 3, 2, 1, 3, 2, 1, 1, 1, 1, 1, 3, 2, 1, 1, 1, 1, 1, 1, 1, 3, 2, 1, 1, 1, 1, 1, 3, 2, 1, 1, 1, 1, 3, 2, 1, 1, 1, 3, 2, 2, 1]"
O27445_METTH/26-185,160,enc_dec,0,7.700295674999779,1.0,,1.0,160,
O27445_METTH/26-185,160,cnn,1,5.39850487800004,1.4263756075094025,0.391304347826087,1.391304347826087,115,
O27445_METTH/26-185,160,cnn,3,4.754278856000383,1.619655873841145,0.23049645390070925,1.6842105263157894,95,
O27445_METTH/26-185,160,cnn,5,4.383932577999985,1.7564813185408905,0.1511111111111111,1.7391304347826086,92,
O27445_METTH/26-185,160,cnn,8,4.391450370999792,1.753474370529359,0.10086455331412103,1.7777777777777777,90,
O27445_METTH/26-185,160,cnn,16,4.242039570000088,1.8152342871708806,0.053143712574850295,1.797752808988764,89,
O27445_METTH/26-185,160,cnn,-1,4.708847085999878,1.635282593459859,0.2651162790697674,1.5533980582524272,103,"[5, 4, 3, 5, 4, 3, 2, 1, 1, 1, 1, 3, 2, 1, 1, 1, 1, 3, 2, 4, 6, 5, 4, 3, 2, 4, 3, 2, 1, 1, 1, 3, 2, 1, 3, 2, 1, 3, 2, 1, 3, 2, 1, 1, 3, 5, 4, 3, 2, 1, 1, 3, 2, 1, 1, 1, 1, 1, 3, 5, 4, 3, 2, 1, 3, 2, 1, 1, 1, 1, 1, 1, 1, 1, 1, 1, 1, 1, 1, 3, 2, 1, 3, 2, 1, 1, 1, 3, 2, 1, 3, 2, 1, 1, 3, 2, 4, 3, 2, 1, 1, 1, 1]"
O27445_METTH/26-185,160,hmm,1,6.138429756000278,1.2544406275029516,0.3008130081300813,1.3008130081300813,123,
O27445_METTH/26-185,160,hmm,3,5.61070130600001,1.37243015712941,0.1484848484848485,1.4414414414414414,111,
O27445_METTH/26-185,160,hmm,5,5.239970927999821,1.4695302284700087,0.0981132075471698,1.4814814814814814,108,
O27445_METTH/26-185,160,hmm,8,4.988858336999783,1.5434985631663796,0.06197854588796186,1.4814814814814814,108,
O27445_METTH/26-185,160,hmm,16,4.9298512010000195,1.5619732444333767,0.03277674706246135,1.4953271028037383,107,
O27445_METTH/26-185,160,hmm,-1,5.424345540999639,1.419580595815198,0.20930232558139536,1.391304347826087,115,"[5, 4, 3, 2, 4, 3, 2, 1, 1, 1, 1, 1, 1, 1, 1, 3, 2, 1, 1, 1, 1, 3, 5, 7, 6, 5, 4, 3, 2, 1, 1, 3, 2, 1, 1, 1, 3, 2, 1, 3, 2, 1, 1, 3, 2, 4, 3, 2, 1, 1, 3, 2, 1, 1, 1, 1, 1, 1, 3, 2, 1, 3, 2, 1, 1, 1, 1, 1, 1, 3, 2, 1, 3, 2, 1, 1, 1, 1, 3, 2, 1, 3, 2, 1, 1, 1, 1, 1, 1, 3, 2, 1, 1, 1, 1, 1, 1, 1, 1, 3, 2, 1, 3, 2, 1, 1, 1, 1, 3, 2, 1, 3, 2, 1, 1]"
O06376_MYCTU/15-175,161,enc_dec,0,7.137902563999887,1.0,,1.0,161,
O06376_MYCTU/15-175,161,cnn,1,5.292389278999963,1.3487107972807035,0.4,1.4,115,
O06376_MYCTU/15-175,161,cnn,3,4.3542945240001245,1.639278768272792,0.2206896551724138,1.6597938144329898,97,
O06376_MYCTU/15-175,161,cnn,5,4.269530840000243,1.6718236339052843,0.145021645021645,1.7127659574468086,94,
O06376_MYCTU/15-175,161,cnn,8,4.192079581000144,1.7027116079454128,0.09418282548476455,1.7311827956989247,93,
O06376_MYCTU/15-175,161,cnn,16,4.329181185999914,1.64878813274969,0.0485021398002853,1.7311827956989247,93,
O06376_MYCTU/15-175,161,cnn,-1,4.840501332999793,1.4746205140648792,0.2398190045248869,1.4907407407407407,108,"[5, 4, 3, 5, 4, 3, 2, 1, 1, 1, 3, 2, 1, 1, 1, 1, 1, 3, 2, 1, 3, 5, 4, 3, 2, 4, 3, 5, 4, 3, 2, 1, 1, 3, 2, 1, 3, 2, 1, 1, 1, 1, 3, 2, 1, 1, 3, 2, 1, 1, 1, 3, 5, 4, 3, 2, 1, 1, 1, 3, 2, 1, 3, 2, 1, 3, 2, 1, 3, 2, 1, 1, 1, 1, 1, 3, 2, 4, 3, 2, 1, 1, 3, 2, 1, 1, 1, 1, 1, 1, 3, 2, 1, 1, 3, 2, 1, 1, 1, 3, 2, 1, 3, 2, 1, 1, 2, 1]"
O06376_MYCTU/15-175,161,hmm,1,5.825164434999806,1.225356407299449,0.2578125,1.2578125,128,
O06376_MYCTU/15-175,161,hmm,3,5.542232900999807,1.2879109722567281,0.12250712250712249,1.3644067796610169,118,
O06376_MYCTU/15-175,161,hmm,5,5.778444092999962,1.235263757703701,0.08141592920353984,1.4,115,
O06376_MYCTU/15-175,161,hmm,8,6.010531853999964,1.1875658822521116,0.0515695067264574,1.4,115,
O06376_MYCTU/15-175,161,hmm,16,5.7625466100002996,1.2386715539294382,0.027549824150058615,1.412280701754386,114,
O06376_MYCTU/15-175,161,hmm,-1,5.698461379000037,1.252601726898506,0.19704433497536947,1.3305785123966942,121,"[5, 4, 3, 2, 4, 3, 2, 1, 1, 1, 1, 1, 1, 1, 1, 1, 1, 1, 1, 1, 1, 1, 1, 1, 3, 5, 4, 3, 2, 1, 1, 1, 1, 1, 3, 2, 1, 1, 3, 2, 1, 3, 2, 1, 1, 3, 2, 4, 3, 2, 1, 1, 1, 1, 1, 1, 1, 3, 2, 1, 1, 1, 3, 2, 1, 1, 1, 3, 2, 1, 3, 2, 1, 1, 1, 3, 5, 4, 3, 2, 1, 1, 1, 1, 3, 2, 1, 1, 1, 1, 1, 1, 1, 1, 1, 1, 1, 1, 1, 3, 2, 1, 1, 3, 2, 1, 1, 1, 3, 2, 1, 1, 1, 1, 1, 1, 1, 1, 1, 1, 1]"
Y1222_METJA/20-182,163,enc_dec,0,8.638291229999595,1.0,,1.0,163,
Y1222_METJA/20-182,163,cnn,1,5.749518536999858,1.5024373213878044,0.41739130434782606,1.4173913043478261,115,
Y1222_METJA/20-182,163,cnn,3,5.276130986000226,1.6372397222359683,0.21140939597315436,1.63,100,
Y1222_METJA/20-182,163,cnn,5,4.825151553000069,1.7902631938324678,0.1407563025210084,1.6979166666666667,96,
Y1222_METJA/20-182,163,cnn,8,5.069569449000028,1.7039496779560832,0.09274193548387097,1.7340425531914894,94,
Y1222_METJA/20-182,163,cnn,16,4.789362299000004,1.8036412137380438,0.04703476482617587,1.7340425531914894,94,
Y1222_METJA/20-182,163,cnn,-1,5.564389934999781,1.5524237752759027,0.27317073170731704,1.5233644859813085,107,"[5, 4, 3, 5, 4, 3, 2, 1, 1, 1, 3, 2, 1, 1, 1, 3, 2, 1, 3, 5, 4, 3, 2, 1, 3, 2, 4, 3, 2, 1, 1, 1, 1, 3, 2, 4, 3, 2, 1, 1, 1, 1, 3, 2, 1, 1, 1, 1, 1, 1, 1, 3, 2, 1, 3, 2, 1, 1, 1, 1, 3, 2, 1, 3, 5, 4, 3, 2, 1, 1, 1, 1, 1, 1, 1, 1, 1, 1, 1, 3, 2, 1, 1, 1, 1, 1, 1, 1, 1, 1, 1, 3, 2, 1, 1, 3, 2, 1, 1, 3, 2, 1, 3, 2, 4, 2, 1]"
Y1222_METJA/20-182,163,hmm,1,6.277794621999874,1.3760073003547468,0.3225806451612903,1.3225806451612903,124,
Y1222_METJA/20-182,163,hmm,3,5.949805515000207,1.451861108438146,0.17445482866043613,1.5185185185185186,108,
Y1222_METJA/20-182,163,hmm,5,5.521768965000319,1.5644064945044465,0.11132437619961612,1.5471698113207548,106,
Y1222_METJA/20-182,163,hmm,8,5.749843965999844,1.5023522866150467,0.07134220072551391,1.561904761904762,105,
Y1222_METJA/20-182,163,hmm,16,5.859161243000017,1.4743221549534629,0.037267080745341616,1.5769230769230769,104,
Y1222_METJA/20-182,163,hmm,-1,6.739733980999972,1.2816961699603957,0.2252252252252252,1.4385964912280702,114,"[5, 4, 3, 2, 4, 3, 2, 1, 1, 1, 1, 3, 2, 1, 1, 1, 1, 1, 1, 3, 5, 7, 6, 5, 4, 3, 2, 1, 1, 3, 2, 1, 1, 1, 3, 2, 1, 3, 2, 1, 1, 3, 2, 4, 3, 2, 1, 1, 1, 1, 1, 1, 1, 1, 3, 2, 1, 1, 1, 3, 2, 1, 1, 3, 2, 1, 1, 1, 3, 5, 4, 3, 5, 4, 3, 2, 1, 1, 1, 1, 1, 1, 1, 1, 1, 1, 1, 1, 1, 1, 1, 1, 1, 1, 1, 3, 2, 1, 1, 1, 3, 2, 1, 1, 1, 1, 3, 2, 1, 1, 3, 3, 2, 1]"
P72930_SYNY3/68-231,164,enc_dec,0,8.588315033000072,1.0,,1.0,164,
P72930_SYNY3/68-231,164,cnn,1,6.113262509999913,1.4048660627531588,0.3442622950819672,1.3442622950819672,122,
P72930_SYNY3/68-231,164,cnn,3,5.318719078999948,1.614733717918956,0.1841269841269841,1.5471698113207548,106,
P72930_SYNY3/68-231,164,cnn,5,5.0877562559999205,1.6880358650971123,0.1272727272727273,1.6237623762376239,101,
P72930_SYNY3/68-231,164,cnn,8,4.956789148000098,1.7326367486228813,0.0847457627118644,1.6565656565656566,99,
P72930_SYNY3/68-231,164,cnn,16,4.91583085100001,1.7470729350366037,0.044534412955465584,1.6734693877551021,98,
P72930_SYNY3/68-231,164,cnn,-1,5.493389676999868,1.5633908275173463,0.23376623376623376,1.490909090909091,110,"[5, 4, 3, 2, 4, 6, 8, 7, 6, 5, 4, 3, 2, 1, 1, 1, 1, 1, 1, 1, 1, 1, 1, 1, 1, 3, 5, 4, 3, 2, 1, 1, 1, 1, 1, 1, 1, 3, 2, 1, 1, 1, 3, 2, 4, 3, 2, 4, 3, 2, 4, 3, 2, 1, 1, 3, 2, 1, 1, 3, 2, 1, 1, 1, 3, 2, 1, 3, 5, 4, 3, 2, 1, 1, 1, 3, 2, 1, 1, 1, 3, 2, 1, 1, 1, 3, 2, 1, 1, 3, 2, 1, 1, 1, 1, 1, 1, 3, 2, 1, 1, 1, 1, 1, 3, 2, 1, 1, 1, 1]"
P72930_SYNY3/68-231,164,hmm,1,7.583941288999995,1.1324342720660105,0.26153846153846155,1.2615384615384615,130,
P72930_SYNY3/68-231,164,hmm,3,6.133761419000166,1.4001710282367015,0.13505747126436782,1.4017094017094016,117,
P72930_SYNY3/68-231,164,hmm,5,5.968589742999939,1.4389186395450602,0.08376963350785341,1.4137931034482758,116,
P72930_SYNY3/68-231,164,hmm,8,6.263001784000153,1.3712777561297054,0.052631578947368425,1.4137931034482758,116,
P72930_SYNY3/68-231,164,hmm,16,6.821557384999778,1.258996230374796,0.026755852842809364,1.4137931034482758,116,
P72930_SYNY3/68-231,164,hmm,-1,6.339200967000124,1.3547945675974187,0.2167487684729064,1.3666666666666667,120,"[5, 4, 3, 2, 1, 1, 1, 1, 1, 1, 1, 1, 1, 3, 2, 1, 1, 1, 1, 1, 1, 1, 1, 1, 1, 1, 1, 1, 1, 1, 1, 1, 1, 1, 1, 1, 1, 3, 2, 4, 3, 2, 1, 1, 1, 1, 3, 5, 4, 3, 2, 4, 3, 2, 4, 3, 2, 1, 1, 1, 1, 1, 3, 2, 1, 1, 3, 2, 1, 1, 1, 3, 2, 1, 1, 1, 1, 1, 3, 2, 4, 3, 2, 1, 1, 1, 1, 1, 1, 1, 1, 1, 1, 1, 1, 1, 1, 1, 3, 2, 1, 1, 3, 2, 1, 3, 2, 1, 3, 2, 1, 1, 1, 1, 1, 1, 3, 5, 2, 1]"
DPM1_YEAST/6-169,164,enc_dec,0,8.935963957999775,1.0,,1.0,164,
DPM1_YEAST/6-169,164,cnn,1,6.308688781000001,1.4164534451140447,0.3983050847457627,1.3983050847457628,118,
DPM1_YEAST/6-169,164,cnn,3,5.280638790000012,1.6922126873971917,0.2302405498281787,1.683673469387755,98,
DPM1_YEAST/6-169,164,cnn,5,5.1157240039997305,1.7467642802882228,0.14587737843551798,1.71875,96,
DPM1_YEAST/6-169,164,cnn,8,4.79367349200038,1.8641161048853234,0.09212283044058746,1.71875,96,
DPM1_YEAST/6-169,164,cnn,16,5.06358453699977,1.7647506213640571,0.04709897610921502,1.71875,96,
DPM1_YEAST/6-169,164,cnn,-1,5.519943691000208,1.6188505641043212,0.25339366515837103,1.5137614678899083,109,"[5, 7, 6, 5, 4, 3, 2, 1, 1, 1, 1, 1, 1, 1, 3, 2, 1, 1, 1, 1, 3, 2, 1, 3, 2, 1, 3, 2, 1, 1, 3, 2, 1, 3, 5, 4, 3, 2, 1, 1, 3, 2, 1, 1, 1, 3, 2, 1, 3, 2, 1, 3, 2, 4, 3, 2, 1, 1, 1, 3, 2, 1, 1, 1, 3, 2, 4, 3, 2, 1, 1, 3, 2, 1, 3, 2, 1, 1, 3, 2, 1, 1, 3, 2, 1, 1, 3, 2, 1, 3, 2, 1, 1, 3, 2, 1, 1, 1, 1, 3, 2, 1, 3, 2, 1, 1, 3, 2, 1]"
DPM1_YEAST/6-169,164,hmm,1,7.361204630999964,1.2139268510982681,0.26153846153846155,1.2615384615384615,130,
DPM1_YEAST/6-169,164,hmm,3,6.33017256400035,1.4116461862064462,0.13714285714285715,1.4102564102564104,117,
DPM1_YEAST/6-169,164,hmm,5,5.698423380999884,1.568146724196511,0.08994708994708994,1.4473684210526316,114,
DPM1_YEAST/6-169,164,hmm,8,5.914189988000089,1.5109362357534801,0.05666666666666667,1.4473684210526316,114,
DPM1_YEAST/6-169,164,hmm,16,6.414403957000104,1.3931090118276488,0.028993746446844798,1.4473684210526316,114,
DPM1_YEAST/6-169,164,hmm,-1,6.720497902000261,1.3296580236027022,0.19369369369369369,1.3524590163934427,122,"[5, 4, 3, 2, 4, 3, 2, 1, 1, 1, 1, 1, 1, 1, 1, 1, 1, 1, 1, 3, 2, 1, 1, 1, 1, 1, 1, 3, 2, 4, 3, 5, 4, 3, 2, 1, 1, 1, 3, 2, 1, 1, 1, 1, 1, 3, 2, 4, 3, 2, 4, 3, 2, 1, 1, 3, 5, 4, 3, 2, 1, 1, 1, 3, 2, 1, 1, 1, 3, 2, 1, 1, 3, 2, 1, 3, 2, 1, 1, 1, 3, 5, 4, 3, 2, 1, 1, 1, 1, 1, 1, 1, 1, 1, 3, 2, 1, 1, 1, 1, 1, 1, 1, 1, 1, 1, 1, 1, 1, 1, 1, 1, 1, 1, 1, 1, 3, 2, 1, 1, 3, 2]"
Q7AQ50_MYCLE/21-186,166,enc_dec,0,9.0019168609997,1.0,,1.0,166,
Q7AQ50_MYCLE/21-186,166,cnn,1,5.508137249999891,1.6342942182495321,0.5045045045045045,1.5045045045045045,111,
Q7AQ50_MYCLE/21-186,166,cnn,3,4.904002510000282,1.835626479114339,0.29213483146067415,1.8764044943820224,89,
Q7AQ50_MYCLE/21-186,166,cnn,5,4.846067145999768,1.8575716327889547,0.18925233644859812,1.941860465116279,86,
Q7AQ50_MYCLE/21-186,166,cnn,8,4.727655882000363,1.9040973128507006,0.1187683284457478,1.941860465116279,86,
Q7AQ50_MYCLE/21-186,166,cnn,16,4.597702569000376,1.9579163127459287,0.0605833956619297,1.941860465116279,86,
Q7AQ50_MYCLE/21-186,166,cnn,-1,5.572497153999848,1.6154188350797578,0.28959276018099545,1.6213592233009708,103,"[5, 4, 3, 5, 4, 3, 2, 1, 3, 2, 1, 1, 1, 1, 1, 1, 3, 5, 4, 3, 5, 4, 3, 5, 4, 3, 2, 4, 3, 2, 4, 3, 2, 1, 1, 3, 2, 1, 1, 3, 2, 1, 1, 3, 2, 1, 1, 3, 2, 1, 1, 1, 1, 3, 2, 1, 1, 3, 2, 1, 1, 3, 2, 1, 1, 3, 2, 1, 3, 2, 1, 1, 3, 2, 1, 3, 2, 1, 3, 2, 1, 3, 2, 1, 1, 1, 3, 2, 1, 3, 2, 1, 3, 2, 1, 1, 3, 2, 1, 3, 2, 1, 1]"
Q7AQ50_MYCLE/21-186,166,hmm,1,6.557470888999887,1.3727726761395698,0.2868217054263566,1.2868217054263567,129,
Q7AQ50_MYCLE/21-186,166,hmm,3,6.7287671840003895,1.3378255800563865,0.15204678362573099,1.456140350877193,114,
Q7AQ50_MYCLE/21-186,166,hmm,5,6.188419387000067,1.4546391086405537,0.09677419354838711,1.4821428571428572,112,
Q7AQ50_MYCLE/21-186,166,hmm,8,5.959101762000046,1.5106164016870889,0.064,1.509090909090909,110,
Q7AQ50_MYCLE/21-186,166,hmm,16,5.46588992299985,1.6469261159323108,0.03252032520325203,1.509090909090909,110,
Q7AQ50_MYCLE/21-186,166,hmm,-1,6.136451995999778,1.466957920776999,0.22115384615384617,1.3833333333333333,120,"[5, 4, 3, 5, 4, 3, 2, 1, 1, 1, 1, 1, 1, 1, 1, 1, 1, 1, 1, 1, 1, 1, 1, 1, 1, 3, 5, 4, 3, 2, 1, 1, 3, 2, 1, 1, 1, 1, 3, 2, 1, 1, 3, 2, 1, 1, 3, 2, 1, 3, 2, 4, 3, 2, 1, 1, 1, 1, 1, 1, 1, 1, 1, 1, 3, 2, 1, 1, 1, 3, 2, 1, 1, 3, 2, 1, 1, 1, 1, 3, 2, 1, 3, 2, 1, 1, 1, 3, 2, 1, 1, 1, 1, 1, 1, 1, 3, 2, 4, 3, 2, 1, 1, 1, 1, 1, 1, 3, 2, 1, 1, 1, 1, 1, 1, 3, 2, 1, 3, 2]"
A8XI11_CAEBR/7-172,166,enc_dec,0,8.180564060000052,1.0,,1.0,166,
A8XI11_CAEBR/7-172,166,cnn,1,6.999247954000111,1.1687775763573016,0.40336134453781514,1.403361344537815,119,
A8XI11_CAEBR/7-172,166,cnn,3,5.588187270000162,1.4639029912109252,0.2091503267973856,1.6213592233009708,103,
A8XI11_CAEBR/7-172,166,cnn,5,5.579454807000275,1.4661941610739977,0.12648221343873517,1.6213592233009708,103,
A8XI11_CAEBR/7-172,166,cnn,8,5.576514709000094,1.4669671805576356,0.08176100628930817,1.6372549019607843,102,
A8XI11_CAEBR/7-172,166,cnn,16,5.620757830000002,1.4554201243713871,0.041560102301790275,1.6372549019607843,102,
A8XI11_CAEBR/7-172,166,cnn,-1,5.891584372000125,1.388516830698097,0.26666666666666666,1.560747663551402,107,"[5, 4, 3, 5, 4, 3, 2, 1, 3, 2, 1, 1, 1, 3, 2, 1, 3, 2, 4, 3, 2, 4, 3, 2, 1, 1, 1, 3, 2, 1, 1, 3, 2, 1, 1, 1, 1, 1, 1, 3, 2, 1, 1, 3, 2, 1, 1, 1, 3, 2, 1, 3, 2, 4, 3, 5, 4, 3, 2, 1, 1, 1, 3, 2, 1, 1, 1, 1, 3, 5, 4, 3, 2, 1, 1, 1, 1, 3, 2, 1, 3, 2, 1, 1, 1, 1, 1, 1, 1, 3, 2, 1, 1, 3, 2, 1, 3, 2, 1, 3, 2, 4, 3, 5, 3, 2, 1]"
A8XI11_CAEBR/7-172,166,hmm,1,6.37707459000012,1.2828082758868746,0.35772357723577236,1.3577235772357723,123,
A8XI11_CAEBR/7-172,166,hmm,3,5.908119623999937,1.3846307422024768,0.16516516516516516,1.4910714285714286,112,
A8XI11_CAEBR/7-172,166,hmm,5,6.443551565000234,1.2695737711536035,0.09981851179673322,1.4910714285714286,112,
A8XI11_CAEBR/7-172,166,hmm,8,6.089845457000138,1.343312259360651,0.06271379703534777,1.4910714285714286,112,
A8XI11_CAEBR/7-172,166,hmm,16,6.050613258999874,1.3520223008522352,0.03192106790481718,1.4910714285714286,112,
A8XI11_CAEBR/7-172,166,hmm,-1,5.935201745000086,1.3783127198484022,0.21395348837209302,1.3801652892561984,121,"[5, 4, 3, 2, 4, 3, 2, 1, 3, 2, 1, 1, 3, 2, 1, 1, 3, 2, 1, 1, 1, 1, 3, 2, 4, 3, 2, 4, 3, 2, 1, 1, 1, 3, 2, 1, 1, 1, 1, 1, 1, 1, 1, 3, 2, 1, 1, 1, 1, 3, 2, 1, 3, 2, 1, 3, 2, 1, 3, 2, 1, 3, 2, 1, 3, 2, 1, 1, 1, 3, 2, 1, 1, 1, 1, 1, 1, 3, 2, 1, 3, 2, 1, 3, 2, 1, 1, 3, 2, 1, 1, 1, 1, 1, 1, 1, 1, 1, 1, 3, 2, 1, 1, 1, 3, 2, 1, 3, 2, 1, 1, 1, 1, 1, 3, 2, 1, 3, 2, 1, 1]"
P74336_SYNY3/27-194,168,enc_dec,0,8.984201356000085,1.0,,1.0,168,
P74336_SYNY3/27-194,168,cnn,1,6.943734813999981,1.2938572103712989,0.4117647058823529,1.411764705882353,119,
P74336_SYNY3/27-194,168,cnn,3,5.490330560000075,1.6363680215276442,0.21639344262295082,1.6470588235294117,102,
P74336_SYNY3/27-194,168,cnn,5,5.5815931529996305,1.6096123650954106,0.1370967741935484,1.68,100,
P74336_SYNY3/27-194,168,cnn,8,5.862272651000239,1.532545804478605,0.0888030888030888,1.696969696969697,99,
P74336_SYNY3/27-194,168,cnn,16,5.54001987599986,1.621691177484922,0.04560475875743556,1.696969696969697,99,
P74336_SYNY3/27-194,168,cnn,-1,6.629943722999997,1.3550946631466738,0.2478260869565217,1.5135135135135136,111,"[5, 4, 6, 5, 4, 3, 2, 1, 1, 1, 1, 3, 2, 1, 1, 3, 2, 1, 1, 1, 1, 1, 1, 3, 2, 4, 3, 2, 4, 3, 2, 1, 1, 3, 2, 1, 3, 5, 4, 3, 2, 1, 1, 3, 2, 1, 1, 3, 2, 1, 3, 2, 4, 3, 2, 1, 1, 1, 3, 2, 1, 1, 3, 2, 1, 3, 5, 4, 3, 2, 1, 3, 2, 1, 3, 2, 1, 1, 1, 3, 2, 1, 1, 1, 1, 3, 2, 1, 3, 2, 1, 1, 3, 2, 1, 1, 3, 2, 1, 1, 1, 1, 1, 3, 2, 1, 3, 2, 1, 1, 2]"
P74336_SYNY3/27-194,168,hmm,1,6.524612426000203,1.376970886454276,0.3023255813953488,1.302325581395349,129,
P74336_SYNY3/27-194,168,hmm,3,6.0409115530001145,1.4872261044011208,0.16369047619047616,1.4867256637168142,113,
P74336_SYNY3/27-194,168,hmm,5,6.0688326910003525,1.4803837596846288,0.10181818181818182,1.5,112,
P74336_SYNY3/27-194,168,hmm,8,6.648005570999885,1.3514130305773537,0.06627906976744186,1.5135135135135136,111,
P74336_SYNY3/27-194,168,hmm,16,6.021210874000644,1.4920921296401557,0.034420289855072464,1.5135135135135136,111,
P74336_SYNY3/27-194,168,hmm,-1,6.014070569999603,1.4938636405127315,0.20982142857142855,1.3884297520661157,121,"[5, 4, 3, 2, 4, 3, 2, 1, 1, 1, 1, 1, 1, 1, 1, 3, 2, 1, 3, 2, 1, 1, 1, 1, 1, 1, 1, 3, 2, 4, 3, 2, 4, 3, 2, 1, 1, 3, 2, 1, 3, 2, 4, 3, 2, 1, 1, 3, 2, 1, 1, 1, 3, 2, 4, 3, 2, 1, 1, 1, 1, 3, 2, 1, 1, 1, 3, 2, 1, 1, 3, 2, 1, 1, 1, 3, 5, 4, 3, 2, 1, 1, 1, 3, 2, 1, 1, 1, 1, 1, 1, 1, 3, 2, 4, 3, 2, 1, 3, 2, 1, 3, 2, 1, 1, 3, 2, 1, 1, 1, 1, 1, 1, 1, 1, 1, 1, 1, 1, 1, 1]"
Q38BE0_TRYB2/6-173,168,enc_dec,0,9.067012430999966,1.0,,1.0,168,
Q38BE0_TRYB2/6-173,168,cnn,1,7.2521704990003855,1.250248106032495,0.38524590163934425,1.3852459016393444,122,
Q38BE0_TRYB2/6-173,168,cnn,3,6.156958830999429,1.4726446415962413,0.2315436241610738,1.69,100,
Q38BE0_TRYB2/6-173,168,cnn,5,6.021023113999945,1.5058923142011458,0.14609053497942387,1.7244897959183674,98,
Q38BE0_TRYB2/6-173,168,cnn,8,5.412602078999953,1.675167008152798,0.09208819714656291,1.7244897959183674,98,
Q38BE0_TRYB2/6-173,168,cnn,16,4.738589995999973,1.9134410106495354,0.04717607973421927,1.7244897959183674,98,
Q38BE0_TRYB2/6-173,168,cnn,-1,6.4195470160002515,1.4124068892090207,0.252212389380531,1.5089285714285714,112,"[5, 4, 3, 2, 4, 3, 2, 1, 1, 3, 2, 1, 1, 3, 2, 1, 3, 2, 4, 3, 2, 1, 3, 2, 4, 3, 2, 4, 3, 2, 1, 3, 2, 1, 3, 2, 4, 3, 2, 1, 1, 1, 3, 2, 1, 1, 3, 2, 1, 3, 2, 1, 3, 2, 1, 1, 1, 1, 3, 2, 1, 3, 2, 4, 3, 2, 1, 1, 1, 1, 1, 3, 2, 1, 1, 1, 1, 1, 1, 1, 3, 2, 1, 1, 3, 2, 1, 1, 1, 3, 2, 1, 1, 3, 2, 1, 1, 3, 2, 4, 3, 2, 1, 3, 2, 1, 3, 2, 1, 1, 3, 1]"
Q38BE0_TRYB2/6-173,168,hmm,1,6.981199296000341,1.2987757613787974,0.33070866141732286,1.330708661417323,127,
Q38BE0_TRYB2/6-173,168,hmm,3,6.232319380999797,1.4548375775866325,0.16176470588235295,1.4824561403508771,114,
Q38BE0_TRYB2/6-173,168,hmm,5,5.6985951769993335,1.5910960770816354,0.10251798561151078,1.5089285714285714,112,
Q38BE0_TRYB2/6-173,168,hmm,8,6.7672777660000065,1.3398315754902557,0.06628571428571428,1.5225225225225225,111,
Q38BE0_TRYB2/6-173,168,hmm,16,6.394299026000226,1.417983799964948,0.03391812865497076,1.5225225225225225,111,
Q38BE0_TRYB2/6-173,168,hmm,-1,6.309976820000884,1.4369327637242726,0.2274881516587678,1.396694214876033,121,"[5, 4, 3, 2, 4, 3, 2, 1, 3, 2, 1, 1, 1, 1, 1, 1, 1, 1, 3, 2, 1, 1, 1, 1, 1, 3, 2, 4, 3, 5, 4, 3, 2, 1, 1, 3, 2, 1, 1, 1, 1, 3, 2, 1, 3, 2, 1, 3, 2, 1, 3, 2, 1, 3, 2, 1, 3, 2, 1, 1, 1, 1, 1, 3, 2, 1, 1, 1, 3, 2, 1, 1, 1, 3, 2, 1, 3, 2, 4, 3, 2, 1, 1, 1, 3, 2, 1, 1, 1, 1, 1, 1, 1, 3, 2, 1, 1, 1, 1, 1, 1, 1, 1, 1, 1, 1, 1, 1, 1, 1, 1, 1, 1, 1, 1, 3, 2, 1, 1, 3, 1]"
DPM1_MYCMD/31-198,168,enc_dec,0,8.946503445999952,1.0,,1.0,168,
DPM1_MYCMD/31-198,168,cnn,1,6.450119453000298,1.387029110265307,0.4083333333333333,1.4083333333333334,120,
DPM1_MYCMD/31-198,168,cnn,3,5.002323126999727,1.788469720740701,0.23809523809523808,1.707070707070707,99,
DPM1_MYCMD/31-198,168,cnn,5,5.1355119560003,1.7420859931105626,0.1434426229508197,1.707070707070707,99,
DPM1_MYCMD/31-198,168,cnn,8,5.066368003000207,1.7658613509129226,0.09281045751633987,1.7244897959183674,98,
DPM1_MYCMD/31-198,168,cnn,16,4.840917218999493,1.8481008951954334,0.04761904761904762,1.7244897959183674,98,
DPM1_MYCMD/31-198,168,cnn,-1,5.465212530999452,1.636990948705861,0.2672811059907834,1.5225225225225225,111,"[5, 4, 3, 2, 1, 1, 3, 2, 1, 1, 1, 1, 1, 1, 3, 2, 4, 3, 2, 1, 1, 1, 3, 2, 1, 3, 2, 1, 3, 2, 1, 1, 3, 2, 1, 3, 5, 4, 3, 2, 4, 3, 2, 1, 1, 1, 3, 2, 1, 3, 2, 4, 3, 2, 1, 1, 1, 3, 2, 1, 1, 1, 3, 2, 4, 3, 2, 1, 1, 3, 2, 1, 3, 2, 1, 1, 1, 1, 3, 2, 1, 3, 2, 1, 1, 1, 3, 2, 1, 3, 2, 1, 1, 3, 2, 1, 1, 1, 1, 1, 1, 3, 2, 1, 3, 2, 1, 1, 3, 2, 1]"
DPM1_MYCMD/31-198,168,hmm,1,7.75920710399987,1.1530177408704596,0.2518518518518518,1.2518518518518518,135,
DPM1_MYCMD/31-198,168,hmm,3,6.132990750999852,1.4587505198082056,0.13333333333333333,1.396694214876033,121,
DPM1_MYCMD/31-198,168,hmm,5,6.167165677000412,1.4506669537620327,0.08547008547008547,1.4201680672268908,119,
DPM1_MYCMD/31-198,168,hmm,8,6.918976934999591,1.2930384838752869,0.05567685589519651,1.4322033898305084,118,
DPM1_MYCMD/31-198,168,hmm,16,6.205379560000438,1.441733476493309,0.02860347728547392,1.4322033898305084,118,
DPM1_MYCMD/31-198,168,hmm,-1,6.175845703999585,1.448628070517701,0.18181818181818182,1.310077519379845,129,"[5, 4, 3, 2, 4, 3, 2, 1, 1, 1, 1, 1, 1, 1, 1, 1, 1, 1, 1, 3, 2, 1, 1, 1, 1, 1, 1, 1, 1, 1, 3, 2, 4, 3, 5, 4, 3, 2, 1, 1, 1, 3, 2, 1, 1, 1, 1, 3, 2, 1, 3, 2, 1, 1, 3, 2, 1, 3, 2, 1, 3, 2, 4, 3, 2, 1, 1, 1, 1, 3, 2, 1, 1, 1, 3, 2, 1, 1, 3, 2, 1, 1, 1, 3, 5, 4, 3, 2, 1, 1, 3, 2, 1, 1, 1, 1, 1, 1, 1, 3, 2, 1, 1, 1, 1, 1, 1, 1, 1, 1, 1, 1, 1, 1, 1, 1, 1, 1, 1, 1, 1, 3, 2, 1, 1, 1, 1, 1, 1]"
O29674_ARCFU/57-225,169,enc_dec,0,8.086079921999954,1.0,,1.0,169,
O29674_ARCFU/57-225,169,cnn,1,6.501195204000396,1.2437835918269808,0.4322033898305085,1.4322033898305084,118,
O29674_ARCFU/57-225,169,cnn,3,6.044560989000274,1.3377447819146469,0.2251655629139073,1.6732673267326732,101,
O29674_ARCFU/57-225,169,cnn,5,5.005241643999398,1.6155223857561525,0.1463917525773196,1.7244897959183674,98,
O29674_ARCFU/57-225,169,cnn,8,5.095245045000411,1.5869854836391488,0.09448818897637797,1.7422680412371134,97,
O29674_ARCFU/57-225,169,cnn,16,4.694081423000171,1.7226117728549806,0.049592391304347824,1.7604166666666667,96,
O29674_ARCFU/57-225,169,cnn,-1,5.218787223000618,1.5494174367489817,0.26293103448275856,1.5648148148148149,108,"[5, 4, 6, 5, 4, 3, 2, 4, 3, 2, 1, 1, 3, 5, 4, 3, 2, 4, 3, 5, 4, 3, 2, 1, 1, 3, 2, 1, 3, 2, 1, 1, 3, 2, 1, 1, 3, 2, 1, 3, 2, 4, 3, 2, 1, 3, 2, 1, 3, 2, 4, 3, 2, 1, 1, 3, 2, 1, 3, 2, 1, 1, 3, 2, 1, 3, 2, 1, 1, 3, 2, 1, 3, 2, 1, 1, 1, 3, 2, 1, 1, 1, 1, 3, 2, 1, 1, 1, 1, 1, 1, 1, 1, 1, 3, 2, 1, 3, 2, 1, 3, 2, 1, 1, 3, 2, 1, 1]"
O29674_ARCFU/57-225,169,hmm,1,6.254417278999426,1.2928590404658056,0.37398373983739835,1.3739837398373984,123,
O29674_ARCFU/57-225,169,hmm,3,5.505041852999966,1.4688498539922006,0.20382165605095542,1.6095238095238096,105,
O29674_ARCFU/57-225,169,hmm,5,5.289283283000259,1.5287666569095648,0.12941176470588237,1.6407766990291262,103,
O29674_ARCFU/57-225,169,hmm,8,5.002627773000313,1.6163664955528658,0.08188585607940448,1.6407766990291262,103,
O29674_ARCFU/57-225,169,hmm,16,5.295568664999337,1.5269521431086885,0.04512753433616743,1.69,100,
O29674_ARCFU/57-225,169,hmm,-1,5.896976777999953,1.3712246505984151,0.23478260869565218,1.4695652173913043,115,"[5, 4, 3, 2, 4, 3, 2, 1, 3, 2, 1, 1, 1, 1, 3, 2, 1, 3, 2, 1, 1, 1, 1, 3, 2, 1, 3, 5, 4, 3, 2, 1, 3, 2, 4, 3, 2, 1, 3, 2, 1, 1, 3, 2, 1, 3, 2, 1, 3, 2, 1, 1, 3, 2, 1, 1, 1, 1, 1, 3, 2, 1, 1, 1, 3, 2, 1, 1, 3, 2, 1, 1, 3, 2, 4, 3, 2, 4, 3, 2, 1, 1, 1, 3, 2, 1, 1, 1, 1, 1, 1, 1, 3, 2, 1, 1, 1, 1, 1, 1, 1, 3, 2, 1, 1, 1, 1, 3, 2, 4, 3, 5, 4, 3, 2]"
PPMNT_MYCTU/613-781,169,enc_dec,0,8.44031585599987,1.0,,1.0,169,
PPMNT_MYCTU/613-781,169,cnn,1,6.827235515000211,1.2362713776982701,0.4444444444444444,1.4444444444444444,117,
PPMNT_MYCTU/613-781,169,cnn,3,5.3515793070000655,1.5771635571128735,0.2669039145907473,1.797872340425532,94,
PPMNT_MYCTU/613-781,169,cnn,5,4.560628378000729,1.850691430311168,0.16849015317286653,1.8369565217391304,92,
PPMNT_MYCTU/613-781,169,cnn,8,4.598671143000502,1.8353814816366287,0.10368349249658937,1.8172043010752688,93,
PPMNT_MYCTU/613-781,169,cnn,16,5.116260679999868,1.6497040287634614,0.053184044786564036,1.8172043010752688,93,
PPMNT_MYCTU/613-781,169,cnn,-1,5.676956918000542,1.4867676429315937,0.2857142857142857,1.5794392523364487,107,"[5, 4, 3, 2, 1, 1, 1, 1, 1, 1, 3, 2, 1, 1, 3, 2, 1, 3, 2, 1, 1, 3, 2, 1, 3, 2, 1, 3, 2, 1, 3, 2, 1, 3, 2, 4, 3, 2, 1, 1, 3, 2, 1, 1, 3, 2, 1, 1, 3, 2, 1, 1, 3, 2, 1, 1, 1, 3, 2, 1, 1, 3, 2, 1, 3, 2, 4, 3, 2, 4, 3, 2, 1, 3, 2, 1, 1, 1, 1, 3, 2, 4, 3, 5, 4, 3, 2, 1, 1, 1, 3, 2, 1, 3, 2, 1, 3, 2, 1, 1, 3, 2, 1, 1, 3, 2, 2]"
PPMNT_MYCTU/613-781,169,hmm,1,6.3691395280002325,1.3251893476181924,0.3,1.3,130,
PPMNT_MYCTU/613-781,169,hmm,3,6.4423607570006425,1.3101277892313208,0.1569767441860465,1.4695652173913043,115,
PPMNT_MYCTU/613-781,169,hmm,5,6.480392439000752,1.3024390012561229,0.099644128113879,1.4955752212389382,113,
PPMNT_MYCTU/613-781,169,hmm,8,5.975501337999958,1.4124866481621277,0.06440677966101695,1.5089285714285714,112,
PPMNT_MYCTU/613-781,169,hmm,16,5.588008780999189,1.5104335348754876,0.0335842501447597,1.5225225225225225,111,
PPMNT_MYCTU/613-781,169,hmm,-1,6.017653197999607,1.402592601847778,0.2117117117117117,1.3852459016393444,122,"[5, 4, 3, 2, 4, 3, 2, 1, 1, 1, 1, 1, 1, 1, 1, 1, 3, 2, 1, 1, 1, 1, 1, 1, 1, 3, 2, 1, 3, 2, 1, 3, 2, 4, 3, 2, 1, 1, 3, 2, 1, 1, 3, 2, 1, 1, 3, 2, 1, 3, 2, 4, 3, 2, 1, 1, 1, 1, 1, 1, 1, 1, 1, 1, 3, 2, 1, 1, 1, 3, 2, 1, 1, 3, 2, 1, 3, 2, 4, 3, 2, 4, 3, 2, 1, 1, 3, 2, 1, 1, 1, 1, 1, 1, 1, 3, 2, 4, 3, 2, 1, 1, 1, 1, 1, 1, 3, 2, 1, 1, 1, 1, 1, 1, 3, 2, 1, 3, 2, 1, 3, 2]"
YAIP_ECOLI/33-202,170,enc_dec,0,7.964491529000043,1.0,,1.0,170,
YAIP_ECOLI/33-202,170,cnn,1,6.381076944000597,1.248142217825496,0.4782608695652174,1.4782608695652173,115,
YAIP_ECOLI/33-202,170,cnn,3,4.486400832000072,1.775251883913683,0.27697841726618705,1.8279569892473118,93,
YAIP_ECOLI/33-202,170,cnn,5,4.610068219999448,1.7276298633604594,0.17937219730941703,1.8888888888888888,90,
YAIP_ECOLI/33-202,170,cnn,8,4.7189350029993875,1.6877730937039304,0.11866859623733718,1.9318181818181819,88,
YAIP_ECOLI/33-202,170,cnn,16,4.745835890000308,1.678206266209413,0.06170052671181339,1.9318181818181819,88,
YAIP_ECOLI/33-202,170,cnn,-1,4.675634604000152,1.703403324585324,0.28076923076923077,1.7525773195876289,97,"[5, 4, 3, 2, 4, 3, 2, 1, 3, 2, 1, 1, 1, 3, 2, 4, 6, 8, 7, 6, 5, 4, 3, 2, 4, 3, 2, 4, 3, 2, 4, 3, 2, 1, 3, 2, 4, 3, 2, 4, 3, 2, 1, 1, 3, 5, 4, 6, 5, 4, 3, 2, 1, 1, 1, 1, 3, 2, 4, 3, 2, 1, 3, 2, 4, 3, 2, 1, 3, 2, 1, 3, 2, 1, 3, 2, 1, 3, 2, 4, 3, 2, 4, 3, 2, 1, 1, 3, 2, 1, 1, 1, 1, 1, 1, 3, 2]"
YAIP_ECOLI/33-202,170,hmm,1,7.117758448999666,1.118960637125776,0.3492063492063492,1.3492063492063493,126,
YAIP_ECOLI/33-202,170,hmm,3,5.803522909000094,1.3723546290562103,0.182370820668693,1.5454545454545454,110,
YAIP_ECOLI/33-202,170,hmm,5,5.306190947999312,1.500980949809776,0.11864406779661014,1.588785046728972,107,
YAIP_ECOLI/33-202,170,hmm,8,5.1838395080003465,1.5364078144603528,0.07464454976303317,1.588785046728972,107,
YAIP_ECOLI/33-202,170,hmm,16,5.215067879000344,1.5272076440406228,0.03914373088685015,1.6037735849056605,106,
YAIP_ECOLI/33-202,170,hmm,-1,5.76736422400063,1.380958652802985,0.23430962343096232,1.4912280701754386,114,"[5, 4, 6, 5, 4, 3, 2, 1, 3, 2, 1, 1, 1, 3, 2, 1, 1, 1, 3, 5, 7, 6, 5, 4, 3, 2, 4, 3, 2, 1, 3, 2, 1, 1, 1, 1, 3, 2, 1, 3, 2, 4, 3, 2, 4, 3, 2, 1, 1, 3, 5, 4, 3, 2, 4, 3, 2, 1, 1, 1, 1, 1, 1, 1, 3, 2, 4, 3, 2, 1, 1, 1, 1, 1, 3, 2, 1, 1, 1, 1, 1, 1, 3, 2, 1, 1, 1, 1, 1, 1, 1, 1, 1, 1, 1, 1, 3, 2, 1, 1, 1, 1, 1, 1, 1, 3, 2, 1, 1, 1, 3, 2, 1, 2]"
A4ICW5_LEIIN/4-173,170,enc_dec,0,8.191052750999916,1.0,,1.0,170,
A4ICW5_LEIIN/4-173,170,cnn,1,6.873152812999251,1.1917460551012498,0.4049586776859504,1.4049586776859504,121,
A4ICW5_LEIIN/4-173,170,cnn,3,5.297387890000209,1.5462437188075333,0.21359223300970873,1.6346153846153846,104,
A4ICW5_LEIIN/4-173,170,cnn,5,5.385952925999845,1.5208177389480866,0.12915851272015655,1.6346153846153846,104,
A4ICW5_LEIIN/4-173,170,cnn,8,5.263753234999967,1.5561240022681204,0.08354114713216958,1.6504854368932038,103,
A4ICW5_LEIIN/4-173,170,cnn,16,5.327577068999744,1.5374817942404333,0.04289372599231755,1.6504854368932038,103,
A4ICW5_LEIIN/4-173,170,cnn,-1,5.88264379300017,1.3924101202161092,0.24553571428571427,1.4782608695652173,115,"[5, 4, 6, 5, 4, 3, 2, 1, 1, 1, 1, 1, 1, 1, 1, 3, 2, 1, 3, 2, 1, 3, 2, 1, 3, 2, 1, 3, 2, 1, 3, 2, 1, 1, 3, 2, 4, 3, 2, 1, 1, 1, 1, 1, 1, 1, 3, 2, 1, 1, 3, 2, 1, 3, 2, 1, 3, 2, 1, 1, 1, 1, 3, 2, 1, 3, 2, 4, 3, 2, 1, 1, 1, 1, 3, 2, 1, 3, 2, 1, 1, 1, 1, 3, 2, 1, 3, 2, 1, 1, 1, 3, 2, 1, 3, 2, 1, 1, 3, 2, 4, 3, 2, 1, 3, 2, 1, 3, 2, 1, 1, 3, 2, 1, 1]"
A4ICW5_LEIIN/4-173,170,hmm,1,6.835319720999905,1.198342299312619,0.2878787878787879,1.2878787878787878,132,
A4ICW5_LEIIN/4-173,170,hmm,3,6.725839577999977,1.2178483676287206,0.1400560224089636,1.4166666666666667,120,
A4ICW5_LEIIN/4-173,170,hmm,5,5.824869455000226,1.4062208285146192,0.08717948717948718,1.4285714285714286,119,
A4ICW5_LEIIN/4-173,170,hmm,8,5.930286089000219,1.3812238782532051,0.05805038335158817,1.452991452991453,117,
A4ICW5_LEIIN/4-173,170,hmm,16,6.644896427999811,1.23268328404413,0.0297085201793722,1.452991452991453,117,
A4ICW5_LEIIN/4-173,170,hmm,-1,6.496256463999998,1.2608881432547947,0.21363636363636365,1.3821138211382114,123,"[5, 4, 3, 2, 4, 3, 2, 1, 1, 3, 2, 1, 1, 1, 1, 1, 1, 1, 3, 2, 1, 1, 1, 1, 1, 3, 2, 4, 6, 5, 4, 3, 2, 1, 1, 3, 2, 1, 1, 1, 3, 2, 1, 1, 3, 2, 1, 3, 2, 1, 1, 1, 3, 2, 1, 3, 2, 1, 1, 1, 1, 1, 3, 2, 1, 1, 1, 3, 2, 1, 1, 1, 1, 1, 3, 2, 1, 3, 5, 4, 3, 2, 1, 1, 3, 2, 1, 3, 2, 1, 1, 1, 3, 2, 1, 1, 1, 1, 1, 1, 1, 1, 1, 1, 1, 1, 1, 1, 1, 1, 1, 1, 1, 1, 3, 2, 1, 1, 3, 2, 1, 1, 1]"
DPM1_HUMAN/28-199,172,enc_dec,0,8.522625049999988,1.0,,1.0,172,
DPM1_HUMAN/28-199,172,cnn,1,5.97891939100009,1.4254457189753837,0.4827586206896552,1.4827586206896552,116,
DPM1_HUMAN/28-199,172,cnn,3,5.2341004549998615,1.6282883989853063,0.26206896551724135,1.7835051546391754,97,
DPM1_HUMAN/28-199,172,cnn,5,4.6607745459996295,1.8285855635980093,0.16244725738396626,1.8020833333333333,96,
DPM1_HUMAN/28-199,172,cnn,8,4.86219939700004,1.7528333073420266,0.10748299319727891,1.8404255319148937,94,
DPM1_HUMAN/28-199,172,cnn,16,4.671841657999721,1.8242538326200475,0.0549374130737135,1.8404255319148937,94,
DPM1_HUMAN/28-199,172,cnn,-1,5.4551969819995065,1.5622946482266475,0.2831858407079646,1.5925925925925926,108,"[5, 4, 3, 5, 4, 3, 2, 1, 3, 2, 1, 3, 2, 1, 3, 2, 1, 3, 2, 4, 3, 2, 1, 1, 1, 1, 3, 2, 1, 3, 2, 1, 3, 2, 1, 1, 1, 1, 1, 3, 5, 4, 3, 2, 1, 1, 3, 2, 1, 1, 1, 3, 2, 4, 3, 2, 1, 1, 3, 2, 4, 3, 2, 1, 1, 3, 5, 4, 3, 2, 1, 1, 1, 3, 2, 1, 3, 2, 1, 1, 1, 3, 2, 1, 3, 2, 1, 1, 3, 2, 1, 1, 1, 1, 1, 3, 2, 1, 1, 1, 1, 3, 2, 4, 3, 2, 1, 1]"
DPM1_HUMAN/28-199,172,hmm,1,6.170192137000413,1.381257643322464,0.3543307086614173,1.3543307086614174,127,
DPM1_HUMAN/28-199,172,hmm,3,5.642193794999912,1.5105161856639349,0.19325153374233128,1.5779816513761469,109,
DPM1_HUMAN/28-199,172,hmm,5,5.424610411999311,1.5711036190078882,0.12835249042145594,1.638095238095238,105,
DPM1_HUMAN/28-199,172,hmm,8,5.731824970999696,1.4868955512634128,0.07885304659498207,1.6226415094339623,106,
DPM1_HUMAN/28-199,172,hmm,16,5.700349010999162,1.4951058318631152,0.0420012353304509,1.6538461538461537,104,
DPM1_HUMAN/28-199,172,hmm,-1,6.613375193999673,1.2886952274736478,0.22594142259414227,1.4576271186440677,118,"[5, 4, 3, 2, 4, 3, 2, 1, 3, 2, 1, 1, 3, 2, 1, 1, 1, 3, 2, 1, 1, 1, 1, 1, 3, 2, 4, 6, 5, 4, 3, 2, 1, 3, 2, 1, 1, 3, 2, 1, 3, 2, 1, 1, 1, 1, 3, 2, 1, 3, 2, 1, 1, 3, 2, 4, 3, 2, 1, 1, 3, 2, 1, 1, 1, 3, 2, 1, 1, 1, 3, 2, 1, 1, 1, 3, 5, 4, 3, 2, 1, 1, 1, 3, 2, 1, 1, 1, 1, 1, 1, 1, 3, 2, 1, 3, 2, 1, 1, 3, 2, 4, 3, 2, 1, 3, 2, 1, 1, 1, 3, 2, 1, 1, 3, 2, 3, 2]"
DPM1_SCHPO/5-176,172,enc_dec,0,9.009271491999243,1.0,,1.0,172,
DPM1_SCHPO/5-176,172,cnn,1,5.930874856999253,1.51904596020384,0.4214876033057851,1.421487603305785,121,
DPM1_SCHPO/5-176,172,cnn,3,5.635664385000382,1.5986174613197148,0.1981424148606811,1.5925925925925926,108,
DPM1_SCHPO/5-176,172,cnn,5,5.811205828999846,1.55032737733019,0.11985018726591759,1.5925925925925926,108,
DPM1_SCHPO/5-176,172,cnn,8,6.398370070000055,1.408057269810148,0.07591933570581257,1.5925925925925926,108,
DPM1_SCHPO/5-176,172,cnn,16,5.969526456000494,1.5092104136573907,0.0389768574908648,1.5925925925925926,108,
DPM1_SCHPO/5-176,172,cnn,-1,5.808043289000125,1.5511715467172802,0.2522522522522523,1.4827586206896552,116,"[5, 4, 3, 5, 4, 3, 2, 1, 3, 2, 1, 3, 2, 1, 1, 3, 2, 1, 1, 3, 2, 4, 3, 2, 4, 3, 2, 1, 1, 3, 2, 1, 1, 3, 2, 1, 3, 2, 1, 3, 2, 1, 1, 3, 2, 1, 1, 1, 3, 2, 1, 3, 2, 1, 1, 1, 1, 1, 3, 2, 1, 1, 1, 3, 2, 1, 3, 2, 1, 1, 1, 3, 2, 1, 3, 2, 1, 1, 1, 1, 3, 2, 1, 1, 3, 2, 1, 1, 3, 2, 1, 1, 3, 2, 1, 3, 2, 1, 3, 2, 1, 1, 1, 1, 3, 2, 1, 3, 2, 1, 3, 2, 1, 1, 1, 1]"
DPM1_SCHPO/5-176,172,hmm,1,6.692962668000291,1.3460812406848541,0.3543307086614173,1.3543307086614174,127,
DPM1_SCHPO/5-176,172,hmm,3,6.575820514999577,1.3700604314623424,0.17455621301775148,1.5221238938053097,113,
DPM1_SCHPO/5-176,172,hmm,5,5.7936489009998695,1.5550254504453007,0.10498220640569396,1.5221238938053097,113,
DPM1_SCHPO/5-176,172,hmm,8,5.620083629999499,1.6030493645874886,0.06614349775784754,1.5221238938053097,113,
DPM1_SCHPO/5-176,172,hmm,16,5.750132381000185,1.566793752743508,0.03361823361823362,1.5221238938053097,113,
DPM1_SCHPO/5-176,172,hmm,-1,7.023217339000439,1.2827840941173927,0.22522522522522523,1.4098360655737705,122,"[5, 4, 3, 2, 4, 3, 2, 1, 1, 1, 1, 3, 2, 1, 1, 1, 1, 3, 2, 1, 1, 1, 1, 1, 3, 2, 4, 3, 2, 4, 3, 2, 1, 1, 1, 3, 2, 1, 1, 1, 1, 1, 3, 2, 1, 3, 2, 1, 1, 3, 2, 1, 3, 2, 1, 3, 2, 1, 3, 2, 1, 1, 1, 1, 3, 2, 1, 1, 1, 3, 2, 1, 1, 1, 1, 1, 1, 3, 2, 1, 3, 5, 4, 3, 2, 1, 3, 2, 1, 1, 1, 1, 1, 1, 1, 1, 1, 1, 3, 2, 1, 1, 1, 3, 2, 1, 3, 2, 1, 1, 1, 1, 1, 3, 2, 1, 3, 2, 1, 1, 3, 2]"
ALG5_YEAST/76-251,176,enc_dec,0,9.191696400999717,1.0,,1.0,176,
ALG5_YEAST/76-251,176,cnn,1,6.916312774999824,1.3289879593393534,0.31343283582089554,1.3134328358208955,134,
ALG5_YEAST/76-251,176,cnn,3,6.66290666399982,1.3795325170414192,0.16954022988505746,1.5042735042735043,117,
ALG5_YEAST/76-251,176,cnn,5,5.939887735999946,1.5474528828704113,0.09743589743589744,1.4789915966386555,119,
ALG5_YEAST/76-251,176,cnn,8,6.309748404999482,1.456745310750702,0.06168831168831169,1.4789915966386555,119,
ALG5_YEAST/76-251,176,cnn,16,6.632184028999291,1.3859230022582205,0.036384976525821594,1.543859649122807,114,
ALG5_YEAST/76-251,176,cnn,-1,6.277593278000495,1.4642070605643642,0.2125,1.408,125,"[5, 4, 6, 5, 4, 3, 2, 1, 3, 2, 1, 3, 2, 1, 1, 1, 1, 1, 1, 1, 1, 3, 5, 7, 6, 5, 4, 3, 2, 1, 1, 1, 1, 1, 1, 3, 2, 1, 3, 2, 1, 1, 1, 3, 2, 1, 3, 2, 1, 1, 3, 2, 1, 1, 1, 3, 2, 1, 3, 2, 4, 3, 2, 1, 1, 1, 3, 2, 1, 3, 2, 1, 3, 2, 1, 3, 2, 1, 3, 2, 1, 1, 1, 1, 3, 2, 1, 1, 1, 1, 3, 2, 1, 1, 1, 1, 1, 1, 1, 3, 2, 1, 1, 1, 1, 3, 2, 1, 1, 1, 1, 1, 3, 2, 1, 1, 1, 1, 3, 2, 1, 1, 1, 1, 1]"
ALG5_YEAST/76-251,176,hmm,1,7.80061738600034,1.1783293483277268,0.2571428571428571,1.2571428571428571,140,
ALG5_YEAST/76-251,176,hmm,3,6.447042000999318,1.425723052459557,0.11886304909560724,1.353846153846154,130,
ALG5_YEAST/76-251,176,hmm,5,7.428312464000555,1.2373868823565188,0.07401574803149606,1.3643410852713178,129,
ALG5_YEAST/76-251,176,hmm,8,6.333919482000056,1.4511861773931587,0.04819277108433735,1.375,128,
ALG5_YEAST/76-251,176,hmm,16,7.345344624000063,1.251363533164518,0.0255741127348643,1.3858267716535433,127,
ALG5_YEAST/76-251,176,hmm,-1,6.909236176000377,1.3303491394501168,0.1842105263157895,1.3134328358208955,134,"[5, 4, 3, 2, 4, 3, 2, 1, 3, 2, 1, 3, 2, 1, 1, 1, 3, 2, 1, 1, 1, 1, 1, 1, 3, 2, 1, 3, 2, 1, 3, 5, 4, 3, 2, 1, 1, 1, 1, 1, 1, 3, 2, 1, 1, 1, 1, 3, 2, 1, 3, 2, 1, 1, 3, 2, 1, 3, 2, 1, 3, 2, 4, 3, 5, 4, 3, 2, 1, 1, 1, 3, 2, 1, 1, 3, 2, 1, 1, 1, 1, 1, 1, 1, 1, 1, 1, 1, 3, 2, 1, 1, 1, 1, 1, 1, 1, 1, 1, 1, 1, 1, 1, 1, 1, 1, 1, 1, 1, 1, 1, 1, 1, 1, 3, 2, 1, 1, 1, 3, 2, 1, 1, 3, 2, 1, 1, 1, 1, 1, 1, 1, 1, 1]"
ALG5_SCHPO/65-248,184,enc_dec,0,9.230783198000609,1.0,,1.0,184,
ALG5_SCHPO/65-248,184,cnn,1,7.332792733999668,1.2588359623476884,0.3237410071942446,1.3237410071942446,139,
ALG5_SCHPO/65-248,184,cnn,3,6.577377680000609,1.403413890321067,0.1626016260162602,1.4838709677419355,124,
ALG5_SCHPO/65-248,184,cnn,5,5.958069459000399,1.5492909677406281,0.10333333333333333,1.5081967213114753,122,
ALG5_SCHPO/65-248,184,cnn,8,6.948836001998643,1.3283927258242425,0.06519453207150368,1.5081967213114753,122,
ALG5_SCHPO/65-248,184,cnn,16,6.391146036999999,1.4443079761534496,0.03327965646806227,1.5081967213114753,122,
ALG5_SCHPO/65-248,184,cnn,-1,7.109693014001095,1.2983378016213156,0.2157676348547718,1.393939393939394,132,"[5, 4, 3, 5, 4, 3, 2, 1, 3, 2, 1, 3, 2, 4, 3, 2, 1, 1, 1, 1, 1, 1, 1, 1, 1, 1, 1, 3, 2, 1, 3, 2, 1, 3, 2, 1, 3, 2, 1, 1, 1, 1, 3, 2, 1, 3, 2, 1, 1, 1, 1, 3, 2, 1, 1, 3, 2, 4, 3, 2, 1, 3, 2, 4, 3, 2, 1, 3, 2, 1, 3, 2, 1, 1, 3, 2, 1, 3, 2, 1, 3, 2, 1, 1, 3, 2, 1, 1, 1, 1, 1, 1, 1, 3, 2, 1, 1, 1, 1, 1, 1, 1, 1, 1, 1, 1, 1, 1, 1, 1, 1, 1, 1, 3, 2, 1, 3, 2, 1, 1, 3, 2, 1, 3, 2, 4, 3, 2, 1, 1, 1, 1]"
ALG5_SCHPO/65-248,184,hmm,1,6.791137291000268,1.3592396681824415,0.3237410071942446,1.3237410071942446,139,
ALG5_SCHPO/65-248,184,hmm,3,6.980731601999651,1.3223231781832758,0.17079889807162535,1.5081967213114753,122,
ALG5_SCHPO/65-248,184,hmm,5,6.455945288000294,1.4298112493545947,0.10333333333333333,1.5081967213114753,122,
ALG5_SCHPO/65-248,184,hmm,8,5.959565213001042,1.5489021208901728,0.06659619450317125,1.5206611570247934,121,
ALG5_SCHPO/65-248,184,hmm,16,6.946274476000326,1.3288825873341685,0.03388918773534159,1.5206611570247934,121,
ALG5_SCHPO/65-248,184,hmm,-1,6.315279008000289,1.4616588097385588,0.22040816326530613,1.4153846153846155,130,"[5, 4, 3, 2, 4, 3, 2, 1, 3, 2, 1, 3, 2, 4, 3, 2, 1, 1, 1, 1, 1, 1, 1, 1, 1, 1, 1, 1, 1, 3, 5, 4, 3, 5, 4, 3, 2, 1, 3, 2, 1, 1, 1, 1, 1, 3, 2, 1, 1, 1, 3, 5, 4, 3, 2, 1, 3, 2, 4, 3, 2, 1, 1, 1, 3, 2, 1, 1, 1, 3, 2, 1, 1, 3, 2, 4, 3, 2, 1, 1, 1, 1, 1, 1, 3, 2, 1, 1, 1, 1, 1, 1, 3, 2, 1, 1, 1, 1, 1, 1, 1, 1, 1, 1, 1, 1, 3, 2, 1, 1, 1, 3, 2, 4, 3, 2, 1, 1, 1, 1, 1, 3, 2, 1, 1, 3, 2, 1, 1, 1]"
O26239_METTH/13-205,193,enc_dec,0,9.96573427399926,1.0,,1.0,193,
O26239_METTH/13-205,193,cnn,1,6.641887244999452,1.5004371357707507,0.40875912408759124,1.4087591240875912,137,
O26239_METTH/13-205,193,cnn,3,6.609023766000973,1.507898084020567,0.21839080459770116,1.6495726495726495,117,
O26239_METTH/13-205,193,cnn,5,6.159116344999347,1.6180461150227412,0.14727272727272728,1.7232142857142858,112,
O26239_METTH/13-205,193,cnn,8,5.789595037000254,1.7213180214350152,0.09893992932862192,1.7706422018348624,109,
O26239_METTH/13-205,193,cnn,16,5.396923406999122,1.8465584041965415,0.05026929982046679,1.7706422018348624,109,
O26239_METTH/13-205,193,cnn,-1,6.468463757000791,1.54066477735357,0.26235741444866917,1.5564516129032258,124,"[5, 4, 6, 5, 4, 3, 2, 1, 1, 1, 3, 5, 4, 3, 2, 1, 1, 3, 5, 4, 3, 2, 1, 1, 1, 3, 2, 1, 1, 3, 2, 1, 1, 1, 1, 1, 3, 5, 4, 3, 2, 1, 1, 1, 1, 3, 2, 1, 3, 2, 1, 1, 1, 1, 1, 3, 2, 1, 3, 2, 1, 1, 3, 2, 1, 3, 5, 4, 3, 2, 1, 1, 1, 3, 2, 1, 1, 3, 2, 1, 1, 1, 1, 1, 1, 3, 5, 4, 3, 2, 1, 3, 2, 4, 3, 2, 1, 1, 3, 2, 4, 3, 2, 1, 1, 1, 1, 1, 1, 1, 3, 2, 1, 1, 1, 1, 1, 1, 3, 2, 4, 3, 2, 1]"
O26239_METTH/13-205,193,hmm,1,7.546283862000564,1.3206148160132005,0.26973684210526316,1.269736842105263,152,
O26239_METTH/13-205,193,hmm,3,7.38988025099934,1.348565055929233,0.13381995133819952,1.3985507246376812,138,
O26239_METTH/13-205,193,hmm,5,7.702152044999821,1.293889579921879,0.08721804511278196,1.4296296296296296,135,
O26239_METTH/13-205,193,hmm,8,6.5775543700001435,1.515112413126133,0.05651340996168582,1.4402985074626866,134,
O26239_METTH/13-205,193,hmm,16,7.61632284100051,1.3084705680215258,0.029006882989183875,1.4402985074626866,134,
O26239_METTH/13-205,193,hmm,-1,7.793292753998685,1.27875784839289,0.20833333333333331,1.3496503496503496,143,"[5, 4, 3, 2, 4, 3, 2, 1, 1, 1, 1, 3, 2, 1, 1, 1, 1, 1, 1, 3, 5, 4, 3, 2, 1, 1, 3, 2, 1, 1, 3, 2, 1, 1, 1, 1, 3, 2, 1, 3, 2, 1, 1, 3, 2, 1, 3, 2, 1, 1, 1, 1, 1, 1, 1, 1, 1, 3, 2, 1, 1, 1, 3, 2, 1, 1, 3, 2, 1, 1, 1, 1, 3, 2, 4, 3, 5, 4, 3, 2, 1, 1, 1, 1, 1, 1, 3, 2, 1, 1, 3, 2, 1, 1, 3, 2, 1, 3, 2, 1, 1, 1, 1, 1, 1, 1, 1, 1, 1, 1, 1, 1, 3, 2, 1, 1, 3, 2, 1, 1, 1, 1, 1, 1, 1, 1, 1, 1, 1, 1, 1, 1, 1, 3, 2, 1, 1, 1, 1, 1, 1, 1, 1]"
