id,length,drafter,K,t_encdec,t_encdec_std,t_hf,t_hf_std,speedup,speedup_std,hf_ok
P02798,61,PU,1,2.0551603690000775,0.018534079511512733,1.4347471669998413,0.21606706651757474,1.425290795503826,0.17812257622464545,True
P02798,61,PU,4,2.0551603690000775,0.018534079511512733,0.713780725000106,0.11067849873308261,2.8788455251466947,0.3454644669174878,True
P02798,61,PU,8,2.0551603690000775,0.018534079511512733,0.5467901639999582,0.07505014847949498,3.8007013071900824,0.4149444783453763,True
P02798,61,PU,12,2.0551603690000775,0.018534079511512733,0.46844251399988934,0.08386360497663167,4.433640133451122,0.5883054060318486,True
Q941C7,75,PU,1,2.961782157000016,0.2992612908116386,2.291488543000014,0.06770707327347299,1.2925144950201035,0.10060766894717992,True
Q941C7,75,PU,4,2.961782157000016,0.2992612908116386,1.9309440329998324,0.002825543448377224,1.5328716863028773,0.1533442081171766,True
Q941C7,75,PU,8,2.961782157000016,0.2992612908116386,1.9658867389998704,0.027346525749630424,1.5065884001571725,0.17173413869979967,True
Q941C7,75,PU,12,2.961782157000016,0.2992612908116386,1.9861254470001768,0.2871369690469676,1.4912361963205603,0.2953647394923302,True
B3H5J1,88,PU,1,2.9545005659997514,0.3276910158323824,2.0447726679999505,0.13135813236360136,1.500149279422151,0.20017795394156943,True
B3H5J1,88,PU,4,2.9545005659997514,0.3276910158323824,1.1739427630000137,0.16782285277371548,2.5167330632453644,0.5243626789783389,True
B3H5J1,88,PU,8,2.9545005659997514,0.3276910158323824,0.9150568439999915,0.16953612727511838,3.3293502269725272,0.6755603152476215,True
B3H5J1,88,PU,12,2.9545005659997514,0.3276910158323824,0.8083207039999252,0.017699308933008168,3.779281626994283,0.4014799763947963,True
P0A7U3,92,PU,1,3.098475022999992,0.1506289807940739,1.960089815000174,0.22734024365215963,1.5828036388818933,0.19216927500008713,True
P0A7U3,92,PU,4,3.098475022999992,0.1506289807940739,0.9769349250000232,0.11740701671779373,3.1429262435262477,0.42532559379814777,True
P0A7U3,92,PU,8,3.098475022999992,0.1506289807940739,0.6425404419996994,0.08953849769020628,4.7785854606197,0.6924118365772496,True
P0A7U3,92,PU,12,3.098475022999992,0.1506289807940739,0.5384390059998623,0.005296949298228479,5.818154151273878,0.2302288725169945,True
P01308,110,PU,1,3.8570133039997927,0.11415964808919316,2.8831829499999913,0.21503838029054767,1.3377622477962434,0.07636102743567819,True
P01308,110,PU,4,3.8570133039997927,0.11415964808919316,1.459866539000359,0.18624634684710292,2.6647784652706203,0.3053761494074903,True
P01308,110,PU,8,3.8570133039997927,0.11415964808919316,1.4223536529998455,0.14788665094248304,2.711711883936232,0.4080214292525403,True
P01308,110,PU,12,3.8570133039997927,0.11415964808919316,1.0755286029998388,0.14750718894234033,3.5861559546086483,0.4546869023674099,True
P61769,119,PU,1,4.412282082999809,0.4202303580354436,2.8285818409999592,0.27114600895452967,1.4231014258286128,0.2648562933665208,True
P61769,119,PU,4,4.412282082999809,0.4202303580354436,1.2890403360001983,0.17347297729834962,3.543900195147258,0.6146160850518306,True
P61769,119,PU,8,4.412282082999809,0.4202303580354436,0.985888726000212,0.15636217154228732,4.610140320387423,0.8608219879684976,True
P61769,119,PU,12,4.412282082999809,0.4202303580354436,0.778016480000133,0.014735922404122203,5.671193601193454,0.45323360247473904,True
P00698,147,PU,1,5.243657787000302,0.23339577202468664,3.866105881999829,0.257365053007665,1.3563151002703278,0.14786088432151354,True
P00698,147,PU,4,5.243657787000302,0.23339577202468664,1.55456580200007,0.008000775540171425,3.3460263745354664,0.15833524378002958,True
P00698,147,PU,8,5.243657787000302,0.23339577202468664,1.0376018219999423,0.012574357292336068,5.053632015500252,0.16372780947267104,True
P00698,147,PU,12,5.243657787000302,0.23339577202468664,0.8548643030003404,0.019562704637805666,6.251860314512109,0.2016922967403633,True
P68871,147,PU,1,5.925210718000017,0.023012214947186572,3.2423445499998707,0.06643433163135268,1.8274463514373427,0.04312947271371341,True
P68871,147,PU,4,5.925210718000017,0.023012214947186572,1.4619804290000502,0.007395572321858291,4.057671133166134,0.029014055987567993,True
P68871,147,PU,8,5.925210718000017,0.023012214947186572,1.0665928080002232,0.01258584778179468,5.551094745426614,0.07857766366354532,True
P68871,147,PU,12,5.925210718000017,0.023012214947186572,0.8986035630000515,0.010813939527784039,6.593798380031214,0.10726111820501656,True
P16949,149,PU,1,5.774503677999746,0.2831758387938071,3.2138223070001004,0.042657739108159516,1.7967712979719404,0.06692422517451324,True
P16949,149,PU,4,5.774503677999746,0.2831758387938071,1.413174626,0.01811520247143101,4.193293143526645,0.2116969855846852,True
P16949,149,PU,8,5.774503677999746,0.2831758387938071,0.9147897070001818,0.032038899171011125,6.181562598237185,0.15481057394549874,True
P16949,149,PU,12,5.774503677999746,0.2831758387938071,0.7284238730003381,0.08233458428495395,8.019426202886981,1.0450976723958747,True
P0DP27,149,PU,1,6.0210828730000685,0.19158672309020422,3.16375641500008,0.010927693224704764,1.8976562835027753,0.06496739785202864,True
P0DP27,149,PU,4,6.0210828730000685,0.19158672309020422,1.3909180470000138,0.017832394304938506,4.246391878105105,0.12591143120060427,True
P0DP27,149,PU,8,6.0210828730000685,0.19158672309020422,0.9444078619999345,0.0035304545509622916,6.343550313335764,0.1928529056558879,True
P0DP27,149,PU,12,6.0210828730000685,0.19158672309020422,0.7152639439996165,0.005090232587533357,8.344824746332288,0.24223483122642087,True
P68082,154,PU,1,5.109808011000041,0.012465424761481419,3.9920888059996287,0.1922720229552903,1.2823856661971555,0.06167237556375959,True
P68082,154,PU,4,5.109808011000041,0.012465424761481419,2.2191480390001743,0.10311307478278962,2.3069202112836775,0.11124305375414806,True
P68082,154,PU,8,5.109808011000041,0.012465424761481419,1.460303551999914,0.01836598650473703,3.4852325751244297,0.03959810249374773,True
P68082,154,PU,12,5.109808011000041,0.012465424761481419,1.399301918999754,0.013824446077874865,3.6371689625338863,0.03096337354388102,True
P00441,154,PU,1,5.929630909000025,0.13305821146866081,3.4371931240002596,0.022578272702994846,1.7161682063965782,0.049533182224627555,True
P00441,154,PU,4,5.929630909000025,0.13305821146866081,1.6773284020000574,0.02680182306472012,3.5078578529904507,0.13365224314608717,True
P00441,154,PU,8,5.929630909000025,0.13305821146866081,1.2036788479999814,0.0062032413168600815,4.888205534870308,0.12321881156740122,True
P00441,154,PU,12,5.929630909000025,0.13305821146866081,1.2999840310003492,0.014241987579961608,4.561310575820783,0.15272294486987106,True
P0A7Y4,155,PU,1,5.690417443000115,0.11219781597338317,3.3757992169998943,0.024443561699808516,1.6856504422254248,0.02080869239768473,True
P0A7Y4,155,PU,4,5.690417443000115,0.11219781597338317,1.7166725550000592,0.020132733163451745,3.3147949074073235,0.10649733727782056,True
P0A7Y4,155,PU,8,5.690417443000115,0.11219781597338317,1.3773016009999992,0.020207917295852522,4.219370653389452,0.10325287280509578,True
P0A7Y4,155,PU,12,5.690417443000115,0.11219781597338317,1.320460981999986,0.005362334493710837,4.3058121354971775,0.0826412603753436,True
P04808,185,PU,1,6.396402941999895,0.3522828822980293,4.658616787000028,0.32985176478107764,1.3503091405917271,0.1914436682145735,True
P04808,185,PU,4,6.396402941999895,0.3522828822980293,2.15704322900001,0.2695621400889447,3.043389226345271,0.4050729774832943,True
P04808,185,PU,8,6.396402941999895,0.3522828822980293,1.81325624100009,0.003946281617377799,3.5384512428420996,0.18827658832796723,True
P04808,185,PU,12,6.396402941999895,0.3522828822980293,1.7516941640001278,0.11992006417380445,3.651552350550292,0.04603821910573153,True
P0A7L0,234,PU,1,8.222575660000075,0.4049059501322677,5.638220622000517,0.29327046329498224,1.4583635886675526,0.1609740964163463,True
P0A7L0,234,PU,4,8.222575660000075,0.4049059501322677,2.574717232000239,0.10948543982778702,3.1092348035363973,0.2564860622789118,True
P0A7L0,234,PU,8,8.222575660000075,0.4049059501322677,1.7967101779995573,0.057755368456187645,4.576461891675275,0.07793789392102728,True
P0A7L0,234,PU,12,8.222575660000075,0.4049059501322677,1.546127491000334,0.2117985568176877,5.177710424009472,0.3837435294119152,True
P42212,238,PU,1,8.599232175999532,0.41938097598775986,7.128778286999477,0.14592290177409303,1.23047254390973,0.07567742719639957,True
P42212,238,PU,4,8.599232175999532,0.41938097598775986,4.939637335000043,0.14373979978980272,1.740863061963932,0.036110451766197565,True
P42212,238,PU,8,8.599232175999532,0.41938097598775986,5.154098067000632,0.3652485376183185,1.584819022456775,0.1974159041305828,True
P42212,238,PU,12,8.599232175999532,0.41938097598775986,5.034211256999697,0.4256452386715015,1.610019993866112,0.12853793284727064,True
P63101,245,PU,1,8.365070844999536,0.3611128096743337,6.07939408799939,0.48281908143316754,1.375971145136327,0.2020728290741289,True
P63101,245,PU,4,8.365070844999536,0.3611128096743337,2.302135475000796,0.026420078761918486,3.6320063996219387,0.18988849101281952,True
P63101,245,PU,8,8.365070844999536,0.3611128096743337,1.5308639860004405,0.1716708423392167,5.461863924204417,0.30738653742395866,True
P63101,245,PU,12,8.365070844999536,0.3611128096743337,1.243456187999982,0.14656221506589817,6.727274290583737,0.41343296969200655,True
P00766,245,PU,1,8.815841409000313,0.5284457269184956,6.000002425000275,0.38223670942415344,1.4508977330858461,0.20583140512205286,True
P00766,245,PU,4,8.815841409000313,0.5284457269184956,2.374037354000393,0.29746549708913866,3.6758126978671233,0.19210585435786223,True
P00766,245,PU,8,8.815841409000313,0.5284457269184956,1.579043312000067,0.20963995058536636,5.487575375006607,0.34341686891143924,True
P00766,245,PU,12,8.815841409000313,0.5284457269184956,1.2456992269999319,0.026292158424618496,7.077022460896812,0.26491949455194364,True
P15378,248,PU,1,8.866254458000185,0.15587591041435178,5.847150366000278,0.24549400128400511,1.5052863572961637,0.09573275088588284,True
P15378,248,PU,4,8.866254458000185,0.15587591041435178,3.0367507189994285,0.2958429524581679,2.9196517193619056,0.21396799507005057,True
P15378,248,PU,8,8.866254458000185,0.15587591041435178,2.0071163259999594,0.07805745200451639,4.385214529414209,0.09916674758286992,True
P15378,248,PU,12,8.866254458000185,0.15587591041435178,1.7912494780002817,0.1850812105091797,4.949759688359162,0.4810621254972561,True
P05089,322,PU,1,11.609006718000273,0.03835148112762723,6.951052111000536,0.3283245044865381,1.670107853115961,0.07243908422589156,True
P05089,322,PU,4,11.609006718000273,0.03835148112762723,3.551083333999486,0.31398515313800446,3.2691451104092715,0.29488601440039425,True
P05089,322,PU,8,11.609006718000273,0.03835148112762723,1.9460271609996198,0.017007529232635606,5.938708712572157,0.0675100180399231,True
P05089,322,PU,12,11.609006718000273,0.03835148112762723,1.537968272999933,0.013707395624997147,7.511368069684697,0.08359467310449813,True
P00784,345,PU,1,13.305701073000819,0.3780987386921897,8.207984321999902,0.5916257357876665,1.6361541652808644,0.08253551678206134,True
P00784,345,PU,4,13.305701073000819,0.3780987386921897,5.406391823999911,0.46498423084922624,2.4057028642226164,0.2745339105868186,True
P00784,345,PU,8,13.305701073000819,0.3780987386921897,3.3800330869999016,0.37022751619919875,3.8566883504807516,0.31867314608151326,True
P00784,345,PU,12,13.305701073000819,0.3780987386921897,3.3621855940000387,0.1444671454197032,3.9574558575069148,0.06292065060302442,True
P02572,376,PU,1,13.299540107999746,0.037653556852384064,8.162635108999893,0.3497520753896078,1.6210093170048678,0.07567883481718159,True
P02572,376,PU,4,13.299540107999746,0.037653556852384064,3.46498738199989,0.2820763238260789,3.818688527333948,0.26107396576019204,True
P02572,376,PU,8,13.299540107999746,0.037653556852384064,2.405982238999968,0.27804607059490544,5.536094542632995,0.5945577214806202,True
P02572,376,PU,12,13.299540107999746,0.037653556852384064,1.9655055020002692,0.17458742540786606,6.731961599463414,0.6715977566959115,True
O65508,377,PU,1,13.395778952999535,0.038738486224313445,8.707233711999834,0.49084890335081627,1.5384655329210015,0.09080279042544497,True
O65508,377,PU,4,13.395778952999535,0.038738486224313445,3.91008685000088,0.4324344688545609,3.4371532279383885,0.31906908500116493,True
O65508,377,PU,8,13.395778952999535,0.038738486224313445,2.678888503000053,0.2936259823029143,4.998196867400439,0.43526245158170124,True
O65508,377,PU,12,13.395778952999535,0.038738486224313445,2.272877432000314,0.19323080140593246,5.871310763667447,0.4197949887335912,True
P04637,393,PU,1,14.028359431000354,0.705251683238383,9.3048908210003,0.4193702001372034,1.5076328890758839,0.15718430261864422,True
P04637,393,PU,4,14.028359431000354,0.705251683238383,3.984572064000531,0.4781599259220061,3.5136932785055266,0.19628478986342704,True
P04637,393,PU,8,14.028359431000354,0.705251683238383,2.7638395539997873,0.017947036222458107,5.0756779317014695,0.28456231400908216,True
P04637,393,PU,12,14.028359431000354,0.705251683238383,2.5509414230000402,0.25641324102985247,5.488391051541343,0.8038580350018681,True
P0AEX9,396,PU,1,14.025324571000056,0.08316442352659922,9.324427434000427,0.5316206928091122,1.5041486107617033,0.08737858783062288,True
P0AEX9,396,PU,4,14.025324571000056,0.08316442352659922,4.105589891000818,0.36693226857335104,3.4401973221825273,0.2760849177185725,True
P0AEX9,396,PU,8,14.025324571000056,0.08316442352659922,3.012160044000666,0.26716898343148193,4.68900693943258,0.3603669702757496,True
P0AEX9,396,PU,12,14.025324571000056,0.08316442352659922,2.810337380000419,0.3007054617122241,4.990619514514647,0.5188240335133251,True
P0DTC9,419,PU,1,14.700397065999823,0.07940085989596762,10.261221570000089,0.06334053175915945,1.4253961589284234,0.014403629206494345,True
P0DTC9,419,PU,4,14.700397065999823,0.07940085989596762,5.892759205999937,0.1494416741313478,2.494654295568713,0.05149369953682752,True
P0DTC9,419,PU,8,14.700397065999823,0.07940085989596762,5.249863758999709,0.15632945592240877,2.8001482973342506,0.1012687809232533,True
P0DTC9,419,PU,12,14.700397065999823,0.07940085989596762,4.153699283000606,0.044654387744290105,3.5542257258294336,0.02625346811409461,True
O59010,425,PU,1,14.972378483000284,0.03746382197365168,10.122426620000624,0.05899120462316457,1.4807629950168884,0.005749146325616431,True
O59010,425,PU,4,14.972378483000284,0.03746382197365168,4.984216324999579,0.05774586619440721,3.0039583972113304,0.027598748316675078,True
O59010,425,PU,8,14.972378483000284,0.03746382197365168,4.282104038999023,0.3032763389321137,3.496500399485903,0.2545567911467231,True
O59010,425,PU,12,14.972378483000284,0.03746382197365168,3.5859744690005755,0.2833161891880961,4.175260758945989,0.337839858570517,True
P60705,429,PU,1,15.082385322000846,0.22595997864957815,9.580323789999966,0.2043598548377412,1.5743085153075917,0.05523264055545314,True
P60705,429,PU,4,15.082385322000846,0.22595997864957815,4.644141524000588,0.21949603425740646,3.247615354539944,0.10167336505779813,True
P60705,429,PU,8,15.082385322000846,0.22595997864957815,3.22638550100055,0.07295360958435952,4.7511230277085446,0.09201578015549129,True
P60705,429,PU,12,15.082385322000846,0.22595997864957815,2.5819590499995684,0.30890437020114975,5.854078528048393,0.6134561683410179,True
P0A855,430,PU,1,15.030521931001203,0.4297400009317959,9.622004687000299,0.3186335594434886,1.5620987954109002,0.10306787976592188,True
P0A855,430,PU,4,15.030521931001203,0.4297400009317959,4.104799418000766,0.2361613452178297,3.6589915675624383,0.10007028928744154,True
P0A855,430,PU,8,15.030521931001203,0.4297400009317959,4.804028927001127,0.2702119486385343,3.126422984795754,0.2409448446554228,True
P0A855,430,PU,12,15.030521931001203,0.4297400009317959,4.132332380000662,0.17327467599786675,3.68704160933791,0.20567880402921876,True
P0A6P9,432,PU,1,17.338987319000807,3.891565532862199,14.901278899998943,2.8081226327120143,1.4602591448445126,0.1585843991840822,True
P0A6P9,432,PU,4,17.338987319000807,3.891565532862199,5.552895396998792,1.0407744082685328,3.158477189133615,0.09030340385122815,True
P0A6P9,432,PU,8,17.338987319000807,3.891565532862199,3.777301139998599,0.9847549745324159,4.402306053294601,0.5201373069321823,True
P0A6P9,432,PU,12,17.338987319000807,3.891565532862199,2.7618581160004396,0.6972587828538501,5.778726498075779,0.29953393408951173,True
P02798,61,PU,1,2.283184677000463,0.21818108579082504,1.4012412529991707,0.01627859477497204,1.5998677315607557,0.15740208511530562,True
P02798,61,PU,4,2.283184677000463,0.21818108579082504,0.7427985179992902,0.008306753593839564,3.0184659489645544,0.29762711879514997,True
P02798,61,PU,8,2.283184677000463,0.21818108579082504,0.5820509020004465,0.07877388928163395,3.9960730503886204,0.6221664834971701,True
P02798,61,PU,12,2.283184677000463,0.21818108579082504,0.5233904659999098,0.048154660796076665,4.207798095428795,0.6541367585143811,True
Q941C7,75,PU,1,2.4656684440005847,0.029023016725171075,2.3330744649992994,0.1917239305613944,1.0491625542694656,0.07967747011194609,True
Q941C7,75,PU,4,2.4656684440005847,0.029023016725171075,2.3375107820002086,0.2827638636947928,1.0764897134920017,0.13178104692641368,True
Q941C7,75,PU,8,2.4656684440005847,0.029023016725171075,2.2834127229998558,0.24649783980355097,1.0719806981646947,0.10668115276276878,True
Q941C7,75,PU,12,2.4656684440005847,0.029023016725171075,2.010378899999523,0.3325515730293538,1.2264695197513114,0.15975822092765996,True
B3H5J1,88,PU,1,3.127740175999861,0.1481740833263941,2.0732769119995282,0.33883319473211454,1.4719076797708661,0.13662396875707977,True
B3H5J1,88,PU,4,3.127740175999861,0.1481740833263941,1.1510793779998494,0.16448848107984873,2.584111030913801,0.32358425976941696,True
B3H5J1,88,PU,8,3.127740175999861,0.1481740833263941,0.9622623150007712,0.10784908798323019,3.2219035959402267,0.3164425836847986,True
B3H5J1,88,PU,12,3.127740175999861,0.1481740833263941,0.8767054119998647,0.13314215982601185,3.362888622159247,0.48967755468033336,True
P0A7U3,92,PU,1,3.759736660999806,0.40576050519409795,2.0026587160000417,0.2070949666627254,1.588434866479063,0.22008389619220403,True
P0A7U3,92,PU,4,3.759736660999806,0.40576050519409795,0.9598025360000975,0.019547878184677844,3.8321144074584654,0.4642798092595737,True
P0A7U3,92,PU,8,3.759736660999806,0.40576050519409795,0.6074011670007167,0.008566243251669572,6.020695979455657,0.6500533385675824,True
P0A7U3,92,PU,12,3.759736660999806,0.40576050519409795,0.5704814869995971,0.024393618335739452,6.590462173932844,0.924275653139416,True
P01308,110,PU,1,3.8946438229995692,0.36659380779443057,2.3584886850003386,0.014791126930891687,1.6513302979865727,0.16641403229801888,True
P01308,110,PU,4,3.8946438229995692,0.36659380779443057,1.3361010739999983,0.04595661499909675,2.914932035298681,0.3611840193893826,True
P01308,110,PU,8,3.8946438229995692,0.36659380779443057,1.1108084560000862,0.2037004920855168,3.5061344752666046,0.7345000899336969,True
P01308,110,PU,12,3.8946438229995692,0.36659380779443057,1.0282046530001026,0.11619185478282403,3.787809957517456,0.676401372716548,True
P61769,119,PU,1,4.325474872999621,0.43120141508271453,2.5589111680001224,0.04037582654210519,1.6594313790131634,0.16015484105368885,True
P61769,119,PU,4,4.325474872999621,0.43120141508271453,1.2663962670003457,0.012493317843799864,3.4155777190066843,0.36574443329056633,True
P61769,119,PU,8,4.325474872999621,0.43120141508271453,0.9577525740005512,0.13366863931275066,4.516275905093137,0.8550238993176583,True
P61769,119,PU,12,4.325474872999621,0.43120141508271453,0.7784224560000439,0.11910110497481005,5.787492647162725,1.0748332286385744,True
P00698,147,PU,1,5.855517675000556,0.07398074592106685,3.164222582000548,0.037469549704484496,1.8551701088671582,0.013787035174266741,True
P00698,147,PU,4,5.855517675000556,0.07398074592106685,1.513672017999852,0.020492520594140105,3.902643978222193,0.01667538178425537,True
P00698,147,PU,8,5.855517675000556,0.07398074592106685,1.0344562279997263,0.02129425912074936,5.664913016425267,0.09904146460341069,True
P00698,147,PU,12,5.855517675000556,0.07398074592106685,0.8344343890003074,0.007848859062484188,6.991623387366271,0.05833352936192232,True
P68871,147,PU,1,5.568886927000676,0.28954961966302506,3.118110776999856,0.029430859068192657,1.78598110371142,0.07734732586744744,True
P68871,147,PU,4,5.568886927000676,0.28954961966302506,1.4150287049997132,0.01207064334897529,3.9298415530308772,0.17538896368407797,True
P68871,147,PU,8,5.568886927000676,0.28954961966302506,1.0364831489996504,0.01641509247555432,5.250518656700608,0.3040748118257454,True
P68871,147,PU,12,5.568886927000676,0.28954961966302506,0.9043162449997908,0.10674047449795084,6.158118863608344,0.8842410737028353,True
P16949,149,PU,1,5.776139374000195,0.32504134727094963,3.0508728909999263,0.009289990084112514,1.8992952358615245,0.11116473360771334,True
P16949,149,PU,4,5.776139374000195,0.32504134727094963,1.360817737000616,0.011492780874138476,4.231651971680131,0.2339985148193899,True
P16949,149,PU,8,5.776139374000195,0.32504134727094963,0.8791992430005848,0.01903940118575892,6.525538233968581,0.2416307803989193,True
P16949,149,PU,12,5.776139374000195,0.32504134727094963,0.7047158459999991,0.054857907417934275,8.245379870113975,0.9490703159034312,True
P0DP27,149,PU,1,5.170228517000396,0.32857513075802774,3.6908655880006336,0.1680102660131021,1.3868874013094508,0.162159023261499,True
P0DP27,149,PU,4,5.170228517000396,0.32857513075802774,1.3915800120003041,0.13291449611462242,3.754051706700212,0.4817195894920623,True
P0DP27,149,PU,8,5.170228517000396,0.32857513075802774,0.9448471799996696,0.0072962889521790315,5.529058124882472,0.3605237227650909,True
P0DP27,149,PU,12,5.170228517000396,0.32857513075802774,0.7176573930000814,0.016763333623512327,7.204313043285001,0.6348010723514694,True
P68082,154,PU,1,5.087757041000259,0.14080183562544757,3.4045255600003657,0.0748060432678764,1.4943340235727802,0.0606105371665786,True
P68082,154,PU,4,5.087757041000259,0.14080183562544757,2.1686667469994063,0.1522013391110446,2.3460299043362665,0.11435868861171947,True
P68082,154,PU,8,5.087757041000259,0.14080183562544757,1.8932562339996366,0.05660909677735474,2.6873050512830035,0.1319491483475748,True
P68082,154,PU,12,5.087757041000259,0.14080183562544757,1.6155823899998722,0.16322617742881596,3.149178322623745,0.41093048729034654,True
P00441,154,PU,1,6.212618599999587,0.19181764712339283,3.344599649999509,0.08599966329778032,1.7843449197278267,0.08129018259560192,True
P00441,154,PU,4,6.212618599999587,0.19181764712339283,1.633690839999872,0.02910123308541269,3.6744603180209676,0.14043040850011745,True
P00441,154,PU,8,6.212618599999587,0.19181764712339283,1.1809205590006968,0.02995054629554709,5.0536163067989825,0.20416559254204555,True
P00441,154,PU,12,6.212618599999587,0.19181764712339283,1.041482480999548,0.02687116485268376,5.953787204861203,0.1497503516629734,True
P0A7Y4,155,PU,1,6.028727031999551,0.06297225019915584,3.200343272000282,0.03358508088554391,1.8967666871060862,0.009647886207400275,True
P0A7Y4,155,PU,4,6.028727031999551,0.06297225019915584,1.6291484450002827,0.018030792626045455,3.698087430527734,0.06685136030959349,True
P0A7Y4,155,PU,8,6.028727031999551,0.06297225019915584,1.1738229599995975,0.0073733320310505925,5.13000662723607,0.0826620678292517,True
P0A7Y4,155,PU,12,6.028727031999551,0.06297225019915584,1.006978662999245,0.006530043418906764,6.016826554294957,0.02897600815485944,True
P04808,185,PU,1,6.401375650999398,0.3603188334187563,4.078212390999397,0.46052754256231004,1.5696523469761448,0.22892018347260668,True
P04808,185,PU,4,6.401375650999398,0.3603188334187563,2.129531745999884,0.34104781764441555,2.845867741292868,0.45350746499592504,True
P04808,185,PU,8,6.401375650999398,0.3603188334187563,2.0808900469992295,0.15798312769541734,3.3331244310587502,0.18840347697913773,True
P04808,185,PU,12,6.401375650999398,0.3603188334187563,1.6962047429997256,0.21267797296254423,3.572897508400098,0.24301903844456638,True
P0A7L0,234,PU,1,8.080098488999283,0.29505852470004384,5.298117432999788,0.4831069020048793,1.5250885982012559,0.18854345352684773,True
P0A7L0,234,PU,4,8.080098488999283,0.29505852470004384,2.450008718999925,0.2779429014683429,3.1506956004429756,0.23700206935247098,True
P0A7L0,234,PU,8,8.080098488999283,0.29505852470004384,1.736358608000046,0.20965424599447982,4.445643691593799,0.3408994064197301,True
P0A7L0,234,PU,12,8.080098488999283,0.29505852470004384,1.5080404840000483,0.008615224675196598,5.358011654678513,0.2237221152527668,True
P42212,238,PU,1,8.078408209000372,0.38723947554102495,7.122347247000107,0.11153497797784412,1.1654037868151683,0.05817910112811671,True
P42212,238,PU,4,8.078408209000372,0.38723947554102495,4.71549815400067,0.13264712615572882,1.713161143355889,0.03330283662678194,True
P42212,238,PU,8,8.078408209000372,0.38723947554102495,4.813105184999586,0.4272156924974114,1.6166975110478052,0.19731048212047483,True
P42212,238,PU,12,8.078408209000372,0.38723947554102495,5.221815769999921,0.46107130679179803,1.5387945811098613,0.1265052974485913,True
P63101,245,PU,1,8.592156139000508,0.34466409726542946,5.469059907999508,0.3432076842642742,1.5710480930064226,0.16137563090893373,True
P63101,245,PU,4,8.592156139000508,0.34466409726542946,2.3170466159999705,0.31928727337546386,3.5219854686054983,0.3023402699054173,True
P63101,245,PU,8,8.592156139000508,0.34466409726542946,1.5419462830004704,0.13423818361058143,5.473158356796448,0.2530969351023172,True
P63101,245,PU,12,8.592156139000508,0.34466409726542946,1.2119216279998,0.010420410757287045,6.965329181606491,0.2870092573173284,True
P00766,245,PU,1,8.903589014999852,0.33338882264329184,5.020589400000063,0.41010823559903936,1.779929551586307,0.18090764271916634,True
P00766,245,PU,4,8.903589014999852,0.33338882264329184,2.4245985070001552,0.27893046574568986,3.5718087442334645,0.2709844350778775,True
P00766,245,PU,8,8.903589014999852,0.33338882264329184,1.694473343000027,0.17114516572232089,5.320064502189391,0.372385048109341,True
P00766,245,PU,12,8.903589014999852,0.33338882264329184,1.2556463250002707,0.13119011563088787,6.716832743868688,0.5475600635806831,True
P15378,248,PU,1,8.466480937999222,0.683321519954587,5.86384597399956,0.37611472698065357,1.4438443600905977,0.21567713263387991,True
P15378,248,PU,4,8.466480937999222,0.683321519954587,3.0271837130003405,0.07564514223669398,2.818005810487642,0.1806544850540374,True
P15378,248,PU,8,8.466480937999222,0.683321519954587,2.0214538379996156,0.2696565271304354,4.004965296170691,0.1943211153089805,True
P15378,248,PU,12,8.466480937999222,0.683321519954587,1.855365256999903,0.048751342762778205,4.563242146556841,0.2398266410094687,True
P05089,322,PU,1,11.538885409999239,0.11099872551460477,7.440117713999825,0.20468516421393804,1.562453306770313,0.05109824743138343,True
P05089,322,PU,4,11.538885409999239,0.11099872551460477,3.2700098790000993,0.1994412486207988,3.554985139235739,0.1860450156643538,True
P05089,322,PU,8,11.538885409999239,0.11099872551460477,1.9617705020000358,0.04014581708351933,5.925686268168384,0.1649440454719573,True
P05089,322,PU,12,11.538885409999239,0.11099872551460477,1.5736797019999358,0.018884670402972217,7.260806516796648,0.08708529971544215,True
P00784,345,PU,1,12.102167426999586,0.1052999093967069,8.020433416000742,0.41027532860238924,1.5076520936980746,0.06437831270752806,True
P00784,345,PU,4,12.102167426999586,0.1052999093967069,4.8050757109995175,0.28381475334981626,2.516510448382555,0.1816362648079124,True
P00784,345,PU,8,12.102167426999586,0.1052999093967069,3.523207038999317,0.13251071259430208,3.496898482156476,0.13082715236912124,True
P00784,345,PU,12,12.102167426999586,0.1052999093967069,3.269860332000462,0.36066049830694313,3.7011267143620232,0.31963209908287726,True
P02572,376,PU,1,13.067256649000228,0.04733995688208475,8.005776999999398,0.1575264940485879,1.6322284081858902,0.037557852140508434,True
P02572,376,PU,4,13.067256649000228,0.04733995688208475,3.7883878569991793,0.3508713500607678,3.4426103079454156,0.2699674559915745,True
P02572,376,PU,8,13.067256649000228,0.04733995688208475,2.2432734789999813,0.2926880082911694,5.863128688109384,0.6082924305104016,True
P02572,376,PU,12,13.067256649000228,0.04733995688208475,1.7173120549996383,0.0373892358231182,7.658830002216751,0.16588147632016978,True
O65508,377,PU,1,13.247750892000113,0.18655765445456418,8.369966611000564,0.18914248555269192,1.5524490137060885,0.020762071269977006,True
O65508,377,PU,4,13.247750892000113,0.18655765445456418,4.028191409999636,0.17201402330288906,3.225751978355441,0.1588576236592983,True
O65508,377,PU,8,13.247750892000113,0.18655765445456418,2.7605893559994,0.3404815470020047,4.8721280927820825,0.5296537724211247,True
O65508,377,PU,12,13.247750892000113,0.18655765445456418,2.2620739150006557,0.2878454218215232,5.792318493485559,0.5317680953952434,True
P04637,393,PU,1,14.011288020999928,0.06387065814973097,8.900911020000422,0.31926561578762247,1.5797014415046664,0.05973687533872598,True
P04637,393,PU,4,14.011288020999928,0.06387065814973097,4.019045143000767,0.16894527762859068,3.498537953346087,0.1323050658411695,True
P04637,393,PU,8,14.011288020999928,0.06387065814973097,2.7440020340000046,0.3811410142499943,5.106150741650618,0.5376526676931693,True
P04637,393,PU,12,14.011288020999928,0.06387065814973097,2.274838837000061,0.06680689414712164,6.159244247595704,0.19844562415767247,True
P0AEX9,396,PU,1,14.082491940000182,0.07655310884008333,9.09108499300055,0.2748203659822624,1.54904414058857,0.05456280691411381,True
P0AEX9,396,PU,4,14.082491940000182,0.07655310884008333,4.2523603579993505,0.21728132340776812,3.3116882753148675,0.14430223077459522,True
P0AEX9,396,PU,8,14.082491940000182,0.07655310884008333,3.0106748650014197,0.34838633516917344,4.677520015099186,0.4583530646030879,True
P0AEX9,396,PU,12,14.082491940000182,0.07655310884008333,2.517337608998787,0.050269730354098076,5.600630353513808,0.13628082173832642,True
P0DTC9,419,PU,1,14.758272463999674,0.1634982944860008,9.461167495999689,0.22061135563846412,1.580584853541892,0.04849464937372376,True
P0DTC9,419,PU,4,14.758272463999674,0.1634982944860008,6.4762100230000215,0.10124984264455501,2.3036693678964686,0.01744155046434445,True
P0DTC9,419,PU,8,14.758272463999674,0.1634982944860008,4.480513395999878,0.02308921730612987,3.293879776629079,0.053255688904022526,True
P0DTC9,419,PU,12,14.758272463999674,0.1634982944860008,4.211399390000224,0.0605554097324328,3.4557923393724246,0.0800875407156771,True
O59010,425,PU,1,14.650200316000337,0.15855412476184644,9.338279102999877,0.2828755645155096,1.5551133183986772,0.05220124210169521,True
O59010,425,PU,4,14.650200316000337,0.15855412476184644,5.314753190999909,0.3430632416319082,2.732409517828805,0.1690926199031994,True
O59010,425,PU,8,14.650200316000337,0.15855412476184644,3.712224580000111,0.14797075842853155,3.911962191683653,0.16640339454111136,True
O59010,425,PU,12,14.650200316000337,0.15855412476184644,3.342676541999026,0.24144413737917808,4.344447337795508,0.3278707831033009,True
P60705,429,PU,1,14.751089618999686,0.15675784699601045,9.411212035000062,0.4208193787353209,1.5673953114796215,0.09476653551310651,True
P60705,429,PU,4,14.751089618999686,0.15675784699601045,4.317097929999363,0.41322494215472805,3.4168994676944613,0.2418386573618404,True
P60705,429,PU,8,14.751089618999686,0.15675784699601045,2.991401142999166,0.2026694439449165,4.939679048980054,0.3221316091550632,True
P60705,429,PU,12,14.751089618999686,0.15675784699601045,2.929193215999476,0.18269128516751373,5.033487277134071,0.40509746284085457,True
P0A855,430,PU,1,14.719412098998873,0.1749894076103405,8.721097298999666,0.38350540600563776,1.7096447436856985,0.08047253363743677,True
P0A855,430,PU,4,14.719412098998873,0.1749894076103405,4.406108299999687,0.27930030075852175,3.4184086199154806,0.21737107237361514,True
P0A855,430,PU,8,14.719412098998873,0.1749894076103405,4.625687822001055,0.33977173661752547,3.2561381512521446,0.23677004807633373,True
P0A855,430,PU,12,14.719412098998873,0.1749894076103405,4.000401747000069,0.061270606643594495,3.6664846291999442,0.08320169754865031,True
P0A6P9,432,PU,1,14.934793492000608,0.10722106482513967,9.51053723699988,0.4572686205189881,1.5753060855188419,0.07120995753308973,True
P0A6P9,432,PU,4,14.934793492000608,0.10722106482513967,4.3494402109990915,0.42164598977075324,3.4337277367861554,0.29786501757369876,True
P0A6P9,432,PU,8,14.934793492000608,0.10722106482513967,3.112440075001359,0.40089451055712044,4.734117007535668,0.49957857542310974,True
P0A6P9,432,PU,12,14.934793492000608,0.10722106482513967,2.6507232769999973,0.0496921090876069,5.634233351171731,0.07019834038683892,True
P56252,433,PU,1,14.812387936999585,0.024116970545917684,9.610193816999526,0.3693461090076676,1.5379679302466807,0.06369122325475432,True
P56252,433,PU,4,14.812387936999585,0.024116970545917684,4.169460285000241,0.2720811945828375,3.5590123012762125,0.20450706873349186,True
P56252,433,PU,8,14.812387936999585,0.024116970545917684,3.261783101999754,0.32130113037195634,4.531315980188472,0.441429124229362,True
P56252,433,PU,12,14.812387936999585,0.024116970545917684,2.3813413529987884,0.2429238739911016,6.231429368709254,0.5309781081053335,True
P34690,448,PU,1,15.425972176000869,0.22041433294186757,9.443827352999506,0.402525778729197,1.6334449582140382,0.09770811786205741,True
P34690,448,PU,4,15.425972176000869,0.22041433294186757,4.312430637999569,0.3850174314102515,3.5770945601009365,0.23706004235247854,True
P34690,448,PU,8,15.425972176000869,0.22041433294186757,2.735108106999178,0.2907222839155775,5.585682518692507,0.5147961564856147,True
P34690,448,PU,12,15.425972176000869,0.22041433294186757,2.3053761110004416,0.09008406492755713,6.710196080342586,0.31401111212817345,True
P00439,452,PU,1,15.568466806000288,0.08516708160331415,9.979332114999124,0.3861672685777828,1.55346867108466,0.07396515446057386,True
P00439,452,PU,4,15.568466806000288,0.08516708160331415,4.559666290999303,0.3592725243443089,3.4143873284613293,0.21667387426547524,True
P00439,452,PU,8,15.568466806000288,0.08516708160331415,3.2653228260005562,0.34707959446320114,4.8102266042212865,0.42534909922185976,True
P00439,452,PU,12,15.568466806000288,0.08516708160331415,2.8700185189991316,0.273448935734693,5.4245178917624255,0.48092124607852693,True
P02994,458,PU,1,15.506196213000294,0.20145792195888115,9.731084777000433,0.1575440370843352,1.5909167832541615,0.047881993961935196,True
P02994,458,PU,4,15.506196213000294,0.20145792195888115,4.207015414000125,0.2226163292837831,3.679888131495828,0.13983899696958993,True
P02994,458,PU,8,15.506196213000294,0.20145792195888115,3.01581650099979,0.2336862689695839,5.2790299800140685,0.4005552113055403,True
P02994,458,PU,12,15.506196213000294,0.20145792195888115,2.2121059379987855,0.1294782776815193,7.039997209906019,0.4132608556659921,True
O14926,492,PU,1,16.834076782999546,0.062405995606310286,10.758035041000767,0.10708538427204166,1.5620559515773398,0.01922172045622304,True
O14926,492,PU,4,16.834076782999546,0.062405995606310286,4.817287292999026,0.020776102746400526,3.4750827897014704,0.0197314289137676,True
O14926,492,PU,8,16.834076782999546,0.062405995606310286,3.9852926369985653,0.15129701548707106,4.224050356231245,0.1559877575621954,True
O14926,492,PU,12,16.834076782999546,0.062405995606310286,3.3682987310003227,0.15066094860591425,4.997798036161756,0.24476029251609704,True
P08684,503,PU,1,17.728055940999184,0.2600172897301097,10.184106286000315,0.3693772469254074,1.7550799124681913,0.08255755877938982,True
P08684,503,PU,4,17.728055940999184,0.2600172897301097,4.915804861999277,0.3655204649926471,3.6360109627563197,0.22455148926294696,True
P08684,503,PU,8,17.728055940999184,0.2600172897301097,3.01499064500058,0.007437648756183472,5.901318220772173,0.09603436403804205,True
P08684,503,PU,12,17.728055940999184,0.2600172897301097,2.5021868999992876,0.04353607293412107,7.08502468021243,0.21781409137293628,True
P0ABB0,513,PU,1,17.400852294998913,0.37308276526049383,11.476293132000137,0.06973191877037599,1.5162432760173161,0.042226344925681676,True
P0ABB0,513,PU,4,17.400852294998913,0.37308276526049383,5.237516826000501,0.06611736541539075,3.359626519909916,0.08963155150560324,True
P0ABB0,513,PU,8,17.400852294998913,0.37308276526049383,4.331715493999582,0.37856266366697094,4.003594982639486,0.4305685129022118,True
P0ABB0,513,PU,12,17.400852294998913,0.37308276526049383,3.577200437999636,0.3898207672479851,4.848046599171363,0.40375012103340074,True
P0AG67,557,PU,1,19.499985272999766,0.3755535839863209,12.085096843000429,0.2873739580854625,1.6135563931615466,0.06548467235534694,True
P0AG67,557,PU,4,19.499985272999766,0.3755535839863209,5.858639305999532,0.2247039800289348,3.3425637830181256,0.17936390449015102,True
P0AG67,557,PU,8,19.499985272999766,0.3755535839863209,4.022219942999072,0.18486519637271634,4.66110803702602,0.2684592819379993,True
P0AG67,557,PU,12,19.499985272999766,0.3755535839863209,3.467520035999769,0.10890568772456942,5.647516195635845,0.08281658586148563,True
Q13117,558,PU,1,19.142174982000142,0.4117254129328896,11.696645501000603,0.06100125040446193,1.6216018441047326,0.040128619311885015,True
Q13117,558,PU,4,19.142174982000142,0.4117254129328896,4.917665713001043,0.017925091413431984,3.9046200219776286,0.0722315206819154,True
Q13117,558,PU,8,19.142174982000142,0.4117254129328896,3.6064518020011747,0.40564471526896834,5.3077584376362354,0.680890451477432,True
Q13117,558,PU,12,19.142174982000142,0.4117254129328896,2.90427295399968,0.21123824328533683,6.591038543962646,0.42422123296896286,True
P02768,609,PU,1,21.011714435000613,0.4193727131538248,13.148339873998339,0.18652526964878963,1.5790401043120914,0.047861165759822744,True
P02768,609,PU,4,21.011714435000613,0.4193727131538248,6.119621666999592,0.3474764979493177,3.433498928260137,0.24012911522507302,True
P02768,609,PU,8,21.011714435000613,0.4193727131538248,4.258226392001234,0.3044612001713032,4.799980358177234,0.3020986425954213,True
P02768,609,PU,12,21.011714435000613,0.4193727131538248,3.568497276999551,0.3261857438929167,5.700414796197783,0.3801199359047112,True
P10591,642,PU,1,21.92602369800079,0.4424090895827369,13.686323527999775,0.0732433725268938,1.6113845404116867,0.026852391466363628,True
P10591,642,PU,4,21.92602369800079,0.4424090895827369,6.3292996659984055,0.34579364052276773,3.4642100793219597,0.2489242003840549,True
P10591,642,PU,8,21.92602369800079,0.4424090895827369,4.257376254998235,0.3233674016010392,5.150125895558151,0.25500676803380257,True
P10591,642,PU,12,21.92602369800079,0.4424090895827369,3.464337240999157,0.36032229965263896,6.388961563044746,0.577287797628211,True
A0A1B0GR13,642,PU,1,21.870627000997047,0.3567379039547802,13.620039262998034,0.0837296050745557,1.6226300416243593,0.026155900538396594,True
A0A1B0GR13,642,PU,4,21.870627000997047,0.3567379039547802,6.608172848998947,0.3753288149302263,3.309633010630187,0.24081651866055068,True
A0A1B0GR13,642,PU,8,21.870627000997047,0.3567379039547802,4.239854102997924,0.32320624943277526,5.158344242442852,0.26947130788040347,True
A0A1B0GR13,642,PU,12,21.870627000997047,0.3567379039547802,3.5022464850007964,0.29671284992645564,6.232979334689072,0.5185290246836962,True
P23246,707,PU,1,23.977184680999926,0.09393593781725085,15.160338720001164,0.18239783435390652,1.581573151091052,0.013178478272959497,True
P23246,707,PU,4,23.977184680999926,0.09393593781725085,6.878763701002754,0.11683810525585084,3.4627425798228555,0.053783869850306,True
P23246,707,PU,8,23.977184680999926,0.09393593781725085,4.262779824999598,0.03917875203799416,5.596040548564717,0.049042929405489544,True
P23246,707,PU,12,23.977184680999926,0.09393593781725085,4.098264760999882,0.06526787504809306,5.850569955648752,0.11574203795816351,True
D4GQN5,717,PU,1,24.857585090998327,0.18541200739417568,20.402516819001903,0.3650095299863166,1.20284395492538,0.023907950611488617,True
D4GQN5,717,PU,4,24.857585090998327,0.18541200739417568,17.372233229001722,0.21259945812198522,1.4166971298357391,0.01794097767228033,True
D4GQN5,717,PU,8,24.857585090998327,0.18541200739417568,17.912456952002685,0.3230253612415657,1.393467559098995,0.03377535823332005,True
D4GQN5,717,PU,12,24.857585090998327,0.18541200739417568,18.13571424100155,0.5330796929103034,1.3531887244626406,0.03710542549053926,True
P07901,733,PU,1,25.429231666003034,0.206034675696891,15.734464342000138,0.29251454869125915,1.6161485458468754,0.04163632633258186,True
P07901,733,PU,4,25.429231666003034,0.206034675696891,7.3899249189998955,0.32706025420431156,3.398689804875449,0.1528542430177472,True
P07901,733,PU,8,25.429231666003034,0.206034675696891,5.209904217001167,0.3177712414733204,4.820829987438202,0.25249628922068096,True
P07901,733,PU,12,25.429231666003034,0.206034675696891,4.246566628000437,0.14318122736952701,5.988186196898738,0.2558019723848227,True
P18278,742,PU,1,25.719185150999692,0.07048555778881518,16.35362837899811,0.21476851340450914,1.5717664838227026,0.01600362254499349,True
P18278,742,PU,4,25.719185150999692,0.07048555778881518,9.25375620900013,0.2916142663318911,2.779323830250187,0.09960157653942524,True
P18278,742,PU,8,25.719185150999692,0.07048555778881518,7.351236126000003,0.3296698059362422,3.4986204646638335,0.1471991869707129,True
P18278,742,PU,12,25.719185150999692,0.07048555778881518,6.002218310000899,0.29409125856887475,4.305761553588007,0.19756576328101458,True
P15056,766,PU,1,26.650599839998904,0.09622112791116583,16.13825822599756,0.20136134819726154,1.6585911658595545,0.01852420910986235,True
P15056,766,PU,4,26.650599839998904,0.09622112791116583,7.319430210001883,0.304271046832937,3.6569475707854253,0.1504272754932461,True
P15056,766,PU,8,26.650599839998904,0.09622112791116583,4.806123425998521,0.198649701120066,5.5451342959345595,0.1994095328898896,True
P15056,766,PU,12,26.650599839998904,0.09622112791116583,3.727768313001434,0.21361835077998564,7.117150401613353,0.36775395574370584,True
P05067,770,PU,1,26.097094714998093,0.8431546595973292,16.37392503999945,0.1693498747101148,1.6001063827820692,0.0347046134641866,True
P05067,770,PU,4,26.097094714998093,0.8431546595973292,8.379478630002268,0.3894662453520147,3.114405545657562,0.24442587167973887,True
P05067,770,PU,8,26.097094714998093,0.8431546595973292,6.2213326250021055,0.32518804172973415,4.214101928207784,0.12989724295071184,True
P05067,770,PU,12,26.097094714998093,0.8431546595973292,5.376587205002579,0.38622400640491983,4.853840125705833,0.5295399425386409,True
O81472,773,PU,1,26.630307331997756,0.06520752874105386,16.51881293900078,0.10281490451175937,1.611381919472205,0.013676171888943853,True
O81472,773,PU,4,26.630307331997756,0.06520752874105386,7.923757840002509,0.16948468931251548,3.350378760942708,0.07040590447718732,True
O81472,773,PU,8,26.630307331997756,0.06520752874105386,5.367341396999109,0.07775142326295044,4.946134037391489,0.07158783142481878,True
O81472,773,PU,12,26.630307331997756,0.06520752874105386,4.539096512999095,0.2461590748611212,5.848650694685718,0.336954508349923,True
P04150,777,PU,1,26.83152023799994,0.04968491101311298,16.13382062399978,0.024699033371154113,1.6633748675469302,0.001147064133049312,True
P04150,777,PU,4,26.83152023799994,0.04968491101311298,8.02067976699982,0.4443904266219326,3.350180820652863,0.20951491802132,True
P04150,777,PU,8,26.83152023799994,0.04968491101311298,4.869656931998179,0.40258728519870124,5.5179919035847425,0.38996100142646145,True
P04150,777,PU,12,26.83152023799994,0.04968491101311298,3.838964954000403,0.23914760790719225,6.999471952980597,0.4276521412832555,True
P31554,784,PU,1,24.439359986001364,0.23038535836402774,15.717980407000141,0.11121637050084444,1.5548664238770191,0.02532221349214098,True
P31554,784,PU,4,24.439359986001364,0.23038535836402774,7.468607483002415,0.4367075883611948,3.264096096529994,0.14631299267415554,True
P31554,784,PU,8,24.439359986001364,0.23038535836402774,6.125943364997511,0.3380023025277156,3.9448737546416024,0.24858658525408817,True
P31554,784,PU,12,24.439359986001364,0.23038535836402774,4.743467844000406,0.395301693165748,5.152213694652226,0.33093888884494077,True
P56201,797,PU,1,27.584819327999867,0.1006993008585702,18.204650572999526,0.21787625517660492,1.5100554713077383,0.013862716342903016,True
P56201,797,PU,4,27.584819327999867,0.1006993008585702,10.468905663998157,0.3598696005441286,2.625874478508275,0.10536810017064434,True
P56201,797,PU,8,27.584819327999867,0.1006993008585702,8.441264960998524,0.3220748938777313,3.2678537465001973,0.1126273734761957,True
P56201,797,PU,12,27.584819327999867,0.1006993008585702,7.344519969999965,0.3879792330326282,3.776235787946583,0.19720129858453553,True
P21802,821,PU,1,28.464330860999326,0.11128027618909404,18.406016087999888,0.062233180435384367,1.5464688678370289,0.011230526152435394,True
P21802,821,PU,4,28.464330860999326,0.11128027618909404,8.275800561001233,0.0640597720410416,3.4187468268433228,0.018265014019252873,True
P21802,821,PU,8,28.464330860999326,0.11128027618909404,6.605160442002671,0.09287153703428468,4.309407941099005,0.07723687546034046,True
P21802,821,PU,12,28.464330860999326,0.11128027618909404,4.643167566002376,0.03167394065148974,6.149099967456793,0.06106749810373196,True
F4IP69,838,PU,1,28.826079293001385,0.03770418567531182,18.633011480997084,0.2951965211503459,1.547043499779932,0.022231951312279084,True
F4IP69,838,PU,4,28.826079293001385,0.03770418567531182,10.690906714000448,0.12846437093584984,2.6963175401438804,0.035330834460718816,True
F4IP69,838,PU,8,28.826079293001385,0.03770418567531182,8.692811855002219,0.354000956330932,3.31291865191234,0.14870620930948392,True
F4IP69,838,PU,12,28.826079293001385,0.03770418567531182,7.061646545997064,0.44259976904601384,4.078167654585629,0.2214840071706756,True
P28366,841,PU,1,28.92589885200141,0.07179489443689861,17.819887301000563,0.1720489703701942,1.6232369129729154,0.0184889697252751,True
P28366,841,PU,4,28.92589885200141,0.07179489443689861,8.73466729899883,0.19228096261443,3.3116199921337484,0.0683928721323161,True
P28366,841,PU,8,28.92589885200141,0.07179489443689861,5.821170581999468,0.1471830387333685,4.96908627646948,0.1328829555391315,True
P28366,841,PU,12,28.92589885200141,0.07179489443689861,4.7071262979989115,0.17984914804809446,6.145129112915105,0.2312678192254826,True
B0R8E4,852,PU,1,29.18972700499944,0.27476962065675237,17.79222365199894,0.21852807428000787,1.6490547971794143,0.031128663409086165,True
B0R8E4,852,PU,4,29.18972700499944,0.27476962065675237,7.962670700002491,0.11705354149882843,3.6445307401690292,0.08458369962487462,True
B0R8E4,852,PU,8,29.18972700499944,0.27476962065675237,5.79745245900267,0.2072471734515984,5.117600172456062,0.19011749505073533,True
B0R8E4,852,PU,12,29.18972700499944,0.27476962065675237,3.9251207209999848,0.1144406484186454,7.418692965477628,0.23043598081715533,True
A0A0K1IRS6,855,PU,1,29.514877424000588,0.20169716314133587,28.455755124999996,0.14067747344539272,1.0435132557556708,0.007091314937621773,True
A0A0K1IRS6,855,PU,4,29.514877424000588,0.20169716314133587,29.308506395998847,0.17149603931352675,1.0070413355499384,0.012893661287962314,True
A0A0K1IRS6,855,PU,8,29.514877424000588,0.20169716314133587,31.51753545899919,0.48011822417459954,0.9364589265679152,0.018936566494330447,True
A0A0K1IRS6,855,PU,12,29.514877424000588,0.20169716314133587,32.17453703999854,0.18158334839889662,0.9256820149083561,0.005008124868198098,True
P0A9Q7,891,PU,1,30.499503150000237,0.3193425653838704,19.300356321000436,0.20896597799711214,1.5762871084352996,0.03165462901665943,True
P0A9Q7,891,PU,4,30.499503150000237,0.3193425653838704,9.470323851001012,0.209625152513912,3.220534337564015,0.03657445539476389,True
P0A9Q7,891,PU,8,30.499503150000237,0.3193425653838704,6.650609435000661,0.25551319252279625,4.609372926432467,0.1933349953124609,True
P0A9Q7,891,PU,12,30.499503150000237,0.3193425653838704,5.364580600999034,0.321245799431066,5.68534717221331,0.26758288251055923,True
P10408,901,PU,1,30.873021128998516,0.126596427887864,19.748643681999965,0.20405166078434933,1.5632983017025084,0.021345079210859534,True
P10408,901,PU,4,30.873021128998516,0.126596427887864,9.906193949002045,0.21682426999641294,3.1165371168720837,0.05332537462801677,True
P10408,901,PU,8,30.873021128998516,0.126596427887864,7.1246207379990665,0.23918477189121953,4.328711768124505,0.11940599720308859,True
P10408,901,PU,12,30.873021128998516,0.126596427887864,6.084550493000279,0.2733026262900151,5.068645525660368,0.25571719383794467,True
P19367,917,PU,1,32.250574485999095,0.4555690454204695,19.42798687100003,0.27306278414411334,1.6600059851872362,0.04569426140349515,True
P19367,917,PU,4,32.250574485999095,0.4555690454204695,9.754724632999569,0.3370750020463566,3.3225383749283606,0.07440950037833172,True
P19367,917,PU,8,32.250574485999095,0.4555690454204695,6.410662170997966,0.2872194570580729,5.030771178662587,0.27467288034563186,True
P19367,917,PU,12,32.250574485999095,0.4555690454204695,5.238552249997156,0.30216924872340306,6.156390725322365,0.2764587349171491,True
P10275,920,PU,1,31.507696549000684,0.4246436688934336,19.331150001002243,0.32653901392324575,1.6298925075521702,0.047396297345888294,True
P10275,920,PU,4,31.507696549000684,0.4246436688934336,8.910411470002146,0.22448953019734444,3.5360540481295075,0.041312331501994225,True
P10275,920,PU,8,31.507696549000684,0.4246436688934336,6.146409598004539,0.21499335511358886,5.110316922288606,0.2549674086661003,True
P10275,920,PU,12,31.507696549000684,0.4246436688934336,4.336666889001208,0.3027129533817937,7.242912998382004,0.3563408335779805,True
Q18H12,931,PU,1,31.897782889995142,0.24882570725709952,22.426210129997344,0.3626491655328033,1.4223438871344831,0.03469745150108259,True
Q18H12,931,PU,4,31.897782889995142,0.24882570725709952,13.696283504003077,0.10224481770127442,2.3455812387817203,0.008201205910596924,True
Q18H12,931,PU,8,31.897782889995142,0.24882570725709952,12.074308144998213,0.1380239840780397,2.634953348218925,0.01038654312687222,True
Q18H12,931,PU,12,31.897782889995142,0.24882570725709952,11.051989268999023,0.2601146151290361,2.902165079670003,0.054094950524163556,True
P43261,934,PU,1,28.800325317002716,0.18773890886519035,18.41821302199969,0.2559534964936972,1.5830721635793297,0.018713661853233258,True
P43261,934,PU,4,28.800325317002716,0.18773890886519035,9.192342759000894,0.24281364283438964,3.171918313147313,0.08971212597784005,True
P43261,934,PU,8,28.800325317002716,0.18773890886519035,7.122521841003618,0.17262044365325913,4.033380788054329,0.11061703091200653,True
P43261,934,PU,12,28.800325317002716,0.18773890886519035,5.7718819880028605,0.08523104748225452,4.98976336953278,0.047542602904499326,True
P62944,937,PU,1,32.10351323099894,0.17662190397912847,20.10887616599939,0.16187617951381353,1.5964847048628403,0.021553533301370373,True
P62944,937,PU,4,32.10351323099894,0.17662190397912847,9.751416220002284,0.18762145943286485,3.316865364883201,0.0518727250022524,True
P62944,937,PU,8,32.10351323099894,0.17662190397912847,6.295592200003739,0.2693557607352216,5.099363524686347,0.22452313580875796,True
P62944,937,PU,12,32.10351323099894,0.17662190397912847,5.261576311997487,0.23309467108029375,6.1491328597153165,0.2696354661415773,True
P02798,61,PU,1,2.7643376720000106,0.32082526786065685,1.5216494479999483,0.009146807771486772,1.8179206188932076,0.20184715928037925,True
P02798,61,PU,4,2.7643376720000106,0.32082526786065685,0.7817252859999826,0.0006325754476013924,3.5324197534762467,0.41151626999140895,True
P02798,61,PU,8,2.7643376720000106,0.32082526786065685,0.5825156309999784,0.009772070868694695,4.7686265763588915,0.607569451329582,True
P02798,61,PU,12,2.7643376720000106,0.32082526786065685,0.530165358999966,0.07505809397170825,5.3215420057341545,1.0577908211353955,True
Q941C7,75,PU,1,3.438276050000013,0.36218098277189886,2.935366208000005,0.2961520857741629,1.1713278025172413,0.2583631896846119,True
Q941C7,75,PU,4,3.438276050000013,0.36218098277189886,2.1242481929999713,0.021337765560306428,1.618584900450971,0.18889745082803513,True
Q941C7,75,PU,8,3.438276050000013,0.36218098277189886,2.1477408379998906,0.01641855790807816,1.600880324649388,0.1595356998513563,True
Q941C7,75,PU,12,3.438276050000013,0.36218098277189886,2.2233517490000168,0.014770903440854181,1.5464381879954108,0.17457740932269455,True
B3H5J1,88,PU,1,3.53339559799997,0.13922343527669187,2.266863482999952,0.19358644712032094,1.5323749083482932,0.06973054349640503,True
B3H5J1,88,PU,4,3.53339559799997,0.13922343527669187,1.2697311790000185,0.1452713916577698,2.735763899832606,0.3249438429133999,True
B3H5J1,88,PU,8,3.53339559799997,0.13922343527669187,1.0037724640001215,0.15108138137957267,3.4606296213358996,0.47844962702595417,True
B3H5J1,88,PU,12,3.53339559799997,0.13922343527669187,0.935272778999888,0.11293001307666274,3.8267268800943923,0.43246152652868536,True
P0A7U3,92,PU,1,3.67432966399997,0.4282662768816419,2.1693893280000793,0.2049761576737719,1.6945145047116197,0.06827617094842132,True
P0A7U3,92,PU,4,3.67432966399997,0.4282662768816419,1.049604269999918,0.08624499744118343,3.217735620492775,0.5570704148534661,True
P0A7U3,92,PU,8,3.67432966399997,0.4282662768816419,0.6671457120000923,0.0835978374047321,5.13236722319005,0.9194958106092623,True
P0A7U3,92,PU,12,3.67432966399997,0.4282662768816419,0.6127659410001343,0.07999536864428203,5.51164616213438,1.1275904238187093,True
P02798,61,PU,-1,2.3545677770000566,0.3340825369913069,0.626316332999977,0.0049884158758174,3.815778197864526,0.5271666247925751,True
Q941C7,75,PU,-1,2.9667631840000013,0.2955479752640598,2.37267616500003,0.2011859328527637,1.3534550570622743,0.135210788083342,True
B3H5J1,88,PU,-1,3.503982872999813,0.1531473868608807,1.4371565550000014,0.2098927674628667,2.2664564389458914,0.258529364724618,True
