protein_id,K,alpha,predicted_tok_per_step,measured_tok_per_step,measured_speedup,measured_acceptance
P02798,1,0.3193359375,1.3193359375,1.2156862745098038,1.201277565185403,0.22
P02798,4,0.3193359375,1.4642747920888723,1.24,1.0043039991454197,0.06217616580310881
P02798,8,0.3193359375,1.4691027812703794,1.24,1.1329074377108217,0.03234501347708895
P02798,12,0.3193359375,1.4691529874843154,1.24,1.096807893188018,0.0225140712945591
Q941C7,1,0.3818359375,1.3818359375,1.3818181818181818,1.2076807159361875,0.3888888888888889
Q941C7,4,0.3818359375,1.604563053552738,1.5510204081632653,1.2082598770476627,0.14285714285714285
Q941C7,8,0.3818359375,1.6174144051581618,1.5510204081632653,1.2487324713779846,0.0743801652892562
Q941C7,12,0.3818359375,1.6176875896293526,1.5510204081632653,1.2145063450087095,0.05172413793103448
B3H5J1,1,0.499267578125,1.499267578125,1.289855072463768,1.097024045908951,0.29411764705882354
B3H5J1,4,0.499267578125,1.9351217734950446,1.3484848484848484,1.0802898740548794,0.09055118110236221
B3H5J1,8,0.499267578125,1.9932251842401991,1.3692307692307693,1.139744553475525,0.049586776859504134
B3H5J1,12,0.499267578125,1.9968354160152568,1.3692307692307693,1.0930865159779282,0.03404255319148936
P0A7U3,1,0.335205078125,1.335205078125,1.3676470588235294,1.2301761753258698,0.373134328358209
P0A7U3,4,0.335205078125,1.4978573033911893,1.5245901639344261,1.255651316518525,0.13617021276595745
P0A7U3,8,0.335205078125,1.504142910619032,1.5245901639344261,1.1466434909801404,0.0700218818380744
P0A7U3,12,0.335205078125,1.5042222684148372,1.5245901639344261,1.1937780400917368,0.0481203007518797
P01308,1,0.370361328125,1.370361328125,1.247191011235955,1.1014903282199224,0.25
P01308,4,0.370361328125,1.5771453106472713,1.3373493975903614,1.141271295829984,0.08695652173913043
P01308,8,0.370361328125,1.5880042573763442,1.3373493975903614,1.0771425005418753,0.044585987261146494
P01308,12,0.370361328125,1.5882085676633544,1.3373493975903614,0.9682094872704906,0.03036876355748373
P61769,1,0.343505859375,1.343505859375,1.3333333333333333,1.2219249798899963,0.33707865168539325
P61769,4,0.343505859375,1.5159576678070188,1.5,1.3901694539331952,0.12903225806451613
P61769,8,0.343505859375,1.523141408854081,1.5,1.3388963148494046,0.06622516556291391
P61769,12,0.343505859375,1.5232414289500136,1.518987341772152,1.2710286476430916,0.046857142857142854
P00698,1,0.33984375,1.33984375,1.2758620689655173,1.1350326975260874,0.27586206896551724
P00698,4,0.33984375,1.507926173740998,1.4230769230769231,1.2860139657518983,0.10679611650485436
P00698,8,0.33984375,1.514701305446044,1.4230769230769231,1.1202861113520186,0.05432098765432099
P00698,12,0.33984375,1.514791677653648,1.4230769230769231,1.1232404174877046,0.036758563074352546
P68871,1,0.231689453125,1.231689453125,1.2982456140350878,1.157285521412164,0.3008849557522124
P68871,4,0.231689453125,1.3006880889699381,1.3962264150943395,1.2117662464881298,0.10144927536231885
P68871,8,0.231689453125,1.3015545345342976,1.3962264150943395,1.0899987360219023,0.051597051597051594
P68871,12,0.231689453125,1.3015570312341787,1.3962264150943395,1.057051442419332,0.035
P16949,1,0.2427978515625,1.2427978515625,1.2295081967213115,0.9497374327744347,0.23140495867768596
P16949,4,0.2427978515625,1.3195369715125163,1.3043478260869565,1.097344113300891,0.07777777777777778
P16949,8,0.2427978515625,1.3206474252565499,1.3043478260869565,0.969376060403388,0.03954802259887006
P16949,12,0.2427978515625,1.3206512843014415,1.3043478260869565,0.9841970270449844,0.026676829268292682
P0DP27,1,0.282470703125,1.282470703125,1.3888888888888888,1.3142932160710377,0.3925233644859813
P0DP27,4,0.282470703125,1.3911650493068386,1.6666666666666667,1.4551171335296746,0.17142857142857143
P0DP27,8,0.282470703125,1.3936553608834161,1.6853932584269662,1.5498090183866136,0.09010339734121123
P0DP27,12,0.282470703125,1.3936712151928936,1.6853932584269662,1.3002748853079567,0.06087824351297405
P68082,1,0.38671875,1.38671875,1.3025210084033614,1.142835104401321,0.3025210084033613
P68082,4,0.38671875,1.6164700875524431,1.4485981308411215,1.2916236901400189,0.11347517730496454
P68082,8,0.38671875,1.6302578224890685,1.5048543689320388,1.2068279731682918,0.06467661691542288
P68082,12,0.38671875,1.630566193711811,1.5048543689320388,1.1840216852048648,0.04355108877721943
P00441,1,0.346923828125,1.346923828125,1.3135593220338984,1.137055246307792,0.3162393162393162
P00441,4,0.346923828125,1.5235199853901271,1.4903846153846154,1.212517965688857,0.12561576354679804
P00441,8,0.346923828125,1.5311034870362703,1.4903846153846154,1.275062657024667,0.06390977443609022
P00441,12,0.346923828125,1.5312133386156217,1.4903846153846154,1.1831280618770315,0.04311073541842773
P0A7Y4,1,0.39990234375,1.39990234375,1.3448275862068966,1.3311836851884697,0.34782608695652173
P0A7Y4,4,0.39990234375,1.649352373883687,1.5445544554455446,1.3314705071275696,0.13959390862944163
P0A7Y4,8,0.39990234375,1.6659595667897933,1.5445544554455446,1.3646015131957963,0.07096774193548387
P0A7Y4,12,0.39990234375,1.6663842959003856,1.5445544554455446,1.3237130752809059,0.04790940766550523
P04808,1,0.428955078125,1.428955078125,1.1772151898734178,1.0346405523435909,0.17834394904458598
P04808,4,0.428955078125,1.7257432313070389,1.273972602739726,1.0294801800957307,0.06944444444444445
P04808,8,0.428955078125,1.750314650897464,1.282758620689655,1.0079066263607142,0.03602811950790861
P04808,12,0.428955078125,1.7511465631146836,1.282758620689655,0.9723136156099529,0.024146054181389872
P0A7L0,1,0.34228515625,1.34228515625,1.2912087912087913,1.157102525075237,0.292817679558011
P0A7L0,4,0.34228515625,1.5132723762554292,1.407185628742515,1.215113333448597,0.1033434650455927
P0A7L0,8,0.34228515625,1.5203176870192359,1.407185628742515,1.1418201468486189,0.052307692307692305
P0A7L0,12,0.34228515625,1.5204143927958464,1.407185628742515,1.1469907911348989,0.03517847904811174
P42212,1,0.57421875,1.57421875,1.3895348837209303,1.2032571661387195,0.391812865497076
P42212,4,0.57421875,2.202001456404105,1.5827814569536425,1.3241064083722893,0.1476510067114094
P42212,8,0.57421875,2.332683064981426,1.6369863013698631,1.3786502765927988,0.08150744960560911
P42212,12,0.57421875,2.346890770578926,1.5933333333333333,1.2699964388753269,0.05117883841288096
P63101,1,0.197265625,1.197265625,1.2947368421052632,1.1496912175570424,0.2962962962962963
P63101,4,0.197265625,1.2453699705802137,1.4137931034482758,1.2155999388240644,0.10495626822157435
P63101,8,0.197265625,1.2457415289613991,1.4137931034482758,1.1494978034890866,0.05309734513274336
P63101,12,0.197265625,1.2457420916041313,1.4137931034482758,1.0963392905874396,0.03574975173783516
P00766,1,0.42333984375,1.42333984375,1.3666666666666667,1.2269130334070728,0.3687150837988827
P00766,4,0.42333984375,1.7105446024334583,1.5279503105590062,1.309374045337563,0.13406940063091483
P00766,8,0.42333984375,1.7333662989293313,1.5471698113207548,1.226949351674464,0.07033144704931285
P00766,12,0.42333984375,1.7340992998263418,1.5471698113207548,1.1831772372338691,0.04723127035830619
P15378,1,0.483642578125,1.483642578125,1.439306358381503,1.2836952145743887,0.4418604651162791
P15378,4,0.483642578125,1.8853955814659606,1.7785714285714285,1.4751293657724391,0.19782214156079855
P15378,8,0.483642578125,1.9338390756214572,1.79136690647482,1.4442805168600825,0.10175763182238667
P15378,12,0.483642578125,1.936489610789148,1.79136690647482,1.456997809702769,0.0685785536159601
P05089,1,0.3525390625,1.3525390625,1.3130081300813008,1.1906285084302448,0.3142857142857143
P05089,4,0.3525390625,1.5360842047093684,1.454954954954955,1.2598191073025145,0.11425339366515837
P05089,8,0.3525390625,1.5443648082573107,1.454954954954955,1.2188719374493238,0.05735377626348666
P05089,12,0.3525390625,1.5444927142737832,1.4355555555555555,1.1258642170884334,0.0368282600526118
P00784,1,0.342041015625,1.342041015625,1.3463035019455254,1.2292722417706354,0.34765625
P00784,4,0.342041015625,1.512736295029189,1.5656108597285068,1.3662034460051355,0.14285714285714285
P00784,8,0.342041015625,1.5197541891251165,1.5871559633027523,1.3500015605743425,0.07472270869819031
P00784,12,0.342041015625,1.5198502440329102,1.5727272727272728,1.2196538165083268,0.048989113530326596
P02572,1,0.1849365234375,1.1849365234375,1.2442244224422443,1.0989990263778218,0.24503311258278146
P02572,4,0.1849365234375,1.2266328947316476,1.3368794326241136,1.117332308823469,0.08497316636851521
P02572,8,0.1849365234375,1.2268979971580962,1.3368794326241136,1.029921757403774,0.04279279279279279
P02572,12,0.1849365234375,1.2268983072600195,1.3368794326241136,1.0163404871360868,0.028666264333132168
O65508,1,0.2099609375,1.2099609375,1.2038216560509554,1.0925924055747882,0.20447284345047922
O65508,4,0.2099609375,1.2652437291408205,1.2684563758389262,1.121879399296062,0.0676818950930626
O65508,8,0.2099609375,1.2657591940888042,1.2727272727272727,1.0660189585290902,0.03461538461538462
O65508,12,0.2099609375,1.265760195824504,1.2727272727272727,1.0383264171827151,0.02323580034423408
P04637,1,0.2919921875,1.2919921875,1.1796407185628743,1.0444716618462682,0.18018018018018017
P04637,4,0.2919921875,1.4094158864327255,1.2351097178683386,1.0642866246698626,0.05924170616113744
P04637,8,0.2919921875,1.4123920008051385,1.2351097178683386,1.0058578385107397,0.029809220985691574
P04637,12,0.2919921875,1.4124136346914902,1.2351097178683386,0.962497882239031,0.02
P0AEX9,1,0.468017578125,1.468017578125,1.4128113879003559,1.2720584180580985,0.4142857142857143
P0AEX9,4,0.468017578125,1.8375515343271367,1.6008064516129032,1.3702096676076914,0.15173116089613034
P0AEX9,8,0.468017578125,1.877736185079677,1.620408163265306,1.3013405095723343,0.0784313725490196
P0AEX9,12,0.468017578125,1.879664193196098,1.6072874493927125,1.2368182362109095,0.05192107995846314
P0DTC9,1,0.43359375,1.43359375,1.1830985915492958,1.0466246968500919,0.18361581920903955
P0DTC9,4,0.43359375,1.7384597810450941,1.2923076923076924,1.101915460292923,0.07364341085271318
P0DTC9,8,0.43359375,1.7645608864859594,1.2962962962962963,1.0426800351554122,0.03755868544600939
P0DTC9,12,0.43359375,1.7654834386989873,1.3725490196078431,1.0203782568368758,0.03167546540705751
O59010,1,0.405517578125,1.405517578125,1.3107692307692307,1.1809198522503956,0.31076923076923074
O59010,4,0.405517578125,1.6636892177796803,1.4489795918367347,1.207939537007668,0.11262798634812286
O59010,8,0.405517578125,1.6816366986925908,1.453924914675768,1.1880507398774034,0.05713058419243986
O59010,12,0.405517578125,1.6821220343926295,1.453924914675768,1.1352518974879733,0.03820741166331514
P60705,1,0.313232421875,1.313232421875,1.2215909090909092,1.0964318574384848,0.2222222222222222
P60705,4,0.313232421875,1.4517060950859708,1.2684365781710913,1.0595895619796911,0.0676077265973254
P60705,8,0.313232421875,1.4560544279753114,1.2684365781710913,1.0042311851169339,0.034005979073243646
P60705,12,0.313232421875,1.4560962870494354,1.2874251497005988,0.9950922579003825,0.024384048768097535
P0A855,1,0.4619140625,1.4619140625,1.3682539682539683,1.223183895715147,0.36942675159235666
P0A855,4,0.4619140625,1.8193592263569371,1.5229681978798586,1.3337819828748907,0.13167259786476868
P0A855,8,0.4619140625,1.8566601069617656,1.5615942028985508,1.2391080634404295,0.07097069597069597
P0A855,12,0.4619140625,1.8583582091483755,1.5615942028985508,1.2484045511827093,0.04757519950890117
P0A6P9,1,0.29931640625,1.29931640625,1.312121212121212,1.1775755534611396,0.3130699088145897
P0A6P9,4,0.29931640625,1.423748991072955,1.4727891156462585,1.2443843123651726,0.11921097770154374
P0A6P9,8,0.29931640625,1.4271501800745832,1.477815699658703,1.186236965860054,0.060658578856152515
P0A6P9,12,0.29931640625,1.4271774794590502,1.477815699658703,1.126529699725517,0.04068584713746004
P56252,1,0.2349853515625,1.2349853515625,1.3231707317073171,1.1795383974577518,0.3241590214067278
P56252,4,0.2349853515625,1.3062279555565761,1.4612794612794613,1.2601811578871267,0.11629881154499151
P56252,8,0.2349853515625,1.3071616569260112,1.4612794612794613,1.2073496621939506,0.05854700854700855
P56252,12,0.2349853515625,1.3071645038190902,1.4612794612794613,1.1711612345126408,0.03930005737234653
P34690,1,0.1656494140625,1.1656494140625,1.226775956284153,1.0365518052786453,0.2273972602739726
P34690,4,0.1656494140625,1.1983874560633334,1.2755681818181819,1.0682427821613485,0.06938483547925609
P34690,8,0.1656494140625,1.1985368296553138,1.2755681818181819,1.0097848087032926,0.034892086330935254
P34690,12,0.1656494140625,1.1985369421244711,1.2755681818181819,0.9446101295099089,0.023396044380125422
P00439,1,0.1732177734375,1.1732177734375,1.2445054945054945,1.1239657575665811,0.24517906336088155
P00439,4,0.1732177734375,1.2093197291612336,1.1501272264631044,0.9991365646127393,0.037675606641123884
P00439,8,0.1732177734375,1.2095081721446919,1.1501272264631044,0.9090208634998213,0.018934531450577663
P00439,12,0.1732177734375,1.209508341793096,1.1501272264631044,0.9086361591320022,0.012688172043010752
P02994,1,0.2122802734375,1.2122802734375,1.2679558011049723,1.1137647063804945,0.26869806094182824
P02994,4,0.2122802734375,1.2689398220005723,1.3783783783783783,1.1413099633551895,0.09502262443438914
P02994,8,0.2122802734375,1.2694859490237238,1.3825301204819278,1.1247050537271543,0.04821564160971906
P02994,12,0.2122802734375,1.2694870580254447,1.3825301204819278,1.0252675185878284,0.03229908443540183
O14926,1,0.256103515625,1.256103515625,1.2325,1.1031680150958278,0.23308270676691728
O14926,4,0.256103515625,1.342792020897722,1.3007915567282322,1.1016749325026727,0.07559681697612732
O14926,8,0.256103515625,1.3442666841746465,1.3042328042328042,1.06791891194181,0.038410153640614564
O14926,12,0.256103515625,1.344273028055623,1.3042328042328042,0.9757685899217329,0.025727069351230425
P08684,1,0.414306640625,1.414306640625,1.3732970027247957,1.249848681511626,0.3743169398907104
P08684,4,0.414306640625,1.6865360847464252,1.5700934579439252,1.3926688067809918,0.14364207221350078
P08684,8,0.414306640625,1.706763991657952,1.5899053627760253,1.3726232122253177,0.07474020783373302
P08684,12,0.414306640625,1.707359981041631,1.5849056603773586,1.290567664635523,0.049626467449306294
P0ABB0,1,0.2315673828125,1.2315673828125,1.2445520581113803,1.0804044434436948,0.24514563106796117
P0ABB0,4,0.2315673828125,1.3004837529017055,1.3281653746770026,1.0968948665571483,0.08257477243172952
P0ABB0,8,0.2315673828125,1.301347786327429,1.3281653746770026,1.0734585645589962,0.04140854254972286
P0ABB0,12,0.2315673828125,1.3013502708336746,1.3281653746770026,1.0294388615869972,0.027699018538713194
P0AG67,1,0.396240234375,1.396240234375,1.3846153846153846,1.240842849024322,0.3855721393034826
P0AG67,4,0.396240234375,1.6401097656381616,1.5897435897435896,1.3773461511687883,0.1481746599856836
P0AG67,8,0.396240234375,1.655889102232829,1.603448275862069,1.2910848088145075,0.07616974972796518
P0AG67,12,0.396240234375,1.6562780784314963,1.603448275862069,1.2631862120861213,0.050946142649199416
Q13117,1,0.1903076171875,1.1903076171875,1.0875486381322956,0.9658410021815608,0.08771929824561403
Q13117,4,0.1903076171875,1.2347286455595354,1.118,0.9536146153361089,0.02964824120603015
Q13117,8,0.1903076171875,1.2350365321533636,1.1224899598393574,0.9152926996128055,0.015450861195542046
Q13117,12,0.1903076171875,1.2350369359990656,1.1224899598393574,0.8701865509730693,0.010342488979315022
P02768,1,0.39013671875,1.39013671875,1.3034188034188035,1.1324468284447842,0.30406852248394006
P02768,4,0.39013671875,1.624891651845303,1.421911421911422,1.20549736950207,0.10590988882387362
P02768,8,0.39013671875,1.639368433720777,1.421911421911422,1.1570022160069955,0.0531883632089333
P02768,12,0.39013671875,1.6397038154031074,1.421911421911422,1.1163364184677167,0.035608892386385996
P10591,1,0.245849609375,1.245849609375,1.3423799582463465,1.214551963110769,0.34309623430962344
P10591,4,0.245849609375,1.3248045284183299,1.505854800936768,1.2678925994854662,0.127208480565371
P10591,8,0.245849609375,1.3259911170027225,1.5129411764705882,1.206954754485625,0.06474606474606474
P10591,12,0.245849609375,1.3259954518944663,1.5129411764705882,1.1810048013391365,0.04329692154915591
A0A1B0GR13,1,0.1270751953125,1.1270751953125,1.0271565495207668,0.8798049272090455,0.0272
A0A1B0GR13,4,0.1270751953125,1.1455360855101306,1.0304487179487178,0.8714376660681329,0.007642799678197908
A0A1B0GR13,8,0.1270751953125,1.1455740356895103,1.0304487179487178,0.8143648740839537,0.0038337368845843423
A0A1B0GR13,12,0.1270751953125,1.1455740455854484,1.0304487179487178,0.7810125613795931,0.002564102564102564
P23246,1,0.0963134765625,1.0963134765625,1.018705035971223,0.8901709150428858,0.018731988472622477
P23246,4,0.0963134765625,1.106569243139557,1.018705035971223,0.862057266583083,0.004693140794223827
P23246,8,0.0963134765625,1.1065784133672618,1.018705035971223,0.8036481532914138,0.0023533671252715426
P23246,12,0.0963134765625,1.106578414156355,1.018705035971223,0.7686295146386631,0.0015734688937303317
D4GQN5,1,0.4384765625,1.4384765625,1.3572778827977316,1.1857308710883758,0.35795454545454547
D4GQN5,4,0.4384765625,1.7520050655593877,1.5341880341880343,1.282870628851407,0.13426423200859292
D4GQN5,8,0.4384765625,1.7798026016966977,1.5341880341880343,1.2324985686283636,0.0673854447439353
D4GQN5,12,0.4384765625,1.7808301253806376,1.5440860215053764,1.185173463187723,0.04588320638375045
P07901,1,0.1416015625,1.1416015625,1.146875,1.0274795776681327,0.14710485133020346
P07901,4,0.1416015625,1.1648938609878314,1.180064308681672,1.0031888319033306,0.04519774011299435
P07901,8,0.1416015625,1.1649601553611395,1.180064308681672,0.9754292478088179,0.022672064777327937
P07901,12,0.1416015625,1.1649601820143083,1.180064308681672,0.9302584252562197,0.015157666802002978
P18278,1,0.43310546875,1.43310546875,1.3173758865248226,1.1161124349430234,0.3173758865248227
P18278,4,0.43310546875,1.7371142765569516,1.5132382892057026,1.2504544494625327,0.12863705972434916
P18278,8,0.43310546875,1.7630506644629058,1.497983870967742,1.162659952950186,0.06257917405624525
P18278,12,0.43310546875,1.7639632722348653,1.497983870967742,1.13659731350861,0.04182187605824585
P15056,1,0.1895751953125,1.1895751953125,1.1164483260553129,0.9874290840465735,0.11661807580174927
P15056,4,0.1895751953125,1.2336186405153884,1.1413690476190477,0.9628757587673901,0.035474234503360715
P15056,8,0.1895751953125,1.2339203809702755,1.1413690476190477,0.9205564361361588,0.017790262172284643
P15056,12,0.1895751953125,1.233920770696463,1.1413690476190477,0.888166002731079,0.011894328283460624
P05067,1,0.2034912109375,1.2034912109375,1.1473214285714286,1.0032774319448423,0.14754098360655737
P05067,4,0.2034912109375,1.2550408630576337,1.1916537867078825,1.0239768187670608,0.04809930178432894
P05067,8,0.2034912109375,1.2554781760640275,1.1916537867078825,0.9705548321779651,0.024124513618677044
P05067,12,0.2034912109375,1.2554789259151033,1.1916537867078825,0.9344658668410656,0.016133229247983348
O81472,1,0.108642578125,1.108642578125,1.0375335120643432,0.9288692643837164,0.03758389261744966
O81472,4,0.108642578125,1.1218674348086246,1.0389261744966443,0.8899619512578577,0.009757738896366084
O81472,8,0.108642578125,1.1218844128630643,1.0389261744966443,0.8557929164267977,0.004890387858347387
O81472,12,0.108642578125,1.121884415228375,1.0389261744966443,0.832930622125111,0.0032687105500450856
P04150,1,0.11541748046875,1.11541748046875,1.1210374639769451,0.9720063723905162,0.12121212121212122
P04150,4,0.11541748046875,1.1304536282377342,1.1752265861027191,0.9984307156635462,0.04397270659590599
P04150,8,0.11541748046875,1.1304767777859934,1.1787878787878787,0.9728099433505163,0.022484756097560975
P04150,12,0.11541748046875,1.1304767818939787,1.1787878787878787,0.9233947030842894,0.015031847133757962
P31554,1,0.360595703125,1.360595703125,1.2593250444049733,1.0693092249065193,0.25932504440497334
P31554,4,0.360595703125,1.554420565820184,1.3402646502835538,1.0853702107391558,0.08506616257088846
P31554,8,0.360595703125,1.5637944918274682,1.3453510436432639,1.0592164620563564,0.04316888045540797
P31554,12,0.360595703125,1.5639529825008078,1.3453510436432639,1.027525218568667,0.028779253636938645
P56201,1,0.35498046875,1.35498046875,1.2747603833865815,1.1057366156439026,0.2752
P56201,4,0.35498046875,1.5416018987617122,1.3411764705882352,1.1079656670051306,0.08561788274989456
P56201,8,0.35498046875,1.5502018900728498,1.3411764705882352,1.0916749071347123,0.04292662296468598
P56201,12,0.35498046875,1.5503384476638051,1.3411764705882352,1.022000383010072,0.028692579505300353
P21802,1,0.319580078125,1.319580078125,1.294488188976378,1.1383449770531828,0.2949526813880126
P21802,4,0.319580078125,1.4647815019114354,1.4246100519930676,1.185559614498857,0.10661444734551784
P21802,8,0.319580078125,1.4696295579293708,1.4320557491289199,1.1406473123826057,0.05443371378402107
P21802,12,0.319580078125,1.4696801271690167,1.4320557491289199,1.0900855300697123,0.03641703377386197
F4IP69,1,0.277099609375,1.277099609375,1.1572413793103449,1.008479702577931,0.1574585635359116
F4IP69,4,0.277099609375,1.3810564852940423,1.2089337175792507,1.033185614977682,0.052422270426608825
F4IP69,8,0.277099609375,1.3833031228351818,1.2106782106782106,0.9772753281215838,0.026506899055918662
F4IP69,12,0.277099609375,1.3833163685885963,1.2106782106782106,0.944837718417979,0.017722748239864045
P28366,1,0.294189453125,1.294189453125,1.2843137254901962,1.1016873945002879,0.28431372549019607
P28366,4,0.294189453125,1.4136886882190005,1.396588486140725,1.13427535178187,0.09914712153518124
P28366,8,0.294189453125,1.4167874061241477,1.3957446808510638,1.1042454472311036,0.04946808510638298
P28366,12,0.294189453125,1.4168106169416759,1.396588486140725,1.0422950663502897,0.03304904051172708
B0R8E4,1,0.470947265625,1.470947265625,1.3231357552581262,1.130166776112549,0.3231357552581262
B0R8E4,4,0.470947265625,1.8463820043467685,1.4692144373673035,1.2271385758530005,0.1173036093418259
B0R8E4,8,0.470947265625,1.888016713924118,1.4692144373673035,1.1759206523422663,0.05865180467091295
B0R8E4,12,0.470947265625,1.8900647832742314,1.4692144373673035,1.1126385994201708,0.03910120311394197
A0A0K1IRS6,1,0.52490234375,1.52490234375,1.3777777777777778,0.9861211702017153,0.37777777777777777
A0A0K1IRS6,4,0.52490234375,2.0209598364681938,1.5960396039603961,1.1021439788593725,0.149009900990099
A0A0K1IRS6,8,0.52490234375,2.0984635845514856,1.6184738955823292,1.0662083369853947,0.07730923694779117
A0A0K1IRS6,12,0.52490234375,2.10434709803791,1.631578947368421,1.032401008223953,0.05263157894736842
P0A9Q7,1,0.2340087890625,1.2340087890625,1.3161904761904761,1.1326991581286083,0.3161904761904762
P0A9Q7,4,0.2340087890625,1.3045819202519804,1.454736842105263,1.2032370128269807,0.11368421052631579
P0A9Q7,8,0.2340087890625,1.305495260923362,1.4608879492600422,1.134229056645346,0.057610993657505286
P0A9Q7,12,0.2340087890625,1.3054979997306466,1.4608879492600422,1.092954944154808,0.038407329105003524
P10408,1,0.278076171875,1.278076171875,1.2919020715630884,1.1128501746562296,0.2919020715630885
P10408,4,0.278076171875,1.3828845122239422,1.4057377049180328,1.1764183083612718,0.1014344262295082
P10408,8,0.278076171875,1.385173918683392,1.4144329896907217,1.1407474757825706,0.05180412371134021
P10408,12,0.278076171875,1.3851876078814902,1.4202898550724639,1.1073802130096615,0.035024154589371984
P19367,1,0.2032470703125,1.2032470703125,1.2575342465753425,1.0970477229846627,0.2578875171467764
P19367,4,0.2032470703125,1.2546589148365686,1.338192419825073,1.1354748259008716,0.08485735186539868
P19367,8,0.2032470703125,1.2550934811531633,1.3421052631578947,1.042336897253904,0.04299889746416759
P19367,12,0.2032470703125,1.255094222725017,1.3421052631578947,1.0107285407680333,0.02872222904136492
P10275,1,0.201416015625,1.201416015625,1.092526690391459,0.95568435193791,0.09263657957244656
P10275,4,0.201416015625,1.2518013507491368,1.108303249097473,0.9307555629393212,0.027132951462164608
P10275,8,0.201416015625,1.2522157644048642,1.2633744855967077,1.0175755284446897,0.033126293995859216
P10275,12,0.201416015625,1.2522164464452008,1.0771929824561404,0.8281346955803465,0.00648202710665881
Q18H12,1,0.299072265625,1.299072265625,1.1620947630922693,1.0238064677001437,0.16229712858926343
Q18H12,4,0.299072265625,1.423267039736519,1.3542857142857143,1.4778529531822193,0.08857142857142856
Q18H12,8,0.299072265625,1.4266532897029776,1.3568702290076335,1.4274023233310245,0.0446087786259542
Q18H12,12,0.299072265625,1.4266803806119281,1.3568702290076335,1.3631735453079945,0.02973918575063613
P43261,1,0.28857421875,1.28857421875,1.16729088639201,1.001996724250845,0.1675
P43261,4,0.28857421875,1.4028150784543527,1.3022284122562675,1.0516833383834268,0.07574171029668413
P43261,8,0.28857421875,1.4056084958498536,1.2254259501965925,0.9954159738877112,0.028345418589321027
P43261,12,0.28857421875,1.40562786747014,1.2254259501965925,0.9413659250355698,0.01894273127753304
P62944,1,0.1522216796875,1.1522216796875,1.178391959798995,0.9964806698118357,0.17861635220125785
P62944,4,0.1522216796875,1.179457230557347,1.2197659297789336,1.0182566989769228,0.05508474576271186
P62944,8,0.1522216796875,1.1795535839477114,1.2197659297789336,0.9784598791856136,0.027605357726233258
P62944,12,0.1522216796875,1.1795536356813519,1.2197659297789336,0.9449022901871859,0.018449781659388646
P19809,1,0.336669921875,1.336669921875,1.2129032258064516,1.0747591451419674,0.2131782945736434
P19809,4,0.336669921875,1.5010244213161208,1.3019390581717452,1.0660731830819161,0.07572073636679402
P19809,8,0.336669921875,1.507461312507693,1.3183730715287518,1.0420411910672676,0.04001410188612727
P19809,12,0.336669921875,1.50754401020954,1.3146853146853146,0.9855058496038778,0.026439482961222092
O76039,1,0.164306640625,1.164306640625,1.1135573580533025,0.9577407308986717,0.1136890951276102
O76039,4,0.164306640625,1.1964678655954266,1.162031438935913,0.974190559375937,0.04063068526379624
O76039,8,0.164306640625,1.1966110553656166,1.1648484848484848,0.9273730813507984,0.020719073735527116
O76039,12,0.164306640625,1.196611159725229,1.1345926800472255,0.8652498111133952,0.011302795954788817
P49744,1,0.106689453125,1.106689453125,1.09,0.9605627325262706,0.09010011123470522
P49744,4,0.106689453125,1.1194160645865772,1.0946745562130178,1.2289775709165662,0.023668639053254437
P49744,8,0.106689453125,1.1194315366668763,1.0946745562130178,1.1769077406781552,0.011834319526627219
P49744,12,0.106689453125,1.1194315386715086,1.0946745562130178,1.124591371939576,0.007889546351084813
P0C152,1,0.334228515625,1.334228515625,1.1963855421686747,1.0492675341148268,0.19662243667068757
P0C152,4,0.334228515625,1.4957522832872918,1.2698209718670077,1.059724391256836,0.06767158434894163
P0C152,8,0.334228515625,1.5019386936376196,1.273076923076923,1.0245419750822091,0.03433268858800774
P0C152,12,0.334228515625,1.502015892824215,1.273076923076923,0.96310219022302,0.022947640594699416
Q8WZ75,1,0.3017578125,1.3017578125,1.2429099876695437,1.082317974747178,0.24320987654320989
Q8WZ75,4,0.3017578125,1.4285845044514645,1.4137447405329593,1.1862594136218192,0.10380014074595355
Q8WZ75,8,0.3017578125,1.4321381209386126,1.382716049382716,1.1028112074266248,0.04813664596273292
Q8WZ75,12,0.3017578125,1.4321675858166159,1.4217207334273625,1.099004875958586,0.035422343324250684
O43897,1,0.267333984375,1.267333984375,1.257602862254025,1.0872789372062732,0.25760286225402507
O43897,4,0.267333984375,1.3630147219231539,1.3865877712031558,1.151516953492623,0.09664694280078895
O43897,8,0.267333984375,1.3648688550909038,1.3865877712031558,1.0945484680906796,0.048323471400394474
O43897,12,0.267333984375,1.364878325257253,1.3865877712031558,1.0480606084921738,0.032215647600262985
B1GT61,1,0.31005859375,1.31005859375,1.0800653594771241,0.9292507986807056,0.08006535947712418
B1GT61,4,0.31005859375,1.4452450153249288,1.0980066445182723,0.9033654851978324,0.024501661129568107
B1GT61,8,0.31005859375,1.4493600562433906,1.0980066445182723,0.8827320340634527,0.012250830564784054
B1GT61,12,0.31005859375,1.449398088250887,1.0980066445182723,0.8369650108446847,0.008167220376522701
Q8K3Z0,1,0.28271484375,1.28271484375,1.2183770883054892,1.0520184921782028,0.21837708830548927
Q8K3Z0,4,0.28271484375,1.391627703492361,1.2989821882951653,1.0747110092960641,0.07486460656259955
Q8K3Z0,8,0.28271484375,1.394129591420599,1.29404309252218,1.0293860743407945,0.03695444409047467
Q8K3Z0,12,0.28271484375,1.39414557456773,1.2956852791878173,0.9783849032553807,0.024803065786672344
O29316,1,0.497802734375,1.497802734375,1.2433774834437086,1.0901763403878095,0.2433774834437086
O29316,4,0.497802734375,1.930378166821928,1.387878787878788,1.2573576425345716,0.09696969696969697
O29316,8,0.497802734375,1.9875113763138403,1.3076923076923077,1.0366880261932232,0.038461538461538464
O29316,12,0.497802734375,1.9910198460342736,1.3410714285714285,1.0413289756413795,0.028422619047619047
A0R152,1,0.1265869140625,1.1265869140625,1.0267062314540059,0.8910857750052256,0.026732673267326732
A0R152,4,0.1265869140625,1.1448963973143444,1.0348953140578265,0.8702599850986386,0.008745627186406797
A0R152,8,0.1265869140625,1.1449336033020645,1.036963036963037,0.8309593163955965,0.004641244355243351
A0R152,12,0.1265869140625,1.1449336128556873,1.036963036963037,0.8011091659673711,0.00310038545332663
P06756,1,0.341064453125,1.341064453125,1.2564575645756457,1.0967018052755588,0.2564575645756458
P06756,4,0.341064453125,1.5105952201767572,1.3924050632911393,1.2011728630571115,0.0981012658227848
P06756,8,0.341064453125,1.517504337659899,1.372983870967742,1.0963686572541484,0.04662298387096774
P06756,12,0.341064453125,1.5175978283595952,1.3807531380753137,1.0902440643669526,0.03172942817294282
Q60307,1,0.257080078125,1.257080078125,1.126984126984127,0.982393593591801,0.1271186440677966
Q60307,4,0.257080078125,1.3445286199956321,1.2102272727272727,1.0196907470342822,0.05270655270655271
Q60307,8,0.257080078125,1.3460334900405366,1.21160409556314,0.9717428713395816,0.026579022577879394
Q60307,12,0.257080078125,1.3460400631776306,1.1613958560523445,0.9012014405672313,0.013545670876807615
P42336,1,0.2198486328125,1.2198486328125,1.2259887005649717,1.0561230462566304,0.22598870056497175
P42336,4,0.2198486328125,1.2811442103842199,1.271186440677966,1.0186831341003983,0.06779661016949153
P42336,8,0.2198486328125,1.2818009968899653,1.2865612648221343,1.0084531049471837,0.0358201581027668
P42336,12,0.2198486328125,1.281802531221807,1.2865612648221343,0.9815120528691984,0.023880105401844532
P00968,1,0.2763671875,1.2763671875,1.269016697588126,1.105931240095312,0.2690166975881262
P00968,4,0.2763671875,1.379688334637649,1.3789473684210527,1.2022649342987248,0.09473684210526316
P00968,8,0.2763671875,1.3819033317777916,1.3790322580645162,1.089227052389252,0.047379032258064516
P00968,12,0.2763671875,1.3819162534608755,1.3757455268389662,1.0546385789366337,0.031312127236580514
P16566,1,0.29638671875,1.29638671875,1.1409090909090909,0.8645674470225646,0.1409090909090909
P16566,4,0.29638671875,1.4179846822299282,1.2697495183044316,1.0549689351515377,0.0674373795761079
P16566,8,0.29638671875,1.4212101694217532,1.2361623616236161,0.9623947392808667,0.02952029520295203
P16566,12,0.29638671875,1.4212350597300991,1.1656346749226005,0.7806473126965687,0.013802889576883385
Q62959,1,0.359375,1.359375,1.21247892074199,1.0524698173845657,0.21247892074198987
Q62959,4,0.359375,1.5516186356544495,1.1940451745379876,0.6216456117703298,0.048636129696345856
Q62959,8,0.359375,1.560819537080537,1.1952723535457348,0.5959690798040113,0.024522457408363448
Q62959,12,0.359375,1.5609730064914318,1.315487571701721,1.043654066945392,0.026290630975143402
D9I2H0,1,0.318115234375,1.318115234375,1.2288930581613509,1.0499526961738772,0.22889305816135083
D9I2H0,4,0.318115234375,1.461745834270122,1.328600405679513,1.0978760225416324,0.0821501014198783
D9I2H0,8,0.318115234375,1.4664745244143729,1.33130081300813,1.0550600398687004,0.04141260162601626
D9I2H0,12,0.318115234375,1.4665229504289046,1.33130081300813,1.001181618722633,0.02760840108401084
Q2I6J0,1,0.31982421875,1.31982421875,1.1752873563218391,1.0242243690847928,0.17545541706615533
Q2I6J0,4,0.31982421875,1.465288518284126,1.2520408163265306,1.046446108072943,0.06312292358803986
Q2I6J0,8,0.31982421875,1.470156710600125,1.2507645259938838,1.0034466992792124,0.03144573692956666
Q2I6J0,12,0.31982421875,1.4702076452256192,1.257172131147541,0.9645011213883419,0.021539517720758603
Q96QP1,1,0.25341796875,1.25341796875,1.0998233215547704,0.971973085118085,0.09991158267020336
Q96QP1,4,0.25341796875,1.3380376006444408,1.1369863013698631,0.9652598571585068,0.03430139492339355
Q96QP1,8,0.25341796875,1.3394317671112135,1.1369863013698631,0.9111384505756982,0.01718016263887298
Q96QP1,12,0.25341796875,1.3394375170636843,1.1369863013698631,0.8732645313851044,0.011474030444427446
A3DH19,1,0.39013671875,1.39013671875,1.245771144278607,1.0756146613050832,0.24601593625498008
A3DH19,4,0.39013671875,1.624891651845303,1.3390374331550803,1.1185036705063176,0.08491829627645325
A3DH19,8,0.39013671875,1.639368433720777,1.3447905477980666,1.0851694150956528,0.04326728669632026
A3DH19,12,0.39013671875,1.6397038154031074,1.346236559139785,1.0252218264116464,0.029014236799423318
P04626,1,0.244140625,1.244140625,1.1882686849574267,1.021365863580782,0.1884469696969697
P04626,4,0.244140625,1.321849898682558,1.2423343224530168,1.0388739012013384,0.060688630170919
P04626,8,0.244140625,1.322993339220128,1.3298791018998273,1.6642912161082766,0.04123488773747841
P04626,12,0.244140625,1.3229974015369668,1.3368055555555556,1.6431980681249971,0.02806712962962963
P0DTC2,1,0.1455078125,1.1455078125,1.0451189499589828,0.9115794547019418,0.0451559934318555
P0DTC2,4,0.1455078125,1.1702093793292079,1.0459770114942528,0.8842971290502212,0.011517893870835048
P0DTC2,8,0.1455078125,1.1702856800666044,1.0459770114942528,0.8371447934600177,0.0057684384013185
P0DTC2,12,0.1455078125,1.1702857142703746,1.0459770114942528,0.7979198121902198,0.003851974136745082
Q55434,1,0.436767578125,1.436767578125,1.3502202643171806,1.1520493662511184,0.3502202643171806
Q55434,4,0.436767578125,1.7472454983183674,1.5325,1.2519817344401378,0.133125
Q55434,8,0.436767578125,1.7744389839008212,1.5558375634517767,1.2169257885391465,0.06947969543147207
Q55434,12,0.436767578125,1.7754285993080565,1.559796437659033,1.1756459778748831,0.04664970313825276
P12821,1,0.260986328125,1.260986328125,1.2033898305084745,1.0107389578808772,0.2033898305084746
P12821,4,0.260986328125,1.351516477110696,1.2566371681415929,1.0547027174374706,0.06415929203539823
P12821,8,0.260986328125,1.3531473372426157,1.2566371681415929,1.0045174181062098,0.032079646017699116
P12821,12,0.260986328125,1.3531549036155828,1.2566371681415929,0.9647441115562309,0.021386430678466076
Q9CAF4,1,0.127685546875,1.127685546875,1.0496794871794872,0.9120945870814636,0.04971932638331997
Q9CAF4,4,0.127685546875,1.1463366870313543,1.0641754670999188,0.8943828816824608,0.016076516076516077
Q9CAF4,8,0.127685546875,1.1463755843963612,1.0667752442996743,0.8445670515533801,0.008377605230894973
Q9CAF4,12,0.127685546875,1.1463755947355663,1.0667752442996743,0.8137392521359601,0.005594214763269205
F3Y5P4,1,0.1669921875,1.1669921875,1.3692946058091287,1.167134037886971,0.36967808930425755
F3Y5P4,4,0.1669921875,1.20031303835367,1.5260115606936415,1.2797248444149225,0.1318840579710145
F3Y5P4,8,0.1669921875,1.2004688119452904,1.5260115606936415,1.2268788124138656,0.06609529343404998
F3Y5P4,12,0.1669921875,1.2004689330827463,1.5260115606936415,1.1632534778832169,0.04416189459380763
F4IDB2,1,0.183349609375,1.183349609375,1.0842191332788225,0.9326101914401189,0.08428805237315876
F4IDB2,4,0.183349609375,1.2242604750010777,1.1765749778172139,0.9709064228724127,0.04424188528234771
F4IDB2,8,0.183349609375,1.2245139135619603,1.1786666666666668,0.9320585813318385,0.02242302543507363
F4IDB2,12,0.183349609375,1.2245141999749098,1.1786666666666668,0.8971731315973256,0.014974297846979066
Q2G0L4,1,0.10089111328125,1.10089111328125,1.1029411764705883,0.9664968730980963,0.10302534750613246
Q2G0L4,4,0.10089111328125,1.1122007147330748,1.1092851273623665,0.9199819242327679,0.027377521613832854
Q2G0L4,8,0.10089111328125,1.1122123401163653,1.1092851273623665,0.8819816050672967,0.013711340206185568
Q2G0L4,12,0.10089111328125,1.1122123413208989,1.1092851273623665,0.8509994399726857,0.009155996144843729
A4YHQ8,1,0.283203125,1.283203125,1.1533898305084747,1.0065518517323953,0.15351993214588636
A4YHQ8,4,0.283203125,1.3925538445037091,1.2054915854738706,1.0145080609975432,0.05148690634709276
A4YHQ8,8,0.283203125,1.395079019032841,1.2065602836879432,0.9677322243368534,0.025923453493546952
A4YHQ8,12,0.283203125,1.395095262680666,1.2065602836879432,0.9097120149793348,0.017305407011289364
O60885,1,0.11663818359375,1.11663818359375,1.0565891472868216,0.9362252122343032,0.05663304887509697
O60885,4,0.11663818359375,1.132014531145542,1.06734534064213,0.9076419085854717,0.016869360533542564
O60885,8,0.11663818359375,1.1320389645918878,1.325875486381323,1.0656344202902142,0.04091353199804592
O60885,12,0.11663818359375,1.1320389691140664,1.06734534064213,0.832187382597889,0.0056408238226420045
B2SU53,1,0.1405029296875,1.1405029296875,1.1478696741854637,1.0011543116418051,0.1479933110367893
B2SU53,4,0.1405029296875,1.1634073915382717,1.1865284974093264,0.984310347946357,0.04673301601038511
B2SU53,8,0.1405029296875,1.1634710730284312,1.1865284974093264,0.945516545331677,0.02340702210663199
B2SU53,12,0.1405029296875,1.163471097845743,1.1865284974093264,0.9148504858091832,0.015631784628745114
A9KTE6,1,0.287841796875,1.287841796875,1.242560865644725,1.0887737088323965,0.2427797833935018
A9KTE6,4,0.287841796875,1.4014078275667465,1.3288331726133076,1.120341391329054,0.08232737807822309
A9KTE6,8,0.287841796875,1.4041633329613803,1.3314009661835748,1.0646636873890234,0.04153548074594333
A9KTE6,12,0.287841796875,1.4041822484120976,1.3314009661835748,1.0301547816118841,0.027732858990944374
O88093,1,0.290771484375,1.290771484375,1.2469135802469136,1.0543409793892198,0.24691358024691357
O88093,4,0.290771484375,1.4070520780759388,1.3260393873085339,1.1070377746578421,0.08150984682713348
O88093,8,0.290771484375,1.4099618384839043,1.2990291262135922,0.9256878771141317,0.03737864077669903
O88093,12,0.290771484375,1.4099826385389531,1.3275488069414316,0.981773185366014,0.027295733911785972
P02452,1,0.11614990234375,1.11614990234375,1.1929967426710097,1.0333625742555712,0.19315403422982885
P02452,4,0.11614990234375,1.1313896589188355,1.2964601769911503,1.0852597542560118,0.07423000221582096
P02452,8,0.11614990234375,1.1314135720574452,1.3057040998217468,1.031058036825779,0.038336872694758016
P02452,12,0.11614990234375,1.1314135764096767,1.3080357142857142,0.9969312983671373,0.025798250205638227
P02458,1,0.084228515625,1.084228515625,1.0434782608695652,0.9058058099013745,0.04350877192982456
P02458,4,0.084228515625,1.0919708439786326,1.0538243626062322,0.8669343628984434,0.013479957431713374
P02458,8,0.084228515625,1.0919754729741504,1.0538243626062322,0.8298621796077261,0.006748956575792558
P02458,12,0.084228515625,1.091975473207133,1.0538243626062322,0.8149814592849158,0.004504771501392923
B6A880,1,0.096435546875,1.096435546875,1.0456781447645818,0.8996476715971522,0.04571026722925457
B6A880,4,0.096435546875,1.1067186808460896,1.0456781447645818,0.8704583657459324,0.011439633931714184
B6A880,8,0.096435546875,1.1067279105769874,1.0456781447645818,0.8176203963691331,0.005727881565033486
B6A880,12,0.096435546875,1.1067279113752349,1.0456781447645818,0.8106739154100852,0.0038239792916813743
