protein_id,pipeline,length,repeat,wall_s,tokens_per_s,peak_vram_gb,pred_len
P01542,enc_dec,46,0,2.0330648599997403,23.117806482576263,5.685976064,46
P01542,enc_dec,46,1,2.0657620629999656,22.751894248529815,5.685976576,46
P01542,enc_dec,46,2,2.1153506410000773,22.21853866164701,5.685976576,46
P01542,enc_cnn,46,0,0.03874314500035325,1187.3068125878935,5.65293824,46
P01542,enc_cnn,46,1,0.03640444800021214,1263.5818568031011,5.652942848,46
P01542,enc_cnn,46,2,0.04463401899965902,1030.6040332229866,5.652942848,46
P0A7N4,enc_dec,57,0,2.631124845999693,22.043803846169435,5.694741504,57
P0A7N4,enc_dec,57,1,2.600641812000049,22.302186995676475,5.694742016,57
P0A7N4,enc_dec,57,2,2.603972788000192,22.27365826066986,5.694742016,57
P0A7N4,enc_cnn,57,0,0.028001664000385063,2035.5933132836738,5.653127168,57
P0A7N4,enc_cnn,57,1,0.027846431999932975,2046.9408791811172,5.653132288,57
P0A7N4,enc_cnn,57,2,0.02893672099980904,1969.8154466214799,5.653132288,57
P02798,enc_dec,61,0,2.798738429000423,22.1528383494357,5.697928192,61
P02798,enc_dec,61,1,2.799184958999831,22.149304496889354,5.697928704,61
P02798,enc_dec,61,2,2.806916562999959,22.08829461383634,5.697928704,61
P02798,enc_cnn,61,0,0.028514390000054846,2139.2707331239653,5.653199872,61
P02798,enc_cnn,61,1,0.029171738000059122,2091.0649889929896,5.653205504,61
P02798,enc_cnn,61,2,0.028971465000267926,2105.520034952871,5.653205504,61
P61583,enc_dec,75,0,3.421661180999763,22.211433563914074,5.709085696,75
P61583,enc_dec,75,1,3.4484707449996677,22.038754456653315,5.70908672,75
P61583,enc_dec,75,2,4.443083801000284,17.10523667883327,5.70908672,75
P61583,enc_cnn,75,0,0.027543680000235327,2722.947696145149,5.6543232,75
P61583,enc_cnn,75,1,0.028059750000011263,2672.8677197754755,5.654330368,75
P61583,enc_cnn,75,2,0.0272504059998937,2752.2525719540677,5.654330368,75
P24311,enc_dec,80,0,4.4952860419998615,18.018875605069336,5.71307008,80
P24311,enc_dec,80,1,3.498364858000059,23.153674155732855,5.713071104,80
P24311,enc_dec,80,2,3.6101438629998484,22.436778996583552,5.713071104,80
P24311,enc_cnn,80,0,0.029688299000099505,2694.664318751703,5.65475328,80
P24311,enc_cnn,80,1,0.030171832999712933,2651.479610163597,5.65476096,80
P24311,enc_cnn,80,2,0.027635333000034734,2894.844798863088,5.65476096,80
P0A7U3,enc_dec,92,0,4.663695903000189,19.94126588317485,5.722631168,92
P0A7U3,enc_dec,92,1,4.79442563099974,19.39752686926286,5.722632192,92
P0A7U3,enc_dec,92,2,4.248976824999772,21.887622321876275,5.722632192,92
P0A7U3,enc_cnn,92,0,0.028845489000104862,3189.406842770651,5.655798784,92
P0A7U3,enc_cnn,92,1,0.02959584400014137,3108.5445645530685,5.655807488,92
P0A7U3,enc_cnn,92,2,0.04617229099994802,1992.537039154145,5.655807488,92
P63165,enc_dec,101,0,5.702907869000228,17.885612452982084,5.72980224,101
P63165,enc_dec,101,1,4.791840534999665,21.28618414051776,5.729803264,101
P63165,enc_dec,101,2,5.053295405999961,20.18484806546075,5.729803264,101
P63165,enc_cnn,101,0,0.04202070399969671,2403.5770557468286,5.658233344,101
P63165,enc_cnn,101,1,0.05181435199983753,1949.2668749445463,5.65824256,101
P63165,enc_cnn,101,2,0.04602655400003641,2194.3854410634367,5.65824256,101
P10599,enc_dec,105,0,4.734445055999913,22.38910764539707,5.732989952,105
P10599,enc_dec,105,1,5.38073993099988,19.699892832453337,5.732990976,105
P10599,enc_dec,105,2,5.200050296999962,20.38441821633034,5.732990976,105
P10599,enc_cnn,105,0,0.029684981999707816,3537.1421145222016,5.658328576,105
P10599,enc_cnn,105,1,0.03066205400000399,3424.428122133838,5.658338304,105
P10599,enc_cnn,105,2,0.02917187399998511,3599.3573810189087,5.658338304,105
P01308,enc_dec,110,0,5.972382724999989,18.585547027212698,5.736973312,110
P01308,enc_dec,110,1,4.823959496000043,23.010143450010222,5.736974336,110
P01308,enc_dec,110,2,5.273897515000044,21.047052902392068,5.736974336,110
P01308,enc_cnn,110,0,0.03926285200031998,2801.6304062451586,5.65844992,110
P01308,enc_cnn,110,1,0.03671228199982579,2996.2724736240034,5.65846016,110
P01308,enc_cnn,110,2,0.03884377799977301,2831.856365790238,5.65846016,110
P61769,enc_dec,119,0,5.402322965000167,22.212666806009125,5.744144896,119
P61769,enc_dec,119,1,6.241200220999872,19.22707103615006,5.74414592,119
P61769,enc_dec,119,2,5.351686008999877,22.422840166294733,5.74414592,119
P61769,enc_cnn,119,0,0.029099038999902405,4089.482130334239,5.658677248,119
P61769,enc_cnn,119,1,0.02836033099993074,4196.001802669039,5.658688,119
P61769,enc_cnn,119,2,0.028477263000240782,4178.772377071274,5.658688,119
P37840,enc_dec,140,0,7.051888848999624,19.994642998379387,5.784751104,140
P37840,enc_dec,140,1,6.444306279000102,21.879779435603975,5.78475264,140
P37840,enc_dec,140,2,7.01865287199962,20.089325198359465,5.78475264,140
P37840,enc_cnn,140,0,0.0437681110001904,3198.675857849816,5.660956672,140
P37840,enc_cnn,140,1,0.042686397000125,3279.7333539204546,5.660969472,140
P37840,enc_cnn,140,2,0.05097884699989663,2746.2370814366177,5.660969472,140
Q57733,enc_dec,147,0,6.740228544000274,21.9577124178883,5.784765952,147
Q57733,enc_dec,147,1,7.870637088999956,18.804068632111825,5.784767488,147
Q57733,enc_dec,147,2,6.86366381300013,21.56282767225289,5.784767488,147
Q57733,enc_cnn,147,0,0.03878740399977687,3789.8901406458044,5.661551104,147
Q57733,enc_cnn,147,1,0.037967590000334894,3871.723224958534,5.661564416,147
Q57733,enc_cnn,147,2,0.03795700899991061,3872.8025171937593,5.661564416,147
P68871,enc_dec,147,0,6.616900135999913,22.36696896705318,5.784765952,147
P68871,enc_dec,147,1,7.693982099000095,19.235812885402215,5.784767488,147
P68871,enc_dec,147,2,6.699813426999754,22.090167377433367,5.784767488,147
P68871,enc_cnn,147,0,0.03973752699994293,3699.2739885451633,5.661551104,147
P68871,enc_cnn,147,1,0.03798573400035821,3869.8738847224536,5.661564416,147
P68871,enc_cnn,147,2,0.03830456600007892,3837.6625909218533,5.661564416,147
P00698,enc_dec,147,0,7.3446467079998,20.150730985984413,5.784765952,147
P00698,enc_dec,147,1,7.220386872999825,20.49751662939787,5.784767488,147
P00698,enc_dec,147,2,6.943860912000218,21.313790969549785,5.784767488,147
P00698,enc_cnn,147,0,0.043353942000067036,3390.6951298632243,5.661551104,147
P00698,enc_cnn,147,1,0.04081467700007124,3601.6455550963547,5.661564416,147
P00698,enc_cnn,147,2,0.039636491000237584,3708.7036791203054,5.661564416,147
P61626,enc_dec,148,0,7.861946891000116,18.95204865483971,5.784768,148
P61626,enc_dec,148,1,6.845040835999953,21.76758379823945,5.784769536,148
P61626,enc_dec,148,2,7.377643044000251,20.196151956846414,5.784769536,148
P61626,enc_cnn,148,0,0.037787580999975035,3916.630704677756,5.661660672,148
P61626,enc_cnn,148,1,0.03924157200026457,3771.5104787087066,5.661674496,148
P61626,enc_cnn,148,2,0.0390934299998662,3785.8023714088667,5.661674496,148
P0DP27,enc_dec,149,0,7.827026960000239,19.16436480499812,5.784770048,149
P0DP27,enc_dec,149,1,6.843907875999776,21.917302616830973,5.784771584,149
P0DP27,enc_dec,149,2,7.813158285999634,19.198382332632935,5.784771584,149
P0DP27,enc_cnn,149,0,0.04109656899981928,3625.606799454602,5.661772288,149
P0DP27,enc_cnn,149,1,0.037818405000052735,3939.8805951703207,5.661786112,149
P0DP27,enc_cnn,149,2,0.03768189500033259,3954.1535795555105,5.661786112,149
P16949,enc_dec,149,0,7.646506737999971,19.616800866016654,5.784770048,149
P16949,enc_dec,149,1,6.722567537000032,22.312903392107533,5.784771584,149
P16949,enc_dec,149,2,7.740183346999856,19.37938589764039,5.784771584,149
P16949,enc_cnn,149,0,0.04069738199996209,3661.169163169729,5.661772288,149
P16949,enc_cnn,149,1,0.0415819550003107,3583.2851052550723,5.661786112,149
P16949,enc_cnn,149,2,0.0411578099997314,3620.212056981953,5.661786112,149
P68082,enc_dec,154,0,7.925144085999818,19.558004033493297,5.7847808,154
P68082,enc_dec,154,1,6.889068728999973,22.499412634325687,5.784782336,154
P68082,enc_dec,154,2,8.012890779999907,19.343830367297457,5.784782336,154
P68082,enc_cnn,154,0,0.04111198400005378,3745.86641208555,5.662334464,154
P68082,enc_cnn,154,1,0.04030276999992566,3821.077310574039,5.6623488,154
P68082,enc_cnn,154,2,0.038581032999900344,3991.598669750439,5.6623488,154
P00441,enc_dec,154,0,7.974908253000194,19.435960274739003,5.7847808,154
P00441,enc_dec,154,1,6.959577116000219,22.27146813901259,5.784782336,154
P00441,enc_dec,154,2,7.873531108999941,19.68621166973294,5.784782336,154
P00441,enc_cnn,154,0,0.04304022799988161,3578.0479601647003,5.662334464,154
P00441,enc_cnn,154,1,0.040319571000054566,3819.4850833058613,5.6623488,154
P00441,enc_cnn,154,2,0.03800589799993759,4052.00266548768,5.6623488,154
P0A7Y4,enc_dec,155,0,8.211216846000298,18.99840217665034,5.784782848,155
P0A7Y4,enc_dec,155,1,7.932498778000081,19.66593432483708,5.784784384,155
P0A7Y4,enc_dec,155,2,7.801387650999914,19.996442553396932,5.784784384,155
P0A7Y4,enc_cnn,155,0,0.045173582999723294,3431.208899257547,5.664527872,155
P0A7Y4,enc_cnn,155,1,0.041598183999667526,3726.1241981438143,5.664542208,155
P0A7Y4,enc_cnn,155,2,0.04179607299965937,3708.482373481911,5.664542208,155
Q9R0Q7,enc_dec,160,0,7.5236958770001365,21.399057409028906,5.7847936,160
Q9R0Q7,enc_dec,160,1,8.173220859999674,19.69847661745512,5.784795136,160
Q9R0Q7,enc_dec,160,2,7.235200048000024,22.252321833796994,5.784795136,160
Q9R0Q7,enc_cnn,160,0,0.041388748999906966,3865.7848779232168,5.664841216,160
Q9R0Q7,enc_cnn,160,1,0.04181100499999957,3826.743700611876,5.664855552,160
Q9R0Q7,enc_cnn,160,2,0.04016313200008881,3983.753059887018,5.664855552,160
P18253,enc_dec,162,0,7.376750578000156,22.09644995807754,5.784797696,162
P18253,enc_dec,162,1,8.078421785000046,20.177208412496757,5.784799232,162
P18253,enc_dec,162,2,8.306671085999824,19.622782497638845,5.784799232,162
P18253,enc_cnn,162,0,0.04051610900023661,3998.4096202094315,5.664986112,162
P18253,enc_cnn,162,1,0.0393997500000296,4111.701216375188,5.66500096,162
P18253,enc_cnn,162,2,0.038172212000063155,4243.924873930072,5.66500096,162
A0A6G0XC32,enc_dec,163,0,8.350741711999945,19.638974076318682,5.784799744,163
A0A6G0XC32,enc_dec,163,1,7.447060579000208,22.022111712433194,5.78480128,163
A0A6G0XC32,enc_dec,163,2,8.35793284700003,19.62207677450599,5.78480128,163
A0A6G0XC32,enc_cnn,163,0,0.0444322309999734,3668.508115203524,5.66505984,163
A0A6G0XC32,enc_cnn,163,1,0.04159340699970926,3918.890318389628,5.665074688,163
A0A6G0XC32,enc_cnn,163,2,0.042526586999883875,3832.896347888089,5.665074688,163
P62937,enc_dec,165,0,7.451273367999875,22.278071384805326,5.78480384,165
P62937,enc_dec,165,1,8.441604321999876,19.664508506680804,5.784805376,165
P62937,enc_dec,165,2,7.553411914000208,21.9768234395267,5.784805376,165
P62937,enc_cnn,165,0,0.03937487700022757,4190.489280742296,5.666247168,165
P62937,enc_cnn,165,1,0.04197344899966993,3931.0565114936717,5.666262016,165
P62937,enc_cnn,165,2,0.04357252599993444,3786.7898684654697,5.666262016,165
P04808,enc_dec,185,0,9.426004178999847,19.73264561184776,5.796736512,185
P04808,enc_dec,185,1,9.193836822999856,20.23094422719046,5.796738048,185
P04808,enc_dec,185,2,8.635914186999798,21.537962973277093,5.796738048,185
P04808,enc_cnn,185,0,0.048922736999884364,3781.472814990651,5.667716608,185
P04808,enc_cnn,185,1,0.044446654000239505,4162.2930715775165,5.667732992,185
P04808,enc_cnn,185,2,0.043258610000066255,4276.605281577856,5.667732992,185
P43408,enc_dec,192,0,9.556157150999752,20.196402900281793,5.852516864,192
P43408,enc_dec,192,1,9.716191839000203,19.86374941932597,5.852518912,192
P43408,enc_dec,192,2,9.02798123399998,21.377979749575587,5.852518912,192
P43408,enc_cnn,192,0,0.04739492099997733,4051.0669909143185,5.66974464,192
P43408,enc_cnn,192,1,0.04846531299972412,3961.5962038890148,5.669761536,192
P43408,enc_cnn,192,2,0.0475485160000062,4037.980911958955,5.669761536,192
P0ACJ8,enc_dec,210,0,10.352991610000117,20.380582535794947,5.852554752,210
P0ACJ8,enc_dec,210,1,9.598719484999947,21.98209879242045,5.8525568,210
P0ACJ8,enc_dec,210,2,10.438690094000322,20.213264126049022,5.8525568,210
P0ACJ8,enc_cnn,210,0,0.053709620000063296,3909.914089873518,5.672613888,210
P0ACJ8,enc_cnn,210,1,0.04930614700015212,4259.103839514211,5.672632832,210
P0ACJ8,enc_cnn,210,2,0.04993642599993109,4205.347014627955,5.672632832,210
P69441,enc_dec,214,0,10.229275228999995,21.018106873346706,5.852562944,214
P69441,enc_dec,214,1,9.941418987999896,21.62669134652936,5.852564992,214
P69441,enc_dec,214,2,10.965368769000179,19.60718371896613,5.852564992,214
P69441,enc_cnn,214,0,0.05311649399982343,4028.880370016729,5.673329152,214
P69441,enc_cnn,214,1,0.049041390999718715,4363.660892106985,5.673348608,214
P69441,enc_cnn,214,2,0.04797744099960255,4460.429642376566,5.673348608,214
P01375,enc_dec,233,0,11.570358252999995,20.2240928831506,5.852603392,233
P01375,enc_dec,233,1,11.590041868000299,20.18974587538513,5.85260544,233
P01375,enc_dec,233,2,11.344027005000044,20.62759546471999,5.85260544,233
P01375,enc_cnn,233,0,0.05257652000000235,4431.636023076263,5.678214144,233
P01375,enc_cnn,233,1,0.0530376609999621,4393.104741179414,5.678235136,233
P01375,enc_cnn,233,2,0.05012701099985861,4648.192568287329,5.678235136,233
P0A7L0,enc_dec,234,0,11.316430005999791,20.766266382190032,5.85260544,234
P0A7L0,enc_dec,234,1,10.777027285999793,21.805642109237628,5.852607488,234
P0A7L0,enc_dec,234,2,11.291244416000154,20.812586402522243,5.852607488,234
P0A7L0,enc_cnn,234,0,0.05423942600009468,4314.204947515328,5.678348288,234
P0A7L0,enc_cnn,234,1,0.05141573600030824,4551.135862347612,5.67836928,234
P0A7L0,enc_cnn,234,2,0.05049797899937403,4633.848812105939,5.67836928,234
P42212,enc_dec,238,0,11.4910462859998,20.798802306730536,5.852613632,238
P42212,enc_dec,238,1,11.628584107999814,20.552803142695712,5.85261568,238
P42212,enc_dec,238,2,11.556226874999993,20.68149081747758,5.85261568,238
P42212,enc_cnn,238,0,0.05272864599919558,4513.6755456157725,5.678893568,238
P42212,enc_cnn,238,1,0.05114097799923911,4653.8022797205995,5.678915072,238
P42212,enc_cnn,238,2,0.05080453100072191,4684.621534969354,5.678915072,238
P63101,enc_dec,245,0,12.544434786000238,19.6102896779805,5.85262848,245
P63101,enc_dec,245,1,12.039431904000594,20.43285779275486,5.852630528,245
P63101,enc_dec,245,2,11.811552956999549,20.8270665928158,5.852630528,245
P63101,enc_cnn,245,0,0.058414446999449865,4194.167925655572,5.679867904,245
P63101,enc_cnn,245,1,0.05673837700032891,4318.065002081038,5.67988992,245
P63101,enc_cnn,245,2,0.055525282000417064,4412.404425035784,5.67988992,245
P00766,enc_dec,245,0,11.612683903999823,21.18373341026434,5.85262848,245
P00766,enc_dec,245,1,11.831944753000244,20.791172130652605,5.852630528,245
P00766,enc_dec,245,2,12.079338909999933,20.36535292476543,5.852630528,245
P00766,enc_cnn,245,0,0.0593319480003629,4129.3098955473615,5.679867904,245
P00766,enc_cnn,245,1,0.05635033500038844,4347.800239311996,5.67988992,245
P00766,enc_cnn,245,2,0.05541782899945247,4420.959904481654,5.67988992,245
P15378,enc_dec,248,0,11.830190899999252,21.047842938867177,5.852635136,248
P15378,enc_dec,248,1,12.381868505000057,20.110050425705023,5.852637184,248
P15378,enc_dec,248,2,12.325251723999827,20.20242714517102,5.852637184,248
P15378,enc_cnn,248,0,0.05452371899991704,4548.479167394604,5.68029184,248
P15378,enc_cnn,248,1,0.052491484999336535,4724.575805068853,5.680313856,248
P15378,enc_cnn,248,2,0.0538655190002828,4604.0584886724655,5.680313856,248
P00918,enc_dec,260,0,12.532864382000298,20.82524728942637,5.85650176,260
P00918,enc_dec,260,1,12.490303769000093,20.89620915768122,5.85650432,260
P00918,enc_dec,260,2,12.380854235999323,21.080936341298695,5.85650432,260
P00918,enc_cnn,260,0,0.06719972700011567,3869.063337110766,5.68253696,260
P00918,enc_cnn,260,1,0.06681937599933008,3891.08692069508,5.682560512,260
P00918,enc_cnn,260,2,0.06662292999953934,3902.5602746951804,5.682560512,260
P62593,enc_dec,286,0,13.819053752999935,20.768426343062462,5.877218304,286
P62593,enc_dec,286,1,13.926503655000488,20.608187604715056,5.877220864,286
P62593,enc_dec,286,2,13.863646451999557,20.701624279996402,5.877220864,286
P62593,enc_cnn,286,0,0.07272397099950467,3932.678538716594,5.688827904,286
P62593,enc_cnn,286,1,0.0738083389996973,3874.9009106027024,5.688853504,286
P62593,enc_cnn,286,2,0.07367788600004133,3881.761754128499,5.688853504,286
P24941,enc_dec,298,0,14.240894489000311,20.995872150513303,5.886780416,298
P24941,enc_dec,298,1,14.2439132290001,20.99142245483823,5.886782976,298
P24941,enc_dec,298,2,14.347762931000034,20.839485670199863,5.886782976,298
P24941,enc_cnn,298,0,0.07921158200042555,3762.0761064764374,5.691907072,298
P24941,enc_cnn,298,1,0.07793492100063304,3823.7031124671244,5.691933696,298
P24941,enc_cnn,298,2,0.0767072080006983,3884.9021854280913,5.691933696,298
P02686,enc_dec,304,0,14.480351363999944,21.063024807413864,5.891561472,304
P02686,enc_dec,304,1,14.367879673999596,21.22790605992714,5.891564032,304
P02686,enc_dec,304,2,14.530973570999777,20.989646599365127,5.891564032,304
P02686,enc_cnn,304,0,0.07884413800002221,3855.708334333167,5.694683136,304
P02686,enc_cnn,304,1,0.0777729259998523,3908.8152604747997,5.694710272,304
P02686,enc_cnn,304,2,0.07777202399938687,3908.860594940883,5.694710272,304
P61869,enc_dec,305,0,14.358418916000119,21.311538672201078,5.892358144,305
P61869,enc_dec,305,1,14.456533425000089,21.166900183056722,5.892360704,305
P61869,enc_dec,305,2,14.42298350999954,21.21613740928487,5.892360704,305
P61869,enc_cnn,305,0,0.08612593599991669,3541.325809223078,5.694792704,305
P61869,enc_cnn,305,1,0.08478250699954515,3597.4402125386114,5.69481984,305
P61869,enc_cnn,305,2,0.08559926799989626,3563.114581778546,5.69481984,305
P63244,enc_dec,317,0,14.894356038000296,21.350369172636913,5.901919232,317
P63244,enc_dec,317,1,14.954236173999561,21.264877476851417,5.901921792,317
P63244,enc_dec,317,2,15.146981638999932,20.99428173737429,5.901921792,317
P63244,enc_cnn,317,0,0.08577187100036099,3695.850356332624,5.697010176,317
P63244,enc_cnn,317,1,0.08583038600045256,3693.3307045633996,5.697038336,317
P63244,enc_cnn,317,2,0.08385014399937063,3780.5540322313504,5.697038336,317
P05089,enc_dec,322,0,15.234276645000136,21.20218816598739,5.905905664,322
P05089,enc_dec,322,1,16.134895526000037,20.018722741620017,5.905908736,322
P05089,enc_dec,322,2,15.564449088000401,20.752420993109272,5.905908736,322
P05089,enc_cnn,322,0,0.09009803300068597,3573.8849037641967,5.69839872,322
P05089,enc_cnn,322,1,0.08752779699989333,3678.8313088742816,5.698427904,322
P05089,enc_cnn,322,2,0.088307850000092,3646.3349520984207,5.698427904,322
P04406,enc_dec,335,0,16.428893076999884,20.451773495951056,5.916263936,335
P04406,enc_dec,335,1,15.927061766000406,21.096169835748437,5.916267008,335
P04406,enc_dec,335,2,16.530986910999673,20.325465249532474,5.916267008,335
P04406,enc_cnn,335,0,0.09731890500006557,3442.2910944155637,5.702528512,335
P04406,enc_cnn,335,1,0.09653938900009962,3470.0861841963215,5.70255872,335
P04406,enc_cnn,335,2,0.09647944900007133,3472.2420522919065,5.70255872,335
P07688,enc_dec,335,0,16.032247936000203,20.957759719116893,5.916263936,335
P07688,enc_dec,335,1,16.150837920999948,20.803874179377388,5.916267008,335
P07688,enc_dec,335,2,16.99342983800034,19.772347501541102,5.916267008,335
P07688,enc_cnn,335,0,0.09359540900004504,3579.235387494688,5.702528512,335
P07688,enc_cnn,335,1,0.09525128099994618,3517.0130677842462,5.70255872,335
P07688,enc_cnn,335,2,0.09447729699968477,3545.8254060879594,5.70255872,335
P00784,enc_dec,345,0,16.117516564999278,21.467327091282286,5.924232192,345
P00784,enc_dec,345,1,16.475774032999652,21.000530797945505,5.924235264,345
P00784,enc_dec,345,2,16.85509550900042,20.527916902947247,5.924235264,345
P00784,enc_cnn,345,0,0.09697328099991864,3557.6810070011907,5.705034752,345
P00784,enc_cnn,345,1,0.09983570299937128,3455.6775746064777,5.705065472,345
P00784,enc_cnn,345,2,0.09721582900056092,3548.8047938984237,5.705065472,345
P0A988,enc_dec,366,0,18.235122623999814,20.12599572634515,5.940964352,366
P0A988,enc_dec,366,1,17.528753520000464,20.937027814399336,5.940967424,366
P0A988,enc_dec,366,2,18.381473159000052,19.96575556406409,5.940967424,366
P0A988,enc_cnn,366,0,0.09421903600014048,3884.565322865905,5.711446016,366
P0A988,enc_cnn,366,1,0.09224547899975732,3967.6741230967305,5.711478784,366
P0A988,enc_cnn,366,2,0.092153877999408,3971.6179931391625,5.711478784,366
P02572,enc_dec,376,0,18.442124131999662,20.44233068282261,5.94893312,376
P02572,enc_dec,376,1,29.593394158000592,12.73932952696059,5.948936192,376
P02572,enc_dec,376,2,23.680531259000418,15.920250938488177,5.948936192,376
P02572,enc_cnn,376,0,0.11025469400010479,3410.2856428012274,5.7157888,376
P02572,enc_cnn,376,1,0.10833524400004535,3470.7080181574393,5.71582208,376
P02572,enc_cnn,376,2,0.10833067699968524,3470.854336127637,5.71582208,376
P14598,enc_dec,390,0,33.75076136500047,11.584923841317158,6.055854592,390
P14598,enc_dec,390,1,35.18612541799939,11.112334630626444,6.055858176,390
P14598,enc_dec,390,2,34.63505077000082,11.289141817533151,6.055858176,390
P14598,enc_cnn,390,0,0.18114492800032167,2152.972232263149,5.722139648,390
P14598,enc_cnn,390,1,0.16852727100012999,2314.1655216128147,5.722174464,390
P14598,enc_cnn,390,2,0.15026591600053507,2595.3989459500003,5.722174464,390
P04637,enc_dec,393,0,35.404535538000346,11.128517688845614,6.05586176,393
P04637,enc_dec,393,1,34.96064675999969,11.269814391729048,6.055865344,393
P04637,enc_dec,393,2,34.94762758200068,11.274012780281675,6.055865344,393
P04637,enc_cnn,393,0,0.16529117099980795,2377.6224563165365,5.726066176,393
P04637,enc_cnn,393,1,0.1652804740006104,2377.776336716874,5.726101504,393
P04637,enc_cnn,393,2,0.17061202300010336,2303.471895411274,5.726101504,393
P0AEX9,enc_dec,396,0,34.880750091000664,11.381635972972587,6.055867904,396
P0AEX9,enc_dec,396,1,34.25626601099975,11.589120655255378,6.055871488,396
P0AEX9,enc_dec,396,2,34.79849082999954,11.408540730672982,6.055871488,396
P0AEX9,enc_cnn,396,0,0.1566260660001717,2528.3147953136095,5.726084608,396
P0AEX9,enc_cnn,396,1,0.154330372000004,2565.9239647267214,5.726119936,396
P0AEX9,enc_cnn,396,2,0.15430767700036085,2566.301351287104,5.726119936,396
P0A953,enc_dec,406,0,35.57371550799962,11.441031508459556,6.055889408,406
P0A953,enc_dec,406,1,35.22896976900029,11.552991832254472,6.055892992,406
P0A953,enc_dec,406,2,36.833350328999586,11.049768657062979,6.055892992,406
P0A953,enc_cnn,406,0,0.18521382000017184,2192.061045982548,5.727154688,406
P0A953,enc_cnn,406,1,0.18953787299960823,2142.0521058650857,5.72719104,406
P0A953,enc_cnn,406,2,0.18269318700004078,2222.30509340181,5.72719104,406
P0DTC9,enc_dec,419,0,37.598759503999645,11.170581304825273,6.05591808,419
P0DTC9,enc_dec,419,1,38.104108219999944,11.022433528034963,6.055921664,419
P0DTC9,enc_dec,419,2,36.2722640209995,11.579095249109479,6.055921664,419
P0DTC9,enc_cnn,419,0,0.21365117099958297,1961.1406670025592,5.732137984,419
P0DTC9,enc_cnn,419,1,0.21112287699997978,1984.6262326182687,5.73217536,419
P0DTC9,enc_cnn,419,2,0.21525259600002755,1946.5502752865586,5.73217536,419
P0ABH7,enc_dec,427,0,38.513410002000455,11.113012324220808,6.055935488,427
P0ABH7,enc_dec,427,1,37.38953311000023,11.44705387844297,6.055939072,427
P0ABH7,enc_dec,427,2,38.30310846299926,11.17402783153872,6.055939072,427
P0ABH7,enc_cnn,427,0,0.22095971000089776,1932.4790026121282,5.73403648,427
P0ABH7,enc_cnn,427,1,0.21970488500119245,1943.5161853487348,5.734074368,427
P0ABH7,enc_cnn,427,2,0.22211629299999913,1922.4163803238048,5.734074368,427
P06280,enc_dec,429,0,37.46926414799964,11.476072716601676,6.055939584,429
P06280,enc_dec,429,1,37.1797229090007,11.565443912867433,6.055943168,429
P06280,enc_dec,429,2,37.38960629199937,11.500522274609011,6.055943168,429
P06280,enc_cnn,429,0,0.20595041399974434,2083.025674328251,5.73470976,429
P06280,enc_cnn,429,1,0.22009000300022308,1949.202572365657,5.73474816,429
P06280,enc_cnn,429,2,0.20982853600071394,2044.526488992614,5.73474816,429
P0A855,enc_dec,430,0,37.596042636001584,11.46397252957892,6.055941632,430
P0A855,enc_dec,430,1,36.3006149390003,11.873077101428011,6.055945216,430
P0A855,enc_dec,430,2,37.905619094999565,11.370345882488348,6.055945216,430
P0A855,enc_cnn,430,0,0.20529100600106176,2094.587621621261,5.735045632,430
P0A855,enc_cnn,430,1,0.20318993200089608,2116.246586460316,5.735084032,430
P0A855,enc_cnn,430,2,0.2066369139993185,2080.944743500274,5.735084032,430
P0A6P9,enc_dec,432,0,38.71778261000145,11.183491688084143,6.055946752,432
P0A6P9,enc_dec,432,1,38.21825863400045,11.32966324150589,6.055950336,432
P0A6P9,enc_dec,432,2,37.51186666000103,11.543013946083057,6.055950336,432
P0A6P9,enc_cnn,432,0,0.2163553980008146,1996.7146833025793,5.736648192,432
P0A6P9,enc_cnn,432,1,0.21647325300000375,1995.627607628701,5.736686592,432
P0A6P9,enc_cnn,432,2,0.1993114990000322,2167.4614970405205,5.736686592,432
P56252,enc_dec,433,0,37.41140241799985,11.600741270024894,6.0559488,433
P56252,enc_dec,433,1,38.39164352700027,11.304543388322886,6.055952384,433
P56252,enc_dec,433,2,38.67337631800001,11.222190595187326,6.055952384,433
P56252,enc_cnn,433,0,0.19898181000098702,2176.078305840379,5.738766848,433
P56252,enc_cnn,433,1,0.18614486800106533,2326.145247246472,5.738805248,433
P56252,enc_cnn,433,2,0.18768915500004368,2307.005964195956,5.738805248,433
P34690,enc_dec,448,0,40.88864412200019,10.981043995010218,6.055983616,448
P34690,enc_dec,448,1,38.880028496001614,11.548345445430286,6.055987712,448
P34690,enc_dec,448,2,39.24386277599842,11.441279431713046,6.055987712,448
P34690,enc_cnn,448,0,0.22128304500074591,2024.556377550254,5.74125568,448
P34690,enc_cnn,448,1,0.17923750200134236,2499.4769230640404,5.741295104,448
P34690,enc_cnn,448,2,0.18889571699946828,2371.6789724843843,5.741295104,448
P00439,enc_dec,452,0,39.431726487999185,11.488211152455317,6.055991808,452
P00439,enc_dec,452,1,39.23574719399949,11.54559381168812,6.055995904,452
P00439,enc_dec,452,2,38.76016529499975,11.687256660343479,6.055995904,452
P00439,enc_cnn,452,0,0.17142732499996782,2636.6858375704387,5.744429568,452
P00439,enc_cnn,452,1,0.18878297499941255,2394.2837006430614,5.744470016,452
P00439,enc_cnn,452,2,0.17838054800085956,2533.908573920414,5.744470016,452
P02994,enc_dec,458,0,40.84473262099891,11.23767914602582,6.05600512,458
P02994,enc_dec,458,1,40.150025136001204,11.432122357214412,6.056009216,458
P02994,enc_dec,458,2,40.461015167998994,11.344253180355878,6.056009216,458
P02994,enc_cnn,458,0,0.21330635199956305,2147.14656036562,5.745168384,458
P02994,enc_cnn,458,1,0.22171942800014222,2065.6737396945937,5.745209344,458
P02994,enc_cnn,458,2,0.2190641430006508,2090.71185145366,5.745209344,458
P08684,enc_dec,503,0,43.76735955600088,11.51543079392591,6.056102912,503
P08684,enc_dec,503,1,43.70899718200053,11.530806755903987,6.056107008,503
P08684,enc_dec,503,2,43.800776645999576,11.506645283332698,6.056107008,503
P08684,enc_cnn,503,0,0.3332320770005026,1509.4585267049226,5.764045824,503
P08684,enc_cnn,503,1,0.35943572299947846,1399.415716953459,5.764090368,503
P08684,enc_cnn,503,2,0.26169965299959586,1922.0506952707988,5.764090368,503
P0AFL6,enc_dec,513,0,45.769241398000304,11.230249492893213,6.058935296,513
P0AFL6,enc_dec,513,1,45.105164039001465,11.39559096948534,6.058939904,513
P0AFL6,enc_dec,513,2,44.915625413999805,11.443679015093725,6.058939904,513
P0AFL6,enc_cnn,513,0,0.240917848999743,2129.3565509151927,5.767686656,513
P0AFL6,enc_cnn,513,1,0.25140423300035764,2040.5384343678502,5.767732736,513
P0AFL6,enc_cnn,513,2,0.23833001500133832,2152.4775215455734,5.767732736,513
P0ABB0,enc_dec,513,0,45.5171586510005,11.292444766622134,6.058935296,513
P0ABB0,enc_dec,513,1,43.907870074999664,11.706329619770424,6.058939904,513
P0ABB0,enc_dec,513,2,44.20217589299864,11.628386829740084,6.058939904,513
P0ABB0,enc_cnn,513,0,0.3053454189994227,1680.0645042622039,5.767686656,513
P0ABB0,enc_cnn,513,1,0.3125140060001286,1641.5264280980384,5.767732736,513
P0ABB0,enc_cnn,513,2,0.3003310000003694,1708.1153793626668,5.767732736,513
P11413,enc_dec,515,0,44.69226405600057,11.545622288310089,6.060384256,515
P11413,enc_dec,515,1,44.74389159299972,11.532300424237784,6.060388864,515
P11413,enc_dec,515,2,45.28740567299974,11.39389621312837,6.060388864,515
P11413,enc_cnn,515,0,0.30432992900023237,1692.2423689705747,5.768384,515
P11413,enc_cnn,515,1,0.3051788390002912,1687.5350915123856,5.76843008,515
P11413,enc_cnn,515,2,0.30168967399913527,1707.0521280137555,5.76843008,515
P0A6F5,enc_dec,548,0,49.53069732199947,11.084035349450998,6.086475264,548
P0A6F5,enc_dec,548,1,48.37315237400071,11.34927068129372,6.086479872,548
P0A6F5,enc_dec,548,2,48.3675072570004,11.35059528875227,6.086479872,548
P0A6F5,enc_cnn,548,0,0.30368138999983785,1804.522825716428,5.782514176,548
P0A6F5,enc_cnn,548,1,0.29920016700089036,1831.5497798447727,5.782562816,548
P0A6F5,enc_cnn,548,2,0.3097605190014292,1769.1086061147503,5.782562816,548
P0AG67,enc_dec,557,0,48.279236345000754,11.557763590388275,6.095526912,557
P0AG67,enc_dec,557,1,47.57737841499875,11.728262854938865,6.09553152,557
P0AG67,enc_dec,557,2,48.193135495001115,11.578412449587953,6.09553152,557
P0AG67,enc_cnn,557,0,0.2681088150002324,2077.514683728385,5.78878976,557
P0AG67,enc_cnn,557,1,0.28678856099941186,1942.1974086377256,5.788839424,557
P0AG67,enc_cnn,557,2,0.2770557940002618,2010.4253802375765,5.788839424,557
P35354,enc_dec,604,0,52.17295275699871,11.596046764266042,6.132058624,604
P35354,enc_dec,604,1,53.59911091899994,11.28750066235778,6.132063744,604
P35354,enc_dec,604,2,53.85376389200064,11.234126573089274,6.132063744,604
P35354,enc_cnn,604,0,0.31352547100141237,1926.478247750656,5.808691712,604
P35354,enc_cnn,604,1,0.3220444309990853,1875.5176052142804,5.808745472,604
P35354,enc_cnn,604,2,0.327890213999126,1842.0799835203682,5.808745472,604
P02768,enc_dec,609,0,53.29617517499901,11.44547423894967,6.150396928,609
P02768,enc_dec,609,1,53.252351388000534,11.45489324134244,6.150402048,609
P02768,enc_dec,609,2,53.114298643999064,11.48466638124231,6.150402048,609
P02768,enc_cnn,609,0,0.3026054040001327,2012.5218913794843,5.811651072,609
P02768,enc_cnn,609,1,0.30362282799978857,2005.7780372180187,5.811705344,609
P02768,enc_cnn,609,2,0.29322885100009444,2076.8761256708804,5.811705344,609
P10591,enc_dec,642,0,56.48044937399936,11.384470327815832,6.16390912,642
P10591,enc_dec,642,1,55.76803107500018,11.529903200908334,6.163914752,642
P10591,enc_dec,642,2,55.88236394900014,11.506313522935795,6.163914752,642
P10591,enc_cnn,642,0,0.37572443800127076,1708.6990758845147,5.829125632,642
P10591,enc_cnn,642,1,0.3783038089986803,1697.0487336600927,5.829182976,642
P10591,enc_cnn,642,2,0.3651868270007981,1758.0042666725133,5.829182976,642
P23246,enc_dec,707,0,61.693812565999906,11.476029289689029,6.212688384,707
P23246,enc_dec,707,1,61.97732973999882,11.423531845759276,6.212694528,707
P23246,enc_dec,707,2,61.12085116900016,11.583608317926862,6.212694528,707
P23246,enc_cnn,707,0,0.40048605899937684,1765.3548334902216,5.864323072,707
P23246,enc_cnn,707,1,0.3809381270002632,1855.944443175969,5.864386048,707
P23246,enc_cnn,707,2,0.40809142400030396,1732.4549314701437,5.864386048,707
P07901,enc_dec,733,0,63.29998402900128,11.595579544912892,6.234387968,733
P07901,enc_dec,733,1,64.88810859200021,11.311779861163835,6.234394112,733
P07901,enc_dec,733,2,63.82097919700027,11.500920375012042,6.234394112,733
P07901,enc_cnn,733,0,0.5340385229992535,1372.5601589251355,5.87831808,733
P07901,enc_cnn,733,1,0.5473969470003794,1339.0648304063193,5.878383104,733
P07901,enc_cnn,733,2,0.5293001330010156,1384.847564356447,5.878383104,733
Q61410,enc_dec,762,0,67.77499410000019,11.257839416027304,6.257806848,762
Q61410,enc_dec,762,1,65.93050402900008,11.572791854653321,6.257812992,762
Q61410,enc_dec,762,2,66.19104873499964,11.527238419423181,6.257812992,762
Q61410,enc_cnn,762,0,0.4815987470010441,1582.2300301756143,5.898142208,762
Q61410,enc_cnn,762,1,0.4734835769995698,1609.348321706821,5.898209792,762
Q61410,enc_cnn,762,2,0.4879306479997467,1561.6973500717577,5.898209792,762
P15056,enc_dec,766,0,64.80100063600185,11.836236978937539,6.261263872,766
P15056,enc_dec,766,1,67.37733878099971,11.383649367527301,6.261270016,766
P15056,enc_dec,766,2,65.68037740200089,11.677764811026103,6.261270016,766
P15056,enc_cnn,766,0,0.5030697620022693,1522.6516436830577,5.90036224,766
P15056,enc_cnn,766,1,0.49378069000158575,1551.2959812129147,5.900429824,766
P15056,enc_cnn,766,2,0.48922564600070473,1565.7396668834826,5.900429824,766
P05067,enc_dec,770,0,67.39842559200042,11.439436355194484,6.263259136,770
P05067,enc_dec,770,1,67.1629243919997,11.479547785918623,6.263265792,770
P05067,enc_dec,770,2,67.49791137799912,11.422575665819886,6.263265792,770
P05067,enc_cnn,770,0,0.5231594309989305,1471.8266638713699,5.901910016,770
P05067,enc_cnn,770,1,0.544750788998499,1413.4903804648213,5.901978624,770
P05067,enc_cnn,770,2,0.5114807720019598,1505.432935408664,5.901978624,770
P04150,enc_dec,777,0,67.16810694299784,11.58287817550447,6.269471744,777
P04150,enc_dec,777,1,66.33075264700165,11.729099534575656,6.2694784,777
P04150,enc_dec,777,2,66.9329650260006,11.623569935946811,6.2694784,777
P04150,enc_cnn,777,0,0.5935222389998671,1309.133759350463,5.909164544,777
P04150,enc_cnn,777,1,0.5904138480000256,1316.0260428037357,5.909233664,777
P04150,enc_cnn,777,2,0.5912759969978651,1314.107124160505,5.909233664,777
P56201,enc_dec,797,0,69.04398881599991,11.557849042103365,6.285325312,797
P56201,enc_dec,797,1,71.04771597700164,11.231888161729435,6.285331968,797
P56201,enc_dec,797,2,70.40213773100186,11.334883083366908,6.285331968,797
P56201,enc_cnn,797,0,0.48934211199957645,1628.7173747283982,5.91986688,797
P56201,enc_cnn,797,1,0.4876393329977873,1634.4046635869229,5.919937536,797
P56201,enc_cnn,797,2,0.4743208740001137,1680.297123081724,5.919937536,797
P21802,enc_dec,821,0,74.24855401699824,11.070922671595918,6.319128576,821
P21802,enc_dec,821,1,72.93366208400039,11.27051592518791,6.319135232,821
P21802,enc_dec,821,2,73.35276636399794,11.206121333188648,6.319135232,821
P21802,enc_cnn,821,0,0.6205614919999789,1322.9954010746576,5.937338368,821
P21802,enc_cnn,821,1,0.650256058001105,1262.5795483148038,5.937411072,821
P21802,enc_cnn,821,2,0.6359210220034583,1291.0408236127396,5.937411072,821
P0A9Q7,enc_dec,891,0,285.3585182079987,3.12589231820239,0.0,891
P0A9Q7,enc_dec,891,1,283.48147450000397,3.1465900957841515,0.0,891
P0A9Q7,enc_dec,891,2,289.7283779589925,3.078745707561486,0.0,891
P0A9Q7,enc_cnn,891,0,4.500943582999753,197.9584910518193,0.0,891
P0A9Q7,enc_cnn,891,1,2.520384333009133,353.517512520092,0.0,891
P0A9Q7,enc_cnn,891,2,1.7196427920134738,518.130860745072,0.0,891
P19367,enc_dec,917,0,40.60853195999994,22.606086841657927,6.3804544,917
P19367,enc_dec,917,1,40.495654034999916,22.669099237330094,6.38046208,917
P19367,enc_dec,917,2,40.9941830759999,22.393420995805727,6.38046208,917
P19367,enc_cnn,917,0,0.43346669800007476,2115.502769257356,6.003497472,917
P19367,enc_cnn,917,1,0.43494091200000184,2108.3323612472586,6.00357888,917
P19367,enc_cnn,917,2,0.43220014899998205,2121.7021838649066,6.00357888,917
P10275,enc_dec,920,0,40.787350543,22.58053018248972,6.382833152,920
P10275,enc_dec,920,1,40.6189608709999,22.67413986598442,6.382840832,920
P10275,enc_dec,920,2,40.51659059999997,22.731428937162363,6.382840832,920
P10275,enc_cnn,920,0,0.3874692349997986,2374.382059005222,6.004512256,920
P10275,enc_cnn,920,1,0.3878258629999891,2372.1986792820617,6.004593664,920
P10275,enc_cnn,920,2,0.3881653500000084,2370.123969076529,6.004593664,920
P62944,enc_dec,937,0,42.14463824199993,22.25668647607991,6.396308992,937
P62944,enc_dec,937,1,42.06340655200006,22.299667974832612,6.396316672,937
P62944,enc_dec,937,2,41.55925557299997,22.57018291274196,6.396316672,937
P62944,enc_cnn,937,0,0.4502683849998448,2080.9811019717117,6.01747968,937
P62944,enc_cnn,937,1,0.44886849299996356,2087.4710847661922,6.017562624,937
P62944,enc_cnn,937,2,0.4479251939999358,2091.8671522641216,6.017562624,937
P06756,enc_dec,1048,0,46.39820583599999,22.608632836101812,6.484714496,1048
P06756,enc_dec,1048,1,46.080343288999984,22.764587351726846,6.4847232,1048
P06756,enc_dec,1048,2,46.252095373999964,22.680053552550664,6.4847232,1048
P06756,enc_cnn,1048,0,0.4871534060000613,2151.2730632532375,6.105616384,1048
P06756,enc_cnn,1048,1,0.48254297800008317,2171.8272729684595,6.105709056,1048
P06756,enc_cnn,1048,2,0.4870435230000112,2151.758416875561,6.105709056,1048
P42336,enc_dec,1068,0,46.903779920000034,22.791340097179937,6.50034688,1068
P42336,enc_dec,1068,1,47.055386245000136,22.717909368209394,6.500355584,1068
P42336,enc_dec,1068,2,47.07012055700034,22.710798004128264,6.500355584,1068
P42336,enc_cnn,1068,0,0.4846165900003143,2203.804042282802,6.1214848,1068
P42336,enc_cnn,1068,1,0.4828960439999719,2211.656138562324,6.121579008,1068
P42336,enc_cnn,1068,2,0.4832334490001813,2210.11190804302,6.121579008,1068
P00968,enc_dec,1073,0,47.39267038600019,22.66173210440701,6.504331264,1073
P00968,enc_dec,1073,1,47.13252591899982,22.786811847210053,6.504339968,1073
P00968,enc_dec,1073,2,47.28647272700027,22.712626636385863,6.504339968,1073
P00968,enc_cnn,1073,0,0.5560932379999031,1929.5325436059106,6.126953472,1073
P00968,enc_cnn,1073,1,0.5545692750001763,1934.834922110784,6.127048192,1073
P00968,enc_cnn,1073,2,0.5570143029999599,1926.341916573868,6.127048192,1073
P07949,enc_dec,1114,0,52.21167220500001,21.355378077571377,6.537001984,1114
P07949,enc_dec,1114,1,49.0677714819999,22.72367312236767,6.5370112,1114
P07949,enc_dec,1114,2,49.554383332999805,22.50053224368321,6.5370112,1114
P07949,enc_cnn,1114,0,0.5176895169997806,2151.868955075774,6.160756736,1114
P07949,enc_cnn,1114,1,0.5183796259998417,2149.0042126006324,6.160855552,1114
P07949,enc_cnn,1114,2,0.5166910090001693,2156.027452762653,6.160855552,1114
P00533,enc_dec,1210,0,54.08997094999995,22.38862359751371,6.614373888,1210
P00533,enc_dec,1210,1,53.087925067000015,22.811213632321255,6.614309888,1210
P00533,enc_dec,1210,2,53.779127359000086,22.518029939683203,6.614309888,1210
P00533,enc_cnn,1210,0,0.6000140490000376,2016.6194475221764,6.251691008,1210
P00533,enc_cnn,1210,1,0.5967297090001011,2027.7187171181968,6.251798016,1210
P00533,enc_cnn,1210,2,0.59912378800027,2019.6160196521103,6.251798016,1210
P04626,enc_dec,1255,0,57.4082611230001,21.878384320140903,6.655007744,1255
P04626,enc_dec,1255,1,57.57289767100019,21.815820478194457,6.655017984,1255
P04626,enc_dec,1255,2,57.5266622639997,21.833354319011264,6.655017984,1255
P04626,enc_cnn,1255,0,0.724513872999978,1732.195954790279,6.293587968,1255
P04626,enc_cnn,1255,1,0.7233597649997137,1734.9596434915022,6.293699072,1255
P04626,enc_cnn,1255,2,0.7253124550002212,1730.288776027729,6.293699072,1255
P0DTC2,enc_dec,1273,0,56.65216130399995,22.48810937968661,6.666016256,1273
P0DTC2,enc_dec,1273,1,56.092409335999946,22.712520554583318,6.666026496,1273
P0DTC2,enc_dec,1273,2,55.53391943099996,22.940934352435278,6.666026496,1273
P0DTC2,enc_cnn,1273,0,0.7407997559998876,1718.4130929980938,6.31327744,1273
P0DTC2,enc_cnn,1273,1,0.7399112410002999,1720.4766321417246,6.313389568,1273
P0DTC2,enc_cnn,1273,2,0.739513757000168,1721.4013775266535,6.313389568,1273
P12821,enc_dec,1306,0,57.92250560699995,22.564631593596822,6.689995776,1306
P12821,enc_dec,1306,1,57.89774891599973,22.57428007945949,6.690006528,1306
P12821,enc_dec,1306,2,57.13557333499966,22.875415852340247,6.690006528,1306
P12821,enc_cnn,1306,0,0.7007982929999343,1863.5890141931643,6.345392128,1306
P12821,enc_cnn,1306,1,0.6996976760001417,1866.5204198845097,6.34550784,1306
P12821,enc_cnn,1306,2,0.699099345999457,1868.1178969390917,6.34550784,1306
O60885,enc_dec,1362,0,59.849099817000024,22.77394320328344,6.734618624,1362
O60885,enc_dec,1362,1,59.314550703999885,22.979184429834785,6.734629888,1362
O60885,enc_dec,1362,2,59.81536028000028,22.786789106003756,6.734629888,1362
O60885,enc_cnn,1362,0,0.7410488510004143,1837.9355128360337,6.407372288,1362
O60885,enc_cnn,1362,1,0.7406699029997981,1838.8758534452984,6.407492608,1362
O60885,enc_cnn,1362,2,0.7394197069997972,1841.9849878309687,6.407492608,1362
P02452,enc_dec,1464,0,64.48965810200025,22.716820698333965,6.823661056,1464
P02452,enc_dec,1464,1,64.51954043499973,22.706299364855454,6.824631296,1464
P02452,enc_dec,1464,2,64.13048843900015,22.84404868354439,6.824631296,1464
P02452,enc_cnn,1464,0,0.843747877000169,1735.1154769183577,6.522017792,1464
P02452,enc_cnn,1464,1,0.8425987720002013,1737.4817631465173,6.522146816,1464
P02452,enc_cnn,1464,2,0.843944104000002,1734.7120420193096,6.522146816,1464
P13569,enc_dec,1480,0,65.43788474699977,22.632149644291516,6.834404864,1480
P13569,enc_dec,1480,1,66.07696913900054,22.41325562140336,6.83485952,1480
P13569,enc_dec,1480,2,65.03383649199986,22.772760764039887,6.834851328,1480
P13569,enc_cnn,1480,0,0.8634193500001857,1714.1149315216085,6.538500096,1480
P13569,enc_cnn,1480,1,0.8631179519998113,1714.713494917927,6.538631168,1480
P13569,enc_cnn,1480,2,0.8623339020005005,1716.2725442738547,6.538631168,1480
P02458,enc_dec,1487,0,64.7327778230001,22.98680900221311,6.839621632,1487
P02458,enc_dec,1487,1,65.00936568900033,22.88900967159831,6.839625728,1487
P02458,enc_dec,1487,2,65.47038392000013,22.727833730411962,6.839625728,1487
P02458,enc_cnn,1487,0,0.9929392970007029,1497.5739247018112,6.547951104,1487
P02458,enc_cnn,1487,1,0.9922133939999185,1498.669549304756,6.548082688,1487
P02458,enc_cnn,1487,2,0.9929443950004497,1497.5662358206137,6.548082688,1487
P22579,enc_dec,1536,0,67.17453453300004,22.880694457881745,6.874314752,1536
P22579,enc_dec,1536,1,67.04820983700029,22.923803688966096,6.874327552,1536
P22579,enc_dec,1536,2,66.72001954000007,23.03656399678564,6.874327552,1536
P22579,enc_cnn,1536,0,0.932595561999733,1647.016201435065,6.606974976,1536
P22579,enc_cnn,1536,1,0.9313650459998826,1649.1922330529394,6.607110144,1536
P22579,enc_cnn,1536,2,0.9277679110000463,1655.586469189624,6.607110144,1536
Q02880,enc_dec,1626,0,71.13775805399928,22.871117174721423,6.945844224,1626
Q02880,enc_dec,1626,1,71.3428239369996,22.805377054274555,6.945857536,1626
Q02880,enc_dec,1626,2,70.48193959800028,23.083927730702822,6.945857536,1626
Q02880,enc_cnn,1626,0,1.010733662000348,1608.7324100613957,6.720080896,1626
Q02880,enc_cnn,1626,1,1.0112019670004884,1607.987378449408,6.720224768,1626
Q02880,enc_cnn,1626,2,1.0116990249998707,1607.1973579298524,6.720224768,1626
P38398,enc_dec,1863,0,81.24566745799984,22.942761852053213,7.13421056,1863
P38398,enc_dec,1863,1,81.6787048670003,22.821125812844397,7.13422592,1863
P38398,enc_dec,1863,2,82.86740361200009,22.493766170442353,7.13422592,1863
P38398,enc_cnn,1863,0,1.481575883000005,1257.4448743237228,7.0423552,1863
P38398,enc_cnn,1863,1,1.4804974219996438,1258.3608538025865,7.042520064,1863
P38398,enc_cnn,1863,2,1.4816719020000164,1257.3633862431032,7.042520064,1863
P35498,enc_dec,2009,0,89.0903896509999,22.56135603260818,7.264725504,2009
P35498,enc_dec,2009,1,91.59434162599973,21.94458701616396,7.264741888,2009
P35498,enc_dec,2009,2,92.1423881719993,21.814064513370287,7.264741888,2009
P35498,enc_cnn,2009,0,1.7159768850006003,1170.761691232978,7.264868352,2009
P35498,enc_cnn,2009,1,1.7140282059999663,1172.0927304273541,7.265045504,2009
P35498,enc_cnn,2009,2,1.7209952590001194,1167.34778291441,7.265045504,2009
Q13936,enc_dec,2221,0,99.55573539099987,22.319156111631468,7.617813504,2221
Q13936,enc_dec,2221,1,98.3233403459999,22.598906751751727,7.617831424,2221
Q13936,enc_dec,2221,2,98.9997049120002,22.444511344504637,7.617831424,2221
Q13936,enc_cnn,2221,0,2.0876882740003566,1063.8561454120716,7.617972224,2221
Q13936,enc_cnn,2221,1,2.089438952999444,1062.96477186457,7.61816832,2221
Q13936,enc_cnn,2221,2,2.087374369000827,1064.0161309746925,7.61816832,2221
Q04721,enc_dec,2471,0,111.32365994499924,22.205522179394038,8.076255744,2471
Q04721,enc_dec,2471,1,110.85666474400023,22.299065245274658,8.076275712,2471
Q04721,enc_dec,2471,2,110.06841009799973,22.458759945737814,8.076275712,2471
Q04721,enc_cnn,2471,0,2.5316242700009752,976.0532118769141,8.076432384,2471
Q04721,enc_cnn,2471,1,2.5269122070003505,977.8733084412447,8.076650496,2471
Q04721,enc_cnn,2471,2,2.5286136150007223,977.2153346565343,8.076650496,2471
P42345,enc_dec,2549,0,114.13471386399942,22.342019475674398,8.227387904,2549
P42345,enc_dec,2549,1,113.78826776700043,22.410043232414175,8.227408384,2549
P42345,enc_dec,2549,2,114.5086191749997,22.26906601766737,8.227408384,2549
P42345,enc_cnn,2549,0,2.6803362619994004,951.0000801535887,8.227570176,2549
P42345,enc_cnn,2549,1,2.6826557040003536,950.1778391460941,8.227794944,2549
P42345,enc_cnn,2549,2,2.6808831420003116,950.8060832886925,8.227794944,2549
P13368,enc_dec,2554,0,113.0846063680001,22.59370291023975,8.236574208,2554
P13368,enc_dec,2554,1,113.57815841299998,22.49552234074222,8.236594688,2554
P13368,enc_dec,2554,2,112.7506778930001,22.66061763659358,8.236594688,2554
P13368,enc_cnn,2554,0,2.3054893010012165,1107.790870636815,8.236756992,2554
P13368,enc_cnn,2554,1,2.308993652000936,1106.109580590118,8.236982272,2554
P13368,enc_cnn,2554,2,2.3087333909988956,1106.2342711191038,8.236982272,2554
