protein_id,direction,config,alpha_mean,alpha_std,alpha_min,alpha_max,p_out_mass,length
P02798,inverse,greedy_T1.0,0.3193359375,0.271484375,0.00860595703125,0.88330078125,1.0,61
P02798,inverse,published_T1.0_k3_p0.85,0.1693115234375,0.169189453125,0.004878997802734375,0.8818359375,1.0,61
P02798,inverse,conservative_T0.5,0.248779296875,0.27294921875,0.0003688335418701172,0.99853515625,1.0,61
P02798,inverse,exploratory_T1.5,0.409423828125,0.2705078125,0.04412841796875,0.87109375,1.0,61
P02798,folding,greedy_T1.0,0.62451171875,0.2266845703125,0.1160888671875,0.96630859375,1.0,61
P02798,folding,published_T1.0_k3_p0.85,0.56298828125,0.2371826171875,0.023223876953125,0.95458984375,1.0,61
P02798,folding,conservative_T0.5,0.6533203125,0.322509765625,0.007205963134765625,0.99951171875,1.0,61
P02798,folding,exploratory_T1.5,0.62744140625,0.161376953125,0.2332763671875,0.88671875,1.0,61
Q941C7,inverse,greedy_T1.0,0.3818359375,0.1590576171875,0.1507568359375,0.7216796875,1.0,75
Q941C7,inverse,published_T1.0_k3_p0.85,0.19189453125,0.10809326171875,0.047454833984375,0.52197265625,1.0,75
Q941C7,inverse,conservative_T0.5,0.297119140625,0.2132568359375,0.034088134765625,0.93505859375,1.0,75
Q941C7,inverse,exploratory_T1.5,0.52685546875,0.13671875,0.26904296875,0.7900390625,1.0,75
Q941C7,folding,greedy_T1.0,0.78564453125,0.1888427734375,0.265869140625,0.998046875,1.0,75
Q941C7,folding,published_T1.0_k3_p0.85,0.75,0.2125244140625,0.20703125,0.998046875,1.0,75
Q941C7,folding,conservative_T0.5,0.79541015625,0.256591796875,0.0394287109375,1.0,1.0,75
Q941C7,folding,exploratory_T1.5,0.74072265625,0.150390625,0.312255859375,0.97412109375,1.0,75
B3H5J1,inverse,greedy_T1.0,0.499267578125,0.1981201171875,0.0762939453125,0.85302734375,1.0,88
B3H5J1,inverse,published_T1.0_k3_p0.85,0.2279052734375,0.1182861328125,0.0242919921875,0.7353515625,1.0,88
B3H5J1,inverse,conservative_T0.5,0.349609375,0.21484375,0.00891876220703125,0.86279296875,1.0,88
B3H5J1,inverse,exploratory_T1.5,0.6181640625,0.1820068359375,0.1749267578125,0.900390625,1.0,88
B3H5J1,folding,greedy_T1.0,0.72998046875,0.1976318359375,0.386474609375,0.99755859375,1.0,88
B3H5J1,folding,published_T1.0_k3_p0.85,0.69775390625,0.214599609375,0.28662109375,0.99755859375,1.0,88
B3H5J1,folding,conservative_T0.5,0.71875,0.263427734375,0.169677734375,1.0,1.0,88
B3H5J1,folding,exploratory_T1.5,0.71337890625,0.157958984375,0.369140625,0.9697265625,1.0,88
P0A7U3,inverse,greedy_T1.0,0.335205078125,0.215087890625,0.039794921875,0.96826171875,1.0,92
P0A7U3,inverse,published_T1.0_k3_p0.85,0.2454833984375,0.2027587890625,0.0262603759765625,0.9677734375,1.0,92
P0A7U3,inverse,conservative_T0.5,0.3154296875,0.280517578125,0.00616455078125,1.0,1.0,92
P0A7U3,inverse,exploratory_T1.5,0.401611328125,0.189208984375,0.08892822265625,0.86572265625,1.0,92
P0A7U3,folding,greedy_T1.0,0.7138671875,0.2724609375,0.0142974853515625,0.998046875,1.0,92
P0A7U3,folding,published_T1.0_k3_p0.85,0.68798828125,0.2861328125,0.0131988525390625,0.998046875,1.0,92
P0A7U3,folding,conservative_T0.5,0.74072265625,0.333984375,0.0001989603042602539,1.0,1.0,92
P0A7U3,folding,exploratory_T1.5,0.6748046875,0.2259521484375,0.06146240234375,0.98193359375,1.0,92
P01308,inverse,greedy_T1.0,0.370361328125,0.1856689453125,0.056610107421875,0.7275390625,1.0,110
P01308,inverse,published_T1.0_k3_p0.85,0.1658935546875,0.1011962890625,0.03338623046875,0.52099609375,1.0,110
P01308,inverse,conservative_T0.5,0.260009765625,0.201416015625,0.026092529296875,0.92333984375,1.0,110
P01308,inverse,exploratory_T1.5,0.51171875,0.1622314453125,0.1551513671875,0.8115234375,1.0,110
P01308,folding,greedy_T1.0,0.68896484375,0.2283935546875,0.1444091796875,0.9931640625,1.0,110
P01308,folding,published_T1.0_k3_p0.85,0.64501953125,0.2493896484375,0.1246337890625,0.9931640625,1.0,110
P01308,folding,conservative_T0.5,0.658203125,0.31884765625,0.01284027099609375,1.0,1.0,110
P01308,folding,exploratory_T1.5,0.6845703125,0.17724609375,0.252197265625,0.9453125,1.0,110
P61769,inverse,greedy_T1.0,0.343505859375,0.2191162109375,0.00775909423828125,0.87255859375,1.0,119
P61769,inverse,published_T1.0_k3_p0.85,0.2215576171875,0.1900634765625,0.0025997161865234375,0.8681640625,1.0,119
P61769,inverse,conservative_T0.5,0.305419921875,0.2939453125,3.695487976074219e-05,0.9931640625,1.0,119
P61769,inverse,exploratory_T1.5,0.43017578125,0.1971435546875,0.06744384765625,0.8837890625,1.0,119
P61769,folding,greedy_T1.0,0.7802734375,0.1868896484375,0.290283203125,0.9990234375,1.0,119
P61769,folding,published_T1.0_k3_p0.85,0.75634765625,0.20068359375,0.189453125,0.9990234375,1.0,119
P61769,folding,conservative_T0.5,0.81103515625,0.2388916015625,0.129150390625,1.0,1.0,119
P61769,folding,exploratory_T1.5,0.73388671875,0.160400390625,0.1910400390625,0.990234375,1.0,119
P00698,inverse,greedy_T1.0,0.33984375,0.217529296875,0.01410675048828125,0.96923828125,1.0,147
P00698,inverse,published_T1.0_k3_p0.85,0.21484375,0.1729736328125,0.01183319091796875,0.96875,1.0,147
P00698,inverse,conservative_T0.5,0.302490234375,0.27294921875,0.0006537437438964844,1.0,1.0,147
P00698,inverse,exploratory_T1.5,0.4169921875,0.2081298828125,0.044708251953125,0.86865234375,1.0,147
P00698,folding,greedy_T1.0,0.5927734375,0.28759765625,0.00787353515625,0.9951171875,1.0,147
P00698,folding,published_T1.0_k3_p0.85,0.5615234375,0.298828125,0.006473541259765625,0.9931640625,1.0,147
P00698,folding,conservative_T0.5,0.5927734375,0.3681640625,8.934736251831055e-05,1.0,1.0,147
P00698,folding,exploratory_T1.5,0.58984375,0.2271728515625,0.037689208984375,0.97119140625,1.0,147
P68871,inverse,greedy_T1.0,0.231689453125,0.1884765625,0.00983428955078125,0.93603515625,1.0,147
P68871,inverse,published_T1.0_k3_p0.85,0.195556640625,0.1793212890625,0.003879547119140625,0.935546875,1.0,147
P68871,inverse,conservative_T0.5,0.25146484375,0.275146484375,0.000484466552734375,0.99951171875,1.0,147
P68871,inverse,exploratory_T1.5,0.267333984375,0.158203125,0.05224609375,0.85595703125,1.0,147
P68871,folding,greedy_T1.0,0.7822265625,0.243408203125,0.13037109375,0.99658203125,1.0,147
P68871,folding,published_T1.0_k3_p0.85,0.7626953125,0.2626953125,0.05950927734375,0.99609375,1.0,147
P68871,folding,conservative_T0.5,0.80126953125,0.31103515625,0.0161590576171875,1.0,1.0,147
P68871,folding,exploratory_T1.5,0.74462890625,0.1907958984375,0.25927734375,0.97314453125,1.0,147
P16949,inverse,greedy_T1.0,0.2427978515625,0.2037353515625,0.0204010009765625,0.98193359375,1.0,149
P16949,inverse,published_T1.0_k3_p0.85,0.1502685546875,0.1270751953125,0.0148773193359375,0.9814453125,1.0,149
P16949,inverse,conservative_T0.5,0.2078857421875,0.2078857421875,0.0024318695068359375,1.0,1.0,149
P16949,inverse,exploratory_T1.5,0.320068359375,0.2244873046875,0.060394287109375,0.873046875,1.0,149
P16949,folding,greedy_T1.0,0.88330078125,0.1956787109375,0.1461181640625,0.998046875,1.0,149
P16949,folding,published_T1.0_k3_p0.85,0.8720703125,0.2078857421875,0.1015625,0.998046875,1.0,149
P16949,folding,conservative_T0.5,0.88330078125,0.25048828125,0.0196075439453125,1.0,1.0,149
P16949,folding,exploratory_T1.5,0.83154296875,0.1578369140625,0.274169921875,0.9736328125,1.0,149
P0DP27,inverse,greedy_T1.0,0.282470703125,0.252197265625,0.01477813720703125,0.9443359375,1.0,149
P0DP27,inverse,published_T1.0_k3_p0.85,0.267578125,0.25341796875,0.01104736328125,0.943359375,1.0,149
P0DP27,inverse,conservative_T0.5,0.3408203125,0.334228515625,0.000911712646484375,0.9990234375,1.0,149
P0DP27,inverse,exploratory_T1.5,0.26025390625,0.180419921875,0.0574951171875,0.78564453125,1.0,149
P0DP27,folding,greedy_T1.0,0.748046875,0.222412109375,0.08367919921875,0.99853515625,1.0,149
P0DP27,folding,published_T1.0_k3_p0.85,0.72314453125,0.2381591796875,0.07049560546875,0.99853515625,1.0,149
P0DP27,folding,conservative_T0.5,0.79052734375,0.294677734375,0.0167694091796875,1.0,1.0,149
P0DP27,folding,exploratory_T1.5,0.6943359375,0.1754150390625,0.161865234375,0.9853515625,1.0,149
P68082,inverse,greedy_T1.0,0.38671875,0.2088623046875,0.0204925537109375,0.919921875,1.0,154
P68082,inverse,published_T1.0_k3_p0.85,0.25927734375,0.1845703125,0.0090484619140625,0.9140625,1.0,154
P68082,inverse,conservative_T0.5,0.325439453125,0.260009765625,0.0005016326904296875,0.9990234375,1.0,154
P68082,inverse,exploratory_T1.5,0.4638671875,0.1904296875,0.05914306640625,0.8466796875,1.0,154
P68082,folding,greedy_T1.0,0.83544921875,0.1600341796875,0.231689453125,0.998046875,1.0,154
P68082,folding,published_T1.0_k3_p0.85,0.81591796875,0.177978515625,0.08160400390625,0.998046875,1.0,154
P68082,folding,conservative_T0.5,0.85986328125,0.2293701171875,0.033355712890625,1.0,1.0,154
P68082,folding,exploratory_T1.5,0.80224609375,0.1212158203125,0.405029296875,0.97998046875,1.0,154
P00441,inverse,greedy_T1.0,0.346923828125,0.26611328125,0.0045318603515625,0.9931640625,1.0,154
P00441,inverse,published_T1.0_k3_p0.85,0.2861328125,0.264404296875,0.00405120849609375,0.9931640625,1.0,154
P00441,inverse,conservative_T0.5,0.34912109375,0.3232421875,0.00023746490478515625,1.0,1.0,154
P00441,inverse,exploratory_T1.5,0.369140625,0.2236328125,0.023834228515625,0.93115234375,1.0,154
P00441,folding,greedy_T1.0,0.5712890625,0.281494140625,0.0182342529296875,0.9990234375,1.0,154
P00441,folding,published_T1.0_k3_p0.85,0.54248046875,0.291015625,0.00998687744140625,0.998046875,1.0,154
P00441,folding,conservative_T0.5,0.59033203125,0.355712890625,0.0009870529174804688,1.0,1.0,154
P00441,folding,exploratory_T1.5,0.55419921875,0.2359619140625,0.05401611328125,0.98486328125,1.0,154
P0A7Y4,inverse,greedy_T1.0,0.39990234375,0.240234375,0.00824737548828125,0.96240234375,1.0,155
P0A7Y4,inverse,published_T1.0_k3_p0.85,0.2919921875,0.22412109375,0.00423431396484375,0.9326171875,1.0,155
P0A7Y4,inverse,conservative_T0.5,0.39013671875,0.318359375,0.0001081228256225586,0.9990234375,1.0,155
P0A7Y4,inverse,exploratory_T1.5,0.447998046875,0.2108154296875,0.03485107421875,0.875,1.0,155
P0A7Y4,folding,greedy_T1.0,0.73046875,0.2493896484375,0.04864501953125,0.99853515625,1.0,155
P0A7Y4,folding,published_T1.0_k3_p0.85,0.69873046875,0.26513671875,0.029388427734375,0.99853515625,1.0,155
P0A7Y4,folding,conservative_T0.5,0.76220703125,0.3095703125,0.001514434814453125,1.0,1.0,155
P0A7Y4,folding,exploratory_T1.5,0.69873046875,0.203369140625,0.147216796875,0.9833984375,1.0,155
P04808,inverse,greedy_T1.0,0.428955078125,0.20751953125,0.0809326171875,0.88134765625,1.0,185
P04808,inverse,published_T1.0_k3_p0.85,0.2073974609375,0.14404296875,0.033111572265625,0.8134765625,1.0,185
P04808,inverse,conservative_T0.5,0.2880859375,0.226806640625,0.01593017578125,0.982421875,1.0,185
P04808,inverse,exploratory_T1.5,0.56982421875,0.1624755859375,0.2237548828125,0.85400390625,1.0,185
P04808,folding,greedy_T1.0,0.6396484375,0.2379150390625,0.1060791015625,0.99462890625,1.0,185
P04808,folding,published_T1.0_k3_p0.85,0.59375,0.255126953125,0.054168701171875,0.99462890625,1.0,185
P04808,folding,conservative_T0.5,0.64697265625,0.3291015625,0.00881195068359375,1.0,1.0,185
P04808,folding,exploratory_T1.5,0.6298828125,0.1806640625,0.169677734375,0.94775390625,1.0,185
P0A7L0,inverse,greedy_T1.0,0.34228515625,0.2139892578125,0.0034656524658203125,0.98681640625,1.0,234
P0A7L0,inverse,published_T1.0_k3_p0.85,0.25439453125,0.2015380859375,0.0019292831420898438,0.986328125,1.0,234
P0A7L0,inverse,conservative_T0.5,0.319580078125,0.28076171875,8.046627044677734e-06,1.0,1.0,234
P0A7L0,inverse,exploratory_T1.5,0.396484375,0.1905517578125,0.03680419921875,0.8876953125,1.0,234
P0A7L0,folding,greedy_T1.0,0.70703125,0.27490234375,0.047760009765625,0.99951171875,1.0,234
P0A7L0,folding,published_T1.0_k3_p0.85,0.6806640625,0.290771484375,0.0126953125,0.99951171875,1.0,234
P0A7L0,folding,conservative_T0.5,0.71484375,0.343505859375,0.001312255859375,1.0,1.0,234
P0A7L0,folding,exploratory_T1.5,0.6904296875,0.214111328125,0.1240234375,0.9912109375,1.0,234
P42212,inverse,greedy_T1.0,0.57421875,0.1163330078125,0.284423828125,0.966796875,1.0,238
P42212,inverse,published_T1.0_k3_p0.85,0.312744140625,0.1318359375,0.0284423828125,0.95947265625,1.0,238
P42212,inverse,conservative_T0.5,0.46728515625,0.199462890625,0.030975341796875,1.0,1.0,238
P42212,inverse,exploratory_T1.5,0.66357421875,0.0882568359375,0.4453125,0.88671875,1.0,238
P42212,folding,greedy_T1.0,0.422607421875,0.2056884765625,0.03314208984375,0.97802734375,1.0,238
P42212,folding,published_T1.0_k3_p0.85,0.332763671875,0.1951904296875,0.01453399658203125,0.97802734375,1.0,238
P42212,folding,conservative_T0.5,0.47119140625,0.2958984375,0.001659393310546875,1.0,1.0,238
P42212,folding,exploratory_T1.5,0.44287109375,0.169189453125,0.0760498046875,0.88916015625,1.0,238
P63101,inverse,greedy_T1.0,0.197265625,0.1851806640625,0.00543212890625,0.93603515625,1.0,245
P63101,inverse,published_T1.0_k3_p0.85,0.1771240234375,0.18310546875,0.004150390625,0.93505859375,1.0,245
P63101,inverse,conservative_T0.5,0.2318115234375,0.28271484375,0.0001010894775390625,0.99951171875,1.0,245
P63101,inverse,exploratory_T1.5,0.2117919921875,0.138671875,0.03497314453125,0.7421875,1.0,245
P63101,folding,greedy_T1.0,0.85546875,0.2012939453125,0.041046142578125,0.99951171875,1.0,245
P63101,folding,published_T1.0_k3_p0.85,0.84619140625,0.211669921875,0.0273284912109375,0.99951171875,1.0,245
P63101,folding,conservative_T0.5,0.88720703125,0.2396240234375,0.0013761520385742188,1.0,1.0,245
P63101,folding,exploratory_T1.5,0.7998046875,0.17529296875,0.1346435546875,0.9912109375,1.0,245
P00766,inverse,greedy_T1.0,0.42333984375,0.2373046875,0.018829345703125,0.98974609375,1.0,245
P00766,inverse,published_T1.0_k3_p0.85,0.2998046875,0.23779296875,0.0012445449829101562,0.98876953125,1.0,245
P00766,inverse,conservative_T0.5,0.376953125,0.3134765625,0.0001666545867919922,1.0,1.0,245
P00766,inverse,exploratory_T1.5,0.476318359375,0.2054443359375,0.055908203125,0.91650390625,1.0,245
P00766,folding,greedy_T1.0,0.68359375,0.2425537109375,0.0452880859375,0.9990234375,1.0,245
P00766,folding,published_T1.0_k3_p0.85,0.6484375,0.255859375,0.0233001708984375,0.9990234375,1.0,245
P00766,folding,conservative_T0.5,0.6923828125,0.323486328125,0.0019359588623046875,1.0,1.0,245
P00766,folding,exploratory_T1.5,0.6669921875,0.191162109375,0.08978271484375,0.9892578125,1.0,245
P15378,inverse,greedy_T1.0,0.483642578125,0.23046875,0.006847381591796875,0.97509765625,1.0,248
P15378,inverse,published_T1.0_k3_p0.85,0.336669921875,0.227294921875,0.0019435882568359375,0.97314453125,1.0,248
P15378,inverse,conservative_T0.5,0.432861328125,0.299560546875,4.106760025024414e-05,1.0,1.0,248
P15378,inverse,exploratory_T1.5,0.5478515625,0.1920166015625,0.035888671875,0.93115234375,1.0,248
P15378,folding,greedy_T1.0,0.791015625,0.218017578125,0.035675048828125,0.9990234375,1.0,248
P15378,folding,published_T1.0_k3_p0.85,0.7724609375,0.231689453125,0.01177978515625,0.99853515625,1.0,248
P15378,folding,conservative_T0.5,0.8125,0.2890625,0.0005269050598144531,1.0,1.0,248
P15378,folding,exploratory_T1.5,0.7548828125,0.1722412109375,0.118896484375,0.9912109375,1.0,248
P05089,inverse,greedy_T1.0,0.3525390625,0.24169921875,0.00628662109375,0.95458984375,1.0,322
P05089,inverse,published_T1.0_k3_p0.85,0.253173828125,0.2113037109375,0.00445556640625,0.9541015625,1.0,322
P05089,inverse,conservative_T0.5,0.331298828125,0.296142578125,0.00011819601058959961,1.0,1.0,322
P05089,inverse,exploratory_T1.5,0.3984375,0.2235107421875,0.036468505859375,0.875,1.0,322
P05089,folding,greedy_T1.0,0.71142578125,0.2227783203125,0.0777587890625,1.0,1.0,322
P05089,folding,published_T1.0_k3_p0.85,0.6708984375,0.2471923828125,0.0024814605712890625,0.99951171875,1.0,322
P05089,folding,conservative_T0.5,0.71728515625,0.311279296875,0.007114410400390625,1.0,1.0,322
P05089,folding,exploratory_T1.5,0.70654296875,0.16845703125,0.1878662109375,0.9970703125,1.0,322
P00784,inverse,greedy_T1.0,0.342041015625,0.22705078125,0.01445770263671875,0.9814453125,1.0,345
P00784,inverse,published_T1.0_k3_p0.85,0.2452392578125,0.2159423828125,0.005229949951171875,0.9765625,1.0,345
P00784,inverse,conservative_T0.5,0.32275390625,0.297607421875,0.0011034011840820312,1.0,1.0,345
P00784,inverse,exploratory_T1.5,0.392333984375,0.202880859375,0.044158935546875,0.91796875,1.0,345
P00784,folding,greedy_T1.0,0.65234375,0.2352294921875,0.07733154296875,0.99853515625,1.0,345
P00784,folding,published_T1.0_k3_p0.85,0.61376953125,0.25439453125,0.049041748046875,0.99755859375,1.0,345
P00784,folding,conservative_T0.5,0.6630859375,0.32470703125,0.00494384765625,1.0,1.0,345
P00784,folding,exploratory_T1.5,0.64501953125,0.1810302734375,0.1539306640625,0.98046875,1.0,345
P02572,inverse,greedy_T1.0,0.1849365234375,0.2020263671875,0.00627899169921875,0.9873046875,1.0,376
P02572,inverse,published_T1.0_k3_p0.85,0.178466796875,0.203125,0.0013399124145507812,0.98681640625,1.0,376
P02572,inverse,conservative_T0.5,0.2293701171875,0.287109375,0.00011163949966430664,1.0,1.0,376
P02572,inverse,exploratory_T1.5,0.1744384765625,0.1392822265625,0.034210205078125,0.89453125,1.0,376
P02572,folding,greedy_T1.0,0.67919921875,0.27978515625,0.00498199462890625,0.99951171875,1.0,376
P02572,folding,published_T1.0_k3_p0.85,0.666015625,0.287841796875,0.0010538101196289062,0.9990234375,1.0,376
P02572,folding,conservative_T0.5,0.74072265625,0.34228515625,7.033348083496094e-06,1.0,1.0,376
P02572,folding,exploratory_T1.5,0.6171875,0.224365234375,0.0447998046875,0.9921875,1.0,376
O65508,inverse,greedy_T1.0,0.2099609375,0.1685791015625,0.0093536376953125,0.96044921875,1.0,377
O65508,inverse,published_T1.0_k3_p0.85,0.1339111328125,0.1427001953125,0.0070037841796875,0.9599609375,1.0,377
O65508,inverse,conservative_T0.5,0.17529296875,0.2216796875,0.0004968643188476562,0.99951171875,1.0,377
O65508,inverse,exploratory_T1.5,0.3447265625,0.1463623046875,0.04632568359375,0.83447265625,1.0,377
O65508,folding,greedy_T1.0,0.494873046875,0.28369140625,0.006534576416015625,0.998046875,1.0,377
O65508,folding,published_T1.0_k3_p0.85,0.462646484375,0.289794921875,0.0019702911376953125,0.9990234375,1.0,377
O65508,folding,conservative_T0.5,0.52734375,0.36767578125,4.738569259643555e-05,1.0,1.0,377
O65508,folding,exploratory_T1.5,0.47021484375,0.2353515625,0.034912109375,0.982421875,1.0,377
P04637,inverse,greedy_T1.0,0.2919921875,0.2281494140625,0.0059661865234375,0.87646484375,1.0,393
P04637,inverse,published_T1.0_k3_p0.85,0.152099609375,0.126220703125,0.00498199462890625,0.84033203125,1.0,393
P04637,inverse,conservative_T0.5,0.21435546875,0.2235107421875,0.00020372867584228516,0.99609375,1.0,393
P04637,inverse,exploratory_T1.5,0.389892578125,0.261474609375,0.024871826171875,0.86865234375,1.0,393
P04637,folding,greedy_T1.0,0.6201171875,0.240234375,0.008148193359375,0.99755859375,1.0,393
P04637,folding,published_T1.0_k3_p0.85,0.59716796875,0.2464599609375,0.00030875205993652344,0.9970703125,1.0,393
P04637,folding,conservative_T0.5,0.67578125,0.313720703125,6.413459777832031e-05,1.0,1.0,393
P04637,folding,exploratory_T1.5,0.5703125,0.202392578125,0.040679931640625,0.98681640625,1.0,393
P0AEX9,inverse,greedy_T1.0,0.468017578125,0.1917724609375,0.00879669189453125,0.96630859375,1.0,396
P0AEX9,inverse,published_T1.0_k3_p0.85,0.314453125,0.202880859375,0.004360198974609375,0.9541015625,1.0,396
P0AEX9,inverse,conservative_T0.5,0.40234375,0.272216796875,0.00021636486053466797,1.0,1.0,396
P0AEX9,inverse,exploratory_T1.5,0.54345703125,0.1478271484375,0.062255859375,0.8701171875,1.0,396
P0AEX9,folding,greedy_T1.0,0.76171875,0.176025390625,0.1531982421875,0.99951171875,1.0,396
P0AEX9,folding,published_T1.0_k3_p0.85,0.71435546875,0.2010498046875,0.03631591796875,0.9990234375,1.0,396
P0AEX9,folding,conservative_T0.5,0.76220703125,0.2548828125,0.017486572265625,1.0,1.0,396
P0AEX9,folding,exploratory_T1.5,0.751953125,0.1361083984375,0.144775390625,0.99462890625,1.0,396
P0DTC9,inverse,greedy_T1.0,0.43359375,0.187255859375,0.04119873046875,0.9765625,1.0,419
P0DTC9,inverse,published_T1.0_k3_p0.85,0.1986083984375,0.1361083984375,0.00848388671875,0.97216796875,1.0,419
P0DTC9,inverse,conservative_T0.5,0.28515625,0.221435546875,0.0033206939697265625,1.0,1.0,419
P0DTC9,inverse,exploratory_T1.5,0.58544921875,0.1376953125,0.1424560546875,0.89111328125,1.0,419
P0DTC9,folding,greedy_T1.0,0.423583984375,0.2310791015625,0.018524169921875,0.9853515625,1.0,419
P0DTC9,folding,published_T1.0_k3_p0.85,0.3798828125,0.2386474609375,0.01065826416015625,0.98486328125,1.0,419
P0DTC9,folding,conservative_T0.5,0.495849609375,0.317138671875,0.00024318695068359375,1.0,1.0,419
P0DTC9,folding,exploratory_T1.5,0.392822265625,0.1800537109375,0.08917236328125,0.904296875,1.0,419
O59010,inverse,greedy_T1.0,0.405517578125,0.22802734375,0.00632476806640625,0.95361328125,1.0,425
O59010,inverse,published_T1.0_k3_p0.85,0.274169921875,0.1939697265625,0.004161834716796875,0.95263671875,1.0,425
O59010,inverse,conservative_T0.5,0.3427734375,0.26611328125,9.691715240478516e-05,1.0,1.0,425
O59010,inverse,exploratory_T1.5,0.469970703125,0.212158203125,0.034454345703125,0.89208984375,1.0,425
O59010,folding,greedy_T1.0,0.80859375,0.1968994140625,0.11346435546875,0.9990234375,1.0,425
O59010,folding,published_T1.0_k3_p0.85,0.77783203125,0.21875,0.0338134765625,0.9990234375,1.0,425
O59010,folding,conservative_T0.5,0.82861328125,0.261962890625,0.005992889404296875,1.0,1.0,425
O59010,folding,exploratory_T1.5,0.78369140625,0.151123046875,0.2783203125,0.9892578125,1.0,425
P60705,inverse,greedy_T1.0,0.313232421875,0.220703125,0.005245208740234375,0.90380859375,1.0,429
P60705,inverse,published_T1.0_k3_p0.85,0.1890869140625,0.16259765625,0.0014925003051757812,0.90283203125,1.0,429
P60705,inverse,conservative_T0.5,0.2509765625,0.263427734375,9.059906005859375e-06,0.998046875,1.0,429
P60705,inverse,exploratory_T1.5,0.405517578125,0.216796875,0.040679931640625,0.90625,1.0,429
P60705,folding,greedy_T1.0,0.671875,0.2498779296875,0.05078125,0.99853515625,1.0,429
P60705,folding,published_T1.0_k3_p0.85,0.63671875,0.267822265625,0.023956298828125,0.99853515625,1.0,429
P60705,folding,conservative_T0.5,0.701171875,0.31884765625,0.0017938613891601562,1.0,1.0,429
P60705,folding,exploratory_T1.5,0.64990234375,0.202392578125,0.1614990234375,0.98876953125,1.0,429
P0A855,inverse,greedy_T1.0,0.4619140625,0.2122802734375,0.0191497802734375,0.96923828125,1.0,430
P0A855,inverse,published_T1.0_k3_p0.85,0.311767578125,0.2198486328125,0.002704620361328125,0.96728515625,1.0,430
P0A855,inverse,conservative_T0.5,0.408203125,0.302734375,0.0002377033233642578,1.0,1.0,430
P0A855,inverse,exploratory_T1.5,0.52685546875,0.170166015625,0.061767578125,0.873046875,1.0,430
P0A855,folding,greedy_T1.0,0.70556640625,0.2181396484375,0.049041748046875,0.99951171875,1.0,430
P0A855,folding,published_T1.0_k3_p0.85,0.66259765625,0.2376708984375,0.0289459228515625,0.9990234375,1.0,430
P0A855,folding,conservative_T0.5,0.71826171875,0.30517578125,0.00446319580078125,1.0,1.0,430
P0A855,folding,exploratory_T1.5,0.6923828125,0.168212890625,0.1302490234375,0.99267578125,1.0,430
P0A6P9,inverse,greedy_T1.0,0.29931640625,0.228759765625,0.005733489990234375,0.98876953125,1.0,432
P0A6P9,inverse,published_T1.0_k3_p0.85,0.23779296875,0.2154541015625,0.0009484291076660156,0.970703125,1.0,432
P0A6P9,inverse,conservative_T0.5,0.308837890625,0.306884765625,0.00017368793487548828,1.0,1.0,432
P0A6P9,inverse,exploratory_T1.5,0.331787109375,0.2010498046875,0.024505615234375,0.9130859375,1.0,432
P0A6P9,folding,greedy_T1.0,0.6767578125,0.25634765625,0.020050048828125,0.9990234375,1.0,432
P0A6P9,folding,published_T1.0_k3_p0.85,0.64794921875,0.27001953125,0.00731658935546875,0.998046875,1.0,432
P0A6P9,folding,conservative_T0.5,0.70751953125,0.328857421875,0.0005340576171875,1.0,1.0,432
P0A6P9,folding,exploratory_T1.5,0.6494140625,0.2034912109375,0.085205078125,0.99560546875,1.0,432
P56252,inverse,greedy_T1.0,0.2349853515625,0.2103271484375,0.006591796875,0.98291015625,1.0,433
P56252,inverse,published_T1.0_k3_p0.85,0.2034912109375,0.200439453125,0.0024394989013671875,0.982421875,1.0,433
P56252,inverse,conservative_T0.5,0.267333984375,0.29248046875,0.0001112222671508789,1.0,1.0,433
P56252,inverse,exploratory_T1.5,0.253173828125,0.1793212890625,0.0278167724609375,0.873046875,1.0,433
P56252,folding,greedy_T1.0,0.67138671875,0.26904296875,0.0452880859375,0.99853515625,1.0,433
P56252,folding,published_T1.0_k3_p0.85,0.64892578125,0.281982421875,0.00684356689453125,0.99853515625,1.0,433
P56252,folding,conservative_T0.5,0.70654296875,0.345703125,0.0029888153076171875,1.0,1.0,433
P56252,folding,exploratory_T1.5,0.6357421875,0.214599609375,0.128662109375,0.98974609375,1.0,433
P34690,inverse,greedy_T1.0,0.1656494140625,0.1845703125,0.003841400146484375,0.96630859375,1.0,448
P34690,inverse,published_T1.0_k3_p0.85,0.150634765625,0.1812744140625,0.002368927001953125,0.9658203125,1.0,448
P34690,inverse,conservative_T0.5,0.191650390625,0.258544921875,3.540515899658203e-05,1.0,1.0,448
P34690,inverse,exploratory_T1.5,0.17431640625,0.1444091796875,0.0238189697265625,0.869140625,1.0,448
P34690,folding,greedy_T1.0,0.6904296875,0.26318359375,0.012603759765625,0.9990234375,1.0,448
P34690,folding,published_T1.0_k3_p0.85,0.67138671875,0.2744140625,0.01152801513671875,0.9990234375,1.0,448
P34690,folding,conservative_T0.5,0.73828125,0.32470703125,0.00016927719116210938,1.0,1.0,448
P34690,folding,exploratory_T1.5,0.642578125,0.213134765625,0.05401611328125,0.98681640625,1.0,448
P00439,inverse,greedy_T1.0,0.1732177734375,0.1920166015625,0.0008111000061035156,0.8837890625,0.99755859375,452
P00439,inverse,published_T1.0_k3_p0.85,0.111083984375,0.12335205078125,0.0,0.82421875,0.99755859375,452
P00439,inverse,conservative_T0.5,0.142822265625,0.207763671875,0.0,0.99609375,0.99755859375,452
P00439,inverse,exploratory_T1.5,0.2276611328125,0.207763671875,0.01861572265625,0.88330078125,0.998046875,452
P00439,folding,greedy_T1.0,0.68115234375,0.27734375,0.0112762451171875,0.998046875,1.0,452
P00439,folding,published_T1.0_k3_p0.85,0.65478515625,0.29150390625,0.0032138824462890625,0.9970703125,1.0,452
P00439,folding,conservative_T0.5,0.7158203125,0.3466796875,4.655122756958008e-05,1.0,1.0,452
P00439,folding,exploratory_T1.5,0.646484375,0.2220458984375,0.06005859375,0.97900390625,1.0,452
P02994,inverse,greedy_T1.0,0.2122802734375,0.2222900390625,0.00418853759765625,0.98876953125,1.0,458
P02994,inverse,published_T1.0_k3_p0.85,0.20068359375,0.2237548828125,0.002895355224609375,0.98779296875,1.0,458
P02994,inverse,conservative_T0.5,0.254638671875,0.3037109375,3.236532211303711e-05,1.0,1.0,458
P02994,inverse,exploratory_T1.5,0.202880859375,0.1607666015625,0.022796630859375,0.912109375,1.0,458
P02994,folding,greedy_T1.0,0.65673828125,0.26953125,0.01812744140625,0.998046875,1.0,458
P02994,folding,published_T1.0_k3_p0.85,0.64013671875,0.27734375,0.00955963134765625,0.99755859375,1.0,458
P02994,folding,conservative_T0.5,0.71240234375,0.335205078125,0.0004329681396484375,1.0,1.0,458
P02994,folding,exploratory_T1.5,0.60205078125,0.2183837890625,0.06427001953125,0.9833984375,1.0,458
O14926,inverse,greedy_T1.0,0.256103515625,0.213134765625,0.0035381317138671875,0.9033203125,1.0,492
O14926,inverse,published_T1.0_k3_p0.85,0.1973876953125,0.197021484375,0.0013322830200195312,0.9033203125,1.0,492
O14926,inverse,conservative_T0.5,0.2421875,0.279296875,3.695487976074219e-05,0.99755859375,1.0,492
O14926,inverse,exploratory_T1.5,0.30224609375,0.189453125,0.01482391357421875,0.83837890625,1.0,492
O14926,folding,greedy_T1.0,0.654296875,0.24658203125,0.044708251953125,0.99609375,1.0,492
O14926,folding,published_T1.0_k3_p0.85,0.61572265625,0.261474609375,0.00026035308837890625,0.9921875,1.0,492
O14926,folding,conservative_T0.5,0.6640625,0.33544921875,0.0008296966552734375,1.0,1.0,492
O14926,folding,exploratory_T1.5,0.64404296875,0.188720703125,0.0692138671875,0.982421875,1.0,492
P08684,inverse,greedy_T1.0,0.414306640625,0.210205078125,0.0347900390625,0.994140625,1.0,503
P08684,inverse,published_T1.0_k3_p0.85,0.29052734375,0.208740234375,0.01239013671875,0.99267578125,1.0,503
P08684,inverse,conservative_T0.5,0.375244140625,0.2958984375,0.0020751953125,1.0,1.0,503
P08684,inverse,exploratory_T1.5,0.474609375,0.18408203125,0.08111572265625,0.94580078125,1.0,503
P08684,folding,greedy_T1.0,0.7578125,0.20458984375,0.0743408203125,0.99853515625,1.0,503
P08684,folding,published_T1.0_k3_p0.85,0.72021484375,0.223876953125,0.05157470703125,0.99853515625,1.0,503
P08684,folding,conservative_T0.5,0.775390625,0.278564453125,0.006378173828125,1.0,1.0,503
P08684,folding,exploratory_T1.5,0.732421875,0.15673828125,0.169677734375,0.98486328125,1.0,503
P0ABB0,inverse,greedy_T1.0,0.2315673828125,0.2139892578125,0.006092071533203125,0.97802734375,1.0,513
P0ABB0,inverse,published_T1.0_k3_p0.85,0.199462890625,0.2076416015625,0.0014848709106445312,0.9775390625,1.0,513
P0ABB0,inverse,conservative_T0.5,0.244384765625,0.28759765625,0.00010085105895996094,1.0,1.0,513
P0ABB0,inverse,exploratory_T1.5,0.2462158203125,0.175537109375,0.0295257568359375,0.859375,1.0,513
P0ABB0,folding,greedy_T1.0,0.697265625,0.258544921875,0.033203125,0.99755859375,1.0,513
P0ABB0,folding,published_T1.0_k3_p0.85,0.67578125,0.268798828125,0.0008087158203125,0.99755859375,1.0,513
P0ABB0,folding,conservative_T0.5,0.73779296875,0.3203125,0.0004425048828125,1.0,1.0,513
P0ABB0,folding,exploratory_T1.5,0.6572265625,0.205078125,0.09979248046875,0.978515625,1.0,513
P0AG67,inverse,greedy_T1.0,0.396240234375,0.2347412109375,0.005764007568359375,0.9931640625,1.0,557
P0AG67,inverse,published_T1.0_k3_p0.85,0.310791015625,0.232177734375,0.002025604248046875,0.9931640625,1.0,557
P0AG67,inverse,conservative_T0.5,0.38720703125,0.31494140625,3.62396240234375e-05,1.0,1.0,557
P0AG67,inverse,exploratory_T1.5,0.427490234375,0.1998291015625,0.033599853515625,0.9287109375,1.0,557
P0AG67,folding,greedy_T1.0,0.72900390625,0.233154296875,0.04779052734375,0.99853515625,1.0,557
P0AG67,folding,published_T1.0_k3_p0.85,0.69775390625,0.25146484375,0.0041656494140625,0.99853515625,1.0,557
P0AG67,folding,conservative_T0.5,0.75537109375,0.311279296875,0.001132965087890625,1.0,1.0,557
P0AG67,folding,exploratory_T1.5,0.6962890625,0.1756591796875,0.176025390625,0.978515625,1.0,557
Q13117,inverse,greedy_T1.0,0.1903076171875,0.218994140625,0.00586700439453125,0.97607421875,1.0,558
Q13117,inverse,published_T1.0_k3_p0.85,0.1246337890625,0.15966796875,0.0013170242309570312,0.97314453125,1.0,558
Q13117,inverse,conservative_T0.5,0.13818359375,0.2113037109375,3.933906555175781e-06,0.99951171875,1.0,558
Q13117,inverse,exploratory_T1.5,0.297607421875,0.2227783203125,0.058685302734375,0.91796875,1.0,558
Q13117,folding,greedy_T1.0,0.31201171875,0.249267578125,0.0171966552734375,0.9951171875,0.99853515625,558
Q13117,folding,published_T1.0_k3_p0.85,0.28564453125,0.2469482421875,0.0014810562133789062,0.9951171875,1.0,558
Q13117,folding,conservative_T0.5,0.335693359375,0.324462890625,7.396936416625977e-05,1.0,1.0,558
Q13117,folding,exploratory_T1.5,0.337158203125,0.201416015625,0.08441162109375,0.9677734375,0.9931640625,558
P02768,inverse,greedy_T1.0,0.39013671875,0.189208984375,0.01117706298828125,0.98583984375,1.0,609
P02768,inverse,published_T1.0_k3_p0.85,0.2442626953125,0.1705322265625,0.0036869049072265625,0.9853515625,1.0,609
P02768,inverse,conservative_T0.5,0.3154296875,0.24609375,0.00010275840759277344,1.0,1.0,609
P02768,inverse,exploratory_T1.5,0.47705078125,0.1732177734375,0.037872314453125,0.88671875,1.0,609
P02768,folding,greedy_T1.0,0.7353515625,0.2152099609375,0.053131103515625,0.9970703125,1.0,609
P02768,folding,published_T1.0_k3_p0.85,0.6904296875,0.2412109375,0.01297760009765625,0.99609375,1.0,609
P02768,folding,conservative_T0.5,0.7373046875,0.3046875,0.0020885467529296875,1.0,1.0,609
P02768,folding,exploratory_T1.5,0.72705078125,0.158447265625,0.147705078125,0.98046875,1.0,609
P10591,inverse,greedy_T1.0,0.245849609375,0.2135009765625,0.00396728515625,0.9873046875,1.0,642
P10591,inverse,published_T1.0_k3_p0.85,0.224365234375,0.21337890625,0.003009796142578125,0.98681640625,1.0,642
P10591,inverse,conservative_T0.5,0.293212890625,0.30615234375,0.00010347366333007812,1.0,1.0,642
P10591,inverse,exploratory_T1.5,0.2418212890625,0.1600341796875,0.027496337890625,0.8984375,1.0,642
P10591,folding,greedy_T1.0,0.6962890625,0.259521484375,0.0037059783935546875,1.0,1.0,642
P10591,folding,published_T1.0_k3_p0.85,0.6767578125,0.269287109375,0.0017709732055664062,1.0,1.0,642
P10591,folding,conservative_T0.5,0.73291015625,0.32275390625,1.1563301086425781e-05,1.0,1.0,642
P10591,folding,exploratory_T1.5,0.65283203125,0.2135009765625,0.035125732421875,0.9970703125,1.0,642
A0A1B0GR13,inverse,greedy_T1.0,0.1270751953125,0.0943603515625,0.0543212890625,0.78564453125,1.0,642
A0A1B0GR13,inverse,published_T1.0_k3_p0.85,0.069091796875,0.033294677734375,0.015625,0.38232421875,1.0,642
A0A1B0GR13,inverse,conservative_T0.5,0.07489013671875,0.053924560546875,0.002277374267578125,0.68408203125,1.0,642
A0A1B0GR13,inverse,exploratory_T1.5,0.307861328125,0.10589599609375,0.22119140625,0.85498046875,0.99951171875,642
A0A1B0GR13,folding,greedy_T1.0,0.317138671875,0.1600341796875,0.00626373291015625,0.9462890625,0.99951171875,642
A0A1B0GR13,folding,published_T1.0_k3_p0.85,0.28955078125,0.1561279296875,0.001682281494140625,0.9462890625,1.0,642
A0A1B0GR13,folding,conservative_T0.5,0.482421875,0.28515625,5.352497100830078e-05,0.99951171875,1.0,642
A0A1B0GR13,folding,exploratory_T1.5,0.289794921875,0.11517333984375,0.038543701171875,0.74609375,0.99609375,642
P23246,inverse,greedy_T1.0,0.0963134765625,0.07373046875,0.01108551025390625,0.8154296875,1.0,707
P23246,inverse,published_T1.0_k3_p0.85,0.059600830078125,0.035369873046875,0.0003173351287841797,0.33642578125,1.0,707
P23246,inverse,conservative_T0.5,0.061309814453125,0.06903076171875,1.150369644165039e-05,0.74267578125,1.0,707
P23246,inverse,exploratory_T1.5,0.254638671875,0.08148193359375,0.10821533203125,0.86572265625,1.0,707
P23246,folding,greedy_T1.0,0.63330078125,0.2313232421875,0.0518798828125,0.9990234375,0.9970703125,707
P23246,folding,published_T1.0_k3_p0.85,0.6181640625,0.23828125,0.004627227783203125,0.9990234375,0.998046875,707
P23246,folding,conservative_T0.5,0.75439453125,0.27392578125,0.0020751953125,1.0,0.99951171875,707
P23246,folding,exploratory_T1.5,0.53564453125,0.2069091796875,0.1405029296875,0.99072265625,0.99365234375,707
D4GQN5,inverse,greedy_T1.0,0.4384765625,0.1484375,0.12451171875,0.97021484375,1.0,717
D4GQN5,inverse,published_T1.0_k3_p0.85,0.257080078125,0.136474609375,0.0269775390625,0.966796875,1.0,717
D4GQN5,inverse,conservative_T0.5,0.355224609375,0.2274169921875,0.0163116455078125,1.0,1.0,717
D4GQN5,inverse,exploratory_T1.5,0.55078125,0.11016845703125,0.2578125,0.8759765625,1.0,717
D4GQN5,folding,greedy_T1.0,0.455322265625,0.23046875,0.0008668899536132812,0.98779296875,0.9990234375,717
D4GQN5,folding,published_T1.0_k3_p0.85,0.367919921875,0.2265625,1.329183578491211e-05,0.9794921875,0.99951171875,717
D4GQN5,folding,conservative_T0.5,0.450439453125,0.315185546875,4.172325134277344e-07,1.0,1.0,717
D4GQN5,folding,exploratory_T1.5,0.49755859375,0.1885986328125,0.0137176513671875,0.9609375,0.99755859375,717
P07901,inverse,greedy_T1.0,0.1416015625,0.1519775390625,0.0006818771362304688,0.966796875,1.0,733
P07901,inverse,published_T1.0_k3_p0.85,0.1124267578125,0.1258544921875,0.0003552436828613281,0.966796875,1.0,733
P07901,inverse,conservative_T0.5,0.1409912109375,0.1954345703125,5.960464477539062e-07,1.0,1.0,733
P07901,inverse,exploratory_T1.5,0.169921875,0.1468505859375,0.0101165771484375,0.8056640625,1.0,733
P07901,folding,greedy_T1.0,0.681640625,0.26953125,0.001857757568359375,0.9990234375,1.0,733
P07901,folding,published_T1.0_k3_p0.85,0.6640625,0.280517578125,0.0005006790161132812,0.9990234375,1.0,733
P07901,folding,conservative_T0.5,0.72802734375,0.335693359375,8.940696716308594e-07,1.0,1.0,733
P07901,folding,exploratory_T1.5,0.62841796875,0.217041015625,0.023712158203125,0.98974609375,1.0,733
P18278,inverse,greedy_T1.0,0.43310546875,0.225830078125,0.01041412353515625,0.98681640625,1.0,742
P18278,inverse,published_T1.0_k3_p0.85,0.27587890625,0.204833984375,0.004802703857421875,0.986328125,1.0,742
P18278,inverse,conservative_T0.5,0.375,0.28466796875,0.0002894401550292969,1.0,1.0,742
P18278,inverse,exploratory_T1.5,0.5029296875,0.205322265625,0.051513671875,0.89453125,1.0,742
P18278,folding,greedy_T1.0,0.64892578125,0.2137451171875,0.022247314453125,0.9990234375,1.0,742
P18278,folding,published_T1.0_k3_p0.85,0.57568359375,0.2435302734375,0.016876220703125,0.9931640625,1.0,742
P18278,folding,conservative_T0.5,0.63623046875,0.304931640625,0.0009870529174804688,1.0,1.0,742
P18278,folding,exploratory_T1.5,0.66015625,0.1650390625,0.093505859375,0.99462890625,1.0,742
P15056,inverse,greedy_T1.0,0.1895751953125,0.1778564453125,0.0122833251953125,0.9931640625,1.0,766
P15056,inverse,published_T1.0_k3_p0.85,0.110595703125,0.145263671875,0.00045800209045410156,0.99267578125,1.0,766
P15056,inverse,conservative_T0.5,0.1318359375,0.20166015625,2.2351741790771484e-05,1.0,1.0,766
P15056,inverse,exploratory_T1.5,0.356201171875,0.145751953125,0.041656494140625,0.92919921875,1.0,766
P15056,folding,greedy_T1.0,0.62255859375,0.238525390625,0.05328369140625,0.99951171875,1.0,766
P15056,folding,published_T1.0_k3_p0.85,0.58935546875,0.2489013671875,0.007480621337890625,0.99853515625,1.0,766
P15056,folding,conservative_T0.5,0.70458984375,0.287109375,0.002399444580078125,1.0,1.0,766
P15056,folding,exploratory_T1.5,0.57763671875,0.2144775390625,0.1346435546875,0.99609375,1.0,766
P05067,inverse,greedy_T1.0,0.2034912109375,0.173583984375,0.0014963150024414062,0.96484375,0.97216796875,770
P05067,inverse,published_T1.0_k3_p0.85,0.109130859375,0.11773681640625,0.00020623207092285156,0.96484375,0.97265625,770
P05067,inverse,conservative_T0.5,0.1453857421875,0.1878662109375,5.960464477539062e-07,1.0,0.98876953125,770
P05067,inverse,exploratory_T1.5,0.318115234375,0.1956787109375,0.015289306640625,0.90283203125,0.966796875,770
P05067,folding,greedy_T1.0,0.6171875,0.2626953125,0.00033283233642578125,1.0,0.99853515625,770
P05067,folding,published_T1.0_k3_p0.85,0.59033203125,0.270751953125,0.0,1.0,0.99853515625,770
P05067,folding,conservative_T0.5,0.70654296875,0.310302734375,5.960464477539063e-08,1.0,0.99853515625,770
P05067,folding,exploratory_T1.5,0.568359375,0.232666015625,0.00780487060546875,0.998046875,0.99853515625,770
O81472,inverse,greedy_T1.0,0.108642578125,0.08148193359375,0.00775909423828125,0.822265625,1.0,773
O81472,inverse,published_T1.0_k3_p0.85,0.06036376953125,0.043914794921875,0.0005240440368652344,0.422607421875,1.0,773
O81472,inverse,conservative_T0.5,0.06341552734375,0.07672119140625,9.655952453613281e-06,0.7490234375,1.0,773
O81472,inverse,exploratory_T1.5,0.2861328125,0.08953857421875,0.0819091796875,0.8720703125,1.0,773
O81472,folding,greedy_T1.0,0.345458984375,0.2493896484375,0.0001239776611328125,0.9833984375,0.99462890625,773
O81472,folding,published_T1.0_k3_p0.85,0.329345703125,0.2493896484375,2.980232238769531e-07,0.98291015625,1.0,773
O81472,folding,conservative_T0.5,0.50048828125,0.3662109375,0.0,1.0,1.0,773
O81472,folding,exploratory_T1.5,0.299072265625,0.1781005859375,0.00453948974609375,0.9267578125,0.978515625,773
P04150,inverse,greedy_T1.0,0.11541748046875,0.11639404296875,0.0067901611328125,0.8046875,1.0,777
P04150,inverse,published_T1.0_k3_p0.85,0.06488037109375,0.073974609375,1.621246337890625e-05,0.7255859375,1.0,777
P04150,inverse,conservative_T0.5,0.0926513671875,0.14111328125,4.410743713378906e-06,0.978515625,1.0,777
P04150,inverse,exploratory_T1.5,0.2459716796875,0.13134765625,0.0775146484375,0.86376953125,1.0,777
P04150,folding,greedy_T1.0,0.316162109375,0.2568359375,0.00020587444305419922,0.98046875,0.9951171875,777
P04150,folding,published_T1.0_k3_p0.85,0.296142578125,0.25732421875,7.748603820800781e-07,0.97802734375,1.0,777
P04150,folding,conservative_T0.5,0.431396484375,0.385498046875,0.0,1.0,1.0,777
P04150,folding,exploratory_T1.5,0.27783203125,0.1802978515625,0.005706787109375,0.9365234375,0.98291015625,777
P31554,inverse,greedy_T1.0,0.360595703125,0.2320556640625,1.6689300537109375e-06,0.98291015625,0.99853515625,784
P31554,inverse,published_T1.0_k3_p0.85,0.2254638671875,0.1834716796875,0.0,0.982421875,0.99853515625,784
P31554,inverse,conservative_T0.5,0.293701171875,0.270751953125,0.0,1.0,0.99853515625,784
P31554,inverse,exploratory_T1.5,0.435791015625,0.21923828125,0.00035858154296875,0.8876953125,0.99853515625,784
P31554,folding,greedy_T1.0,0.63525390625,0.2744140625,3.045797348022461e-05,0.99951171875,0.99853515625,784
P31554,folding,published_T1.0_k3_p0.85,0.58642578125,0.289306640625,0.0,0.9990234375,0.99853515625,784
P31554,folding,conservative_T0.5,0.64111328125,0.345458984375,0.0,1.0,0.99853515625,784
P31554,folding,exploratory_T1.5,0.6357421875,0.23046875,0.00191497802734375,0.99560546875,0.99853515625,784
P56201,inverse,greedy_T1.0,0.35498046875,0.2353515625,0.004199981689453125,0.98193359375,1.0,797
P56201,inverse,published_T1.0_k3_p0.85,0.2247314453125,0.1807861328125,0.001880645751953125,0.9814453125,1.0,797
P56201,inverse,conservative_T0.5,0.2900390625,0.26220703125,4.9054622650146484e-05,1.0,1.0,797
P56201,inverse,exploratory_T1.5,0.425048828125,0.2388916015625,0.0255126953125,0.90234375,1.0,797
P56201,folding,greedy_T1.0,0.67626953125,0.2333984375,0.01538848876953125,0.9990234375,1.0,797
P56201,folding,published_T1.0_k3_p0.85,0.619140625,0.261474609375,0.0019054412841796875,0.998046875,1.0,797
P56201,folding,conservative_T0.5,0.6875,0.30908203125,0.00046443939208984375,1.0,1.0,797
P56201,folding,exploratory_T1.5,0.67138671875,0.1806640625,0.0537109375,0.99365234375,1.0,797
P21802,inverse,greedy_T1.0,0.319580078125,0.25146484375,0.00360107421875,0.98779296875,1.0,821
P21802,inverse,published_T1.0_k3_p0.85,0.2286376953125,0.230712890625,0.0022373199462890625,0.97509765625,1.0,821
P21802,inverse,conservative_T0.5,0.30615234375,0.312744140625,2.4318695068359375e-05,1.0,1.0,821
P21802,inverse,exploratory_T1.5,0.35302734375,0.2335205078125,0.0235748291015625,0.94091796875,1.0,821
P21802,folding,greedy_T1.0,0.64306640625,0.2451171875,0.028289794921875,0.9990234375,1.0,821
P21802,folding,published_T1.0_k3_p0.85,0.60888671875,0.257568359375,1.1801719665527344e-05,0.9990234375,1.0,821
P21802,folding,conservative_T0.5,0.70849609375,0.30322265625,0.0004851818084716797,1.0,1.0,821
P21802,folding,exploratory_T1.5,0.60546875,0.2073974609375,0.09161376953125,0.98779296875,1.0,821
F4IP69,inverse,greedy_T1.0,0.277099609375,0.1776123046875,0.004131317138671875,0.98974609375,1.0,838
F4IP69,inverse,published_T1.0_k3_p0.85,0.1514892578125,0.1221923828125,0.001956939697265625,0.9736328125,1.0,838
F4IP69,inverse,conservative_T0.5,0.189453125,0.194091796875,5.1856040954589844e-05,1.0,1.0,838
F4IP69,inverse,exploratory_T1.5,0.421630859375,0.1529541015625,0.0413818359375,0.9482421875,1.0,838
F4IP69,folding,greedy_T1.0,0.64208984375,0.208740234375,0.06536865234375,0.99853515625,1.0,838
F4IP69,folding,published_T1.0_k3_p0.85,0.55615234375,0.23583984375,0.021697998046875,0.9990234375,1.0,838
F4IP69,folding,conservative_T0.5,0.64453125,0.291259765625,0.004680633544921875,1.0,1.0,838
F4IP69,folding,exploratory_T1.5,0.65185546875,0.164794921875,0.1871337890625,0.9853515625,1.0,838
P28366,inverse,greedy_T1.0,0.294189453125,0.223876953125,0.0001373291015625,0.98828125,0.998046875,841
P28366,inverse,published_T1.0_k3_p0.85,0.229736328125,0.20947265625,0.0,0.98828125,0.998046875,841
P28366,inverse,conservative_T0.5,0.287353515625,0.295654296875,0.0,1.0,0.998046875,841
P28366,inverse,exploratory_T1.5,0.329345703125,0.2066650390625,0.006313323974609375,0.90771484375,0.998046875,841
P28366,folding,greedy_T1.0,0.70947265625,0.25390625,0.0292205810546875,0.99853515625,1.0,841
P28366,folding,published_T1.0_k3_p0.85,0.6865234375,0.268310546875,0.00678253173828125,0.998046875,1.0,841
P28366,folding,conservative_T0.5,0.74853515625,0.316162109375,0.00039196014404296875,1.0,1.0,841
P28366,folding,exploratory_T1.5,0.66748046875,0.2069091796875,0.10784912109375,0.98193359375,1.0,841
B0R8E4,inverse,greedy_T1.0,0.470947265625,0.1915283203125,0.00914764404296875,0.98876953125,0.99853515625,852
B0R8E4,inverse,published_T1.0_k3_p0.85,0.29296875,0.1826171875,0.0,0.98828125,0.99853515625,852
B0R8E4,inverse,conservative_T0.5,0.368408203125,0.251953125,7.599592208862305e-05,1.0,0.99853515625,852
B0R8E4,inverse,exploratory_T1.5,0.56787109375,0.15185546875,0.05364990234375,0.9111328125,0.99853515625,852
B0R8E4,folding,greedy_T1.0,0.2086181640625,0.207275390625,0.00011229515075683594,0.9755859375,0.9990234375,852
B0R8E4,folding,published_T1.0_k3_p0.85,0.1827392578125,0.2022705078125,4.112720489501953e-06,0.9755859375,1.0,852
B0R8E4,folding,conservative_T0.5,0.247802734375,0.313720703125,0.0,1.0,1.0,852
B0R8E4,folding,exploratory_T1.5,0.251953125,0.158447265625,0.00424957275390625,0.85009765625,0.99072265625,852
A0A0K1IRS6,inverse,greedy_T1.0,0.52490234375,0.1689453125,0.0003066062927246094,0.98388671875,0.99853515625,855
A0A0K1IRS6,inverse,published_T1.0_k3_p0.85,0.32958984375,0.193115234375,0.0,0.97021484375,0.99853515625,855
A0A0K1IRS6,inverse,conservative_T0.5,0.417236328125,0.2529296875,5.960464477539063e-08,1.0,0.99853515625,855
A0A0K1IRS6,inverse,exploratory_T1.5,0.61669921875,0.1256103515625,0.0083770751953125,0.9287109375,0.99853515625,855
A0A0K1IRS6,folding,greedy_T1.0,0.6513671875,0.1998291015625,0.01163482666015625,0.9990234375,1.0,855
A0A0K1IRS6,folding,published_T1.0_k3_p0.85,0.580078125,0.2259521484375,0.0017061233520507812,0.99755859375,1.0,855
A0A0K1IRS6,folding,conservative_T0.5,0.65625,0.28369140625,0.00023949146270751953,1.0,1.0,855
A0A0K1IRS6,folding,exploratory_T1.5,0.6474609375,0.1650390625,0.054443359375,0.9833984375,1.0,855
P0A9Q7,inverse,greedy_T1.0,0.2340087890625,0.2174072265625,0.00406646728515625,0.9716796875,0.99853515625,891
P0A9Q7,inverse,published_T1.0_k3_p0.85,0.200439453125,0.20361328125,0.0,0.97119140625,0.99853515625,891
P0A9Q7,inverse,conservative_T0.5,0.2734375,0.2998046875,5.125999450683594e-06,1.0,0.99853515625,891
P0A9Q7,inverse,exploratory_T1.5,0.2435302734375,0.1832275390625,0.0234375,0.90673828125,0.99853515625,891
P0A9Q7,folding,greedy_T1.0,0.70947265625,0.255859375,0.0075836181640625,0.99951171875,1.0,891
P0A9Q7,folding,published_T1.0_k3_p0.85,0.67919921875,0.2734375,0.0028228759765625,0.99951171875,1.0,891
P0A9Q7,folding,conservative_T0.5,0.73779296875,0.32373046875,4.291534423828125e-05,1.0,1.0,891
P0A9Q7,folding,exploratory_T1.5,0.6806640625,0.2049560546875,0.049957275390625,0.994140625,1.0,891
P10408,inverse,greedy_T1.0,0.278076171875,0.2178955078125,6.020069122314453e-06,0.98291015625,0.99853515625,901
P10408,inverse,published_T1.0_k3_p0.85,0.223388671875,0.202880859375,0.0,0.982421875,0.99853515625,901
P10408,inverse,conservative_T0.5,0.28271484375,0.294677734375,0.0,1.0,0.99853515625,901
P10408,inverse,exploratory_T1.5,0.30517578125,0.19775390625,0.0007495880126953125,0.8759765625,0.99853515625,901
P10408,folding,greedy_T1.0,0.7119140625,0.263427734375,0.039947509765625,0.9990234375,1.0,901
P10408,folding,published_T1.0_k3_p0.85,0.6904296875,0.27783203125,0.009674072265625,0.9990234375,1.0,901
P10408,folding,conservative_T0.5,0.75,0.3271484375,0.0009412765502929688,1.0,1.0,901
P10408,folding,exploratory_T1.5,0.6689453125,0.20947265625,0.1328125,0.98876953125,1.0,901
P19367,inverse,greedy_T1.0,0.2032470703125,0.1905517578125,0.006500244140625,0.97607421875,1.0,917
P19367,inverse,published_T1.0_k3_p0.85,0.1759033203125,0.177490234375,0.0034809112548828125,0.97412109375,1.0,917
P19367,inverse,conservative_T0.5,0.229248046875,0.2783203125,6.574392318725586e-05,0.99951171875,1.0,917
P19367,inverse,exploratory_T1.5,0.21923828125,0.1593017578125,0.0214691162109375,0.86181640625,1.0,917
P19367,folding,greedy_T1.0,0.658203125,0.271728515625,0.0243377685546875,0.99951171875,1.0,917
P19367,folding,published_T1.0_k3_p0.85,0.63330078125,0.28369140625,0.0016622543334960938,0.99951171875,1.0,917
P19367,folding,conservative_T0.5,0.70556640625,0.335205078125,0.00025653839111328125,1.0,1.0,917
P19367,folding,exploratory_T1.5,0.6201171875,0.2208251953125,0.08599853515625,0.99267578125,1.0,917
P10275,inverse,greedy_T1.0,0.201416015625,0.1485595703125,0.0084381103515625,0.880859375,1.0,920
P10275,inverse,published_T1.0_k3_p0.85,0.08721923828125,0.07659912109375,0.0010967254638671875,0.69873046875,1.0,920
P10275,inverse,conservative_T0.5,0.10760498046875,0.13818359375,7.808208465576172e-06,0.97802734375,1.0,920
P10275,inverse,exploratory_T1.5,0.398681640625,0.133544921875,0.08642578125,0.9150390625,0.99951171875,920
P10275,folding,greedy_T1.0,0.289306640625,0.2413330078125,0.0005273818969726562,0.958984375,0.99267578125,920
P10275,folding,published_T1.0_k3_p0.85,0.26318359375,0.237060546875,2.384185791015625e-07,0.96826171875,1.0,920
P10275,folding,conservative_T0.5,0.389404296875,0.364990234375,0.0,0.99951171875,0.99951171875,920
P10275,folding,exploratory_T1.5,0.280029296875,0.1798095703125,0.01071929931640625,0.833984375,0.974609375,920
Q18H12,inverse,greedy_T1.0,0.299072265625,0.194580078125,0.0118560791015625,0.9775390625,1.0,931
Q18H12,inverse,published_T1.0_k3_p0.85,0.1475830078125,0.1383056640625,0.0013456344604492188,0.919921875,1.0,931
Q18H12,inverse,conservative_T0.5,0.1956787109375,0.2181396484375,0.00029349327087402344,0.9990234375,1.0,931
Q18H12,inverse,exploratory_T1.5,0.462890625,0.1632080078125,0.039886474609375,0.9384765625,0.99951171875,931
Q18H12,folding,greedy_T1.0,0.65087890625,0.222900390625,0.0650634765625,0.9970703125,1.0,931
Q18H12,folding,published_T1.0_k3_p0.85,0.5869140625,0.2427978515625,0.00580596923828125,0.9951171875,1.0,931
Q18H12,folding,conservative_T0.5,0.66015625,0.300537109375,0.0010471343994140625,1.0,1.0,931
Q18H12,folding,exploratory_T1.5,0.65185546875,0.1817626953125,0.1180419921875,0.98388671875,1.0,931
P43261,inverse,greedy_T1.0,0.28857421875,0.2171630859375,0.002269744873046875,0.94970703125,1.0,934
P43261,inverse,published_T1.0_k3_p0.85,0.17041015625,0.1810302734375,0.0001875162124633789,0.9775390625,1.0,934
P43261,inverse,conservative_T0.5,0.2047119140625,0.2467041015625,8.64267349243164e-06,0.99951171875,1.0,934
P43261,inverse,exploratory_T1.5,0.397705078125,0.2049560546875,0.01184844970703125,0.86474609375,1.0,934
P43261,folding,greedy_T1.0,0.5087890625,0.328857421875,5.8531761169433594e-05,0.99951171875,0.9990234375,934
P43261,folding,published_T1.0_k3_p0.85,0.476806640625,0.33349609375,0.0,0.99951171875,0.9990234375,934
P43261,folding,conservative_T0.5,0.53515625,0.394775390625,0.0,1.0,0.9990234375,934
P43261,folding,exploratory_T1.5,0.50537109375,0.281005859375,0.0023651123046875,0.9970703125,0.99853515625,934
P62944,inverse,greedy_T1.0,0.1522216796875,0.1583251953125,0.00958251953125,0.88232421875,1.0,937
P62944,inverse,published_T1.0_k3_p0.85,0.12493896484375,0.1519775390625,0.0004024505615234375,0.8642578125,1.0,937
P62944,inverse,conservative_T0.5,0.1630859375,0.2418212890625,3.802776336669922e-05,0.99755859375,1.0,937
P62944,inverse,exploratory_T1.5,0.203369140625,0.1351318359375,0.0311126708984375,0.81689453125,1.0,937
P62944,folding,greedy_T1.0,0.5869140625,0.346435546875,0.0006690025329589844,1.0,0.9990234375,937
P62944,folding,published_T1.0_k3_p0.85,0.56494140625,0.35400390625,4.172325134277344e-07,1.0,1.0,937
P62944,folding,conservative_T0.5,0.61767578125,0.404052734375,1.7881393432617188e-07,1.0,1.0,937
P62944,folding,exploratory_T1.5,0.568359375,0.28662109375,0.0107574462890625,0.99755859375,0.99609375,937
P19809,inverse,greedy_T1.0,0.336669921875,0.217529296875,0.0021820068359375,0.98046875,1.0,939
P19809,inverse,published_T1.0_k3_p0.85,0.2025146484375,0.174560546875,0.00016558170318603516,0.9775390625,1.0,939
P19809,inverse,conservative_T0.5,0.25634765625,0.2486572265625,4.649162292480469e-06,1.0,1.0,939
P19809,inverse,exploratory_T1.5,0.424072265625,0.210693359375,0.0262298583984375,0.88818359375,1.0,939
P19809,folding,greedy_T1.0,0.51318359375,0.33056640625,5.936622619628906e-05,0.99951171875,0.9990234375,939
P19809,folding,published_T1.0_k3_p0.85,0.484130859375,0.334716796875,0.0,0.99951171875,0.9990234375,939
P19809,folding,conservative_T0.5,0.5400390625,0.394775390625,0.0,1.0,0.9990234375,939
P19809,folding,exploratory_T1.5,0.5087890625,0.281982421875,0.002349853515625,0.998046875,0.99853515625,939
O76039,inverse,greedy_T1.0,0.164306640625,0.1693115234375,0.0008273124694824219,0.990234375,1.0,960
O76039,inverse,published_T1.0_k3_p0.85,0.117919921875,0.1470947265625,0.00018978118896484375,0.98974609375,1.0,960
O76039,inverse,conservative_T0.5,0.141357421875,0.2000732421875,2.384185791015625e-07,1.0,1.0,960
O76039,inverse,exploratory_T1.5,0.281494140625,0.13623046875,0.0133514404296875,0.91796875,1.0,960
O76039,folding,greedy_T1.0,0.51220703125,0.231689453125,0.006229400634765625,0.99609375,1.0,960
O76039,folding,published_T1.0_k3_p0.85,0.494384765625,0.227783203125,0.0037899017333984375,0.994140625,1.0,960
O76039,folding,conservative_T0.5,0.69091796875,0.263916015625,3.832578659057617e-05,1.0,1.0,960
O76039,folding,exploratory_T1.5,0.42578125,0.23095703125,0.035552978515625,0.9794921875,0.99951171875,960
P49744,inverse,greedy_T1.0,0.106689453125,0.10272216796875,0.007053375244140625,0.79345703125,1.0,980
P49744,inverse,published_T1.0_k3_p0.85,0.06829833984375,0.070068359375,0.0001875162124633789,0.418701171875,1.0,980
P49744,inverse,conservative_T0.5,0.08160400390625,0.1314697265625,5.900859832763672e-06,0.7890625,1.0,980
P49744,inverse,exploratory_T1.5,0.229248046875,0.10064697265625,0.07421875,0.8505859375,1.0,980
P49744,folding,greedy_T1.0,0.40576171875,0.335693359375,3.5762786865234375e-07,0.99658203125,0.9990234375,980
P49744,folding,published_T1.0_k3_p0.85,0.375,0.33349609375,0.0,0.99609375,0.9990234375,980
P49744,folding,conservative_T0.5,0.4208984375,0.40478515625,0.0,1.0,0.9990234375,980
P49744,folding,exploratory_T1.5,0.406494140625,0.28369140625,9.322166442871094e-05,0.9833984375,0.9990234375,980
P0C152,inverse,greedy_T1.0,0.334228515625,0.2032470703125,0.030029296875,0.92333984375,1.0,992
P0C152,inverse,published_T1.0_k3_p0.85,0.1783447265625,0.154052734375,0.00963592529296875,0.92333984375,1.0,992
P0C152,inverse,conservative_T0.5,0.245849609375,0.2425537109375,0.0007476806640625,0.99951171875,1.0,992
P0C152,inverse,exploratory_T1.5,0.473388671875,0.163330078125,0.04827880859375,0.87060546875,1.0,992
P0C152,folding,greedy_T1.0,0.525390625,0.285888671875,6.854534149169922e-06,0.9990234375,0.99853515625,992
P0C152,folding,published_T1.0_k3_p0.85,0.45458984375,0.297119140625,0.0,0.99853515625,0.99853515625,992
P0C152,folding,conservative_T0.5,0.51123046875,0.36279296875,0.0,1.0,0.99853515625,992
P0C152,folding,exploratory_T1.5,0.5537109375,0.2322998046875,0.0007066726684570312,0.9853515625,0.99853515625,992
Q8WZ75,inverse,greedy_T1.0,0.3017578125,0.242431640625,0.025390625,0.98828125,1.0,1007
Q8WZ75,inverse,published_T1.0_k3_p0.85,0.2017822265625,0.2139892578125,0.004329681396484375,0.98583984375,1.0,1007
Q8WZ75,inverse,conservative_T0.5,0.258056640625,0.272216796875,0.0002105236053466797,1.0,1.0,1007
Q8WZ75,inverse,exploratory_T1.5,0.409423828125,0.190673828125,0.08282470703125,0.91552734375,1.0,1007
Q8WZ75,folding,greedy_T1.0,0.398193359375,0.258544921875,3.045797348022461e-05,0.99951171875,0.99755859375,1007
Q8WZ75,folding,published_T1.0_k3_p0.85,0.372314453125,0.2568359375,5.960464477539063e-08,0.99951171875,1.0,1007
Q8WZ75,folding,conservative_T0.5,0.51904296875,0.340087890625,0.0,1.0,1.0,1007
Q8WZ75,folding,exploratory_T1.5,0.380615234375,0.2239990234375,0.001590728759765625,0.99267578125,0.9912109375,1007
O43897,inverse,greedy_T1.0,0.267333984375,0.2457275390625,0.0004658699035644531,0.982421875,0.99853515625,1013
O43897,inverse,published_T1.0_k3_p0.85,0.197509765625,0.226806640625,0.0,0.982421875,0.99853515625,1013
O43897,inverse,conservative_T0.5,0.259521484375,0.309814453125,1.1920928955078125e-07,1.0,0.99853515625,1013
O43897,inverse,exploratory_T1.5,0.310546875,0.22216796875,0.00998687744140625,0.8642578125,0.99853515625,1013
O43897,folding,greedy_T1.0,0.214599609375,0.276123046875,0.0002677440643310547,0.9853515625,0.98681640625,1013
O43897,folding,published_T1.0_k3_p0.85,0.193603515625,0.275146484375,1.7881393432617188e-07,0.99072265625,1.0,1013
O43897,folding,conservative_T0.5,0.238037109375,0.364013671875,0.0,1.0,0.99951171875,1013
O43897,folding,exploratory_T1.5,0.2467041015625,0.2156982421875,0.00614166259765625,0.9375,0.9541015625,1013
B1GT61,inverse,greedy_T1.0,0.31005859375,0.14599609375,0.0007481575012207031,0.89306640625,0.99853515625,1016
B1GT61,inverse,published_T1.0_k3_p0.85,0.1329345703125,0.1180419921875,0.0,0.86572265625,0.99853515625,1016
B1GT61,inverse,conservative_T0.5,0.151123046875,0.1602783203125,2.384185791015625e-07,0.98828125,0.99853515625,1016
B1GT61,inverse,exploratory_T1.5,0.491943359375,0.121337890625,0.01529693603515625,0.84521484375,0.99853515625,1016
B1GT61,folding,greedy_T1.0,0.2210693359375,0.156982421875,0.0007443428039550781,0.96826171875,1.0,1016
B1GT61,folding,published_T1.0_k3_p0.85,0.19970703125,0.1552734375,2.9921531677246094e-05,0.96826171875,1.0,1016
B1GT61,folding,conservative_T0.5,0.340576171875,0.287109375,1.7881393432617188e-07,1.0,1.0,1016
B1GT61,folding,exploratory_T1.5,0.2548828125,0.1019287109375,0.01378631591796875,0.82373046875,0.99755859375,1016
Q8K3Z0,inverse,greedy_T1.0,0.28271484375,0.240478515625,0.0038623809814453125,0.9619140625,1.0,1020
Q8K3Z0,inverse,published_T1.0_k3_p0.85,0.1817626953125,0.1837158203125,3.927946090698242e-05,0.9599609375,1.0,1020
Q8K3Z0,inverse,conservative_T0.5,0.2398681640625,0.275634765625,2.682209014892578e-06,0.99951171875,1.0,1020
Q8K3Z0,inverse,exploratory_T1.5,0.3701171875,0.2216796875,0.050140380859375,0.90185546875,1.0,1020
Q8K3Z0,folding,greedy_T1.0,0.29248046875,0.291748046875,7.027387619018555e-05,0.9931640625,1.0,1020
Q8K3Z0,folding,published_T1.0_k3_p0.85,0.255859375,0.294921875,5.960464477539063e-08,0.9970703125,1.0,1020
Q8K3Z0,folding,conservative_T0.5,0.2685546875,0.359619140625,0.0,1.0,1.0,1020
Q8K3Z0,folding,exploratory_T1.5,0.341552734375,0.24267578125,0.0020084381103515625,0.97607421875,1.0,1020
O29316,inverse,greedy_T1.0,0.497802734375,0.18505859375,0.026031494140625,0.9853515625,0.9990234375,1036
O29316,inverse,published_T1.0_k3_p0.85,0.292724609375,0.1876220703125,0.0,0.9833984375,0.99853515625,1036
O29316,inverse,conservative_T0.5,0.36865234375,0.2454833984375,0.0002319812774658203,1.0,0.99853515625,1036
O29316,inverse,exploratory_T1.5,0.595703125,0.1473388671875,0.1201171875,0.89990234375,0.9990234375,1036
O29316,folding,greedy_T1.0,0.2208251953125,0.23388671875,0.0002722740173339844,0.9736328125,0.998046875,1036
O29316,folding,published_T1.0_k3_p0.85,0.197998046875,0.2310791015625,2.3245811462402344e-06,0.982421875,1.0,1036
O29316,folding,conservative_T0.5,0.2685546875,0.3349609375,0.0,0.99951171875,1.0,1036
O29316,folding,exploratory_T1.5,0.25927734375,0.177978515625,0.006580352783203125,0.89013671875,0.98388671875,1036
A0R152,inverse,greedy_T1.0,0.1265869140625,0.1573486328125,0.006134033203125,0.9013671875,1.0,1037
A0R152,inverse,published_T1.0_k3_p0.85,0.075927734375,0.09814453125,0.00014209747314453125,0.8369140625,1.0,1037
A0R152,inverse,conservative_T0.5,0.07904052734375,0.1392822265625,4.291534423828125e-06,0.99755859375,1.0,1037
A0R152,inverse,exploratory_T1.5,0.2578125,0.1617431640625,0.0643310546875,0.8974609375,0.99853515625,1037
A0R152,folding,greedy_T1.0,0.344482421875,0.284912109375,3.1948089599609375e-05,0.9990234375,0.998046875,1037
A0R152,folding,published_T1.0_k3_p0.85,0.33203125,0.283203125,1.1920928955078125e-07,0.99853515625,1.0,1037
A0R152,folding,conservative_T0.5,0.444091796875,0.382568359375,0.0,1.0,1.0,1037
A0R152,folding,exploratory_T1.5,0.30615234375,0.2169189453125,0.0017728805541992188,0.98779296875,0.98828125,1037
P06756,inverse,greedy_T1.0,0.341064453125,0.2332763671875,0.00421905517578125,0.98486328125,0.99951171875,1048
P06756,inverse,published_T1.0_k3_p0.85,0.2333984375,0.2266845703125,0.0017414093017578125,0.98486328125,0.9990234375,1048
P06756,inverse,conservative_T0.5,0.28759765625,0.29541015625,8.90493392944336e-05,1.0,0.9990234375,1048
P06756,inverse,exploratory_T1.5,0.401611328125,0.207275390625,0.025665283203125,0.88232421875,0.99951171875,1048
P06756,folding,greedy_T1.0,0.46875,0.326904296875,3.039836883544922e-06,0.99853515625,0.99853515625,1048
P06756,folding,published_T1.0_k3_p0.85,0.433837890625,0.32568359375,0.0,0.99853515625,0.99853515625,1048
P06756,folding,conservative_T0.5,0.476318359375,0.38916015625,0.0,1.0,0.99853515625,1048
P06756,folding,exploratory_T1.5,0.472900390625,0.288818359375,0.0004105567932128906,0.98876953125,0.99853515625,1048
Q60307,inverse,greedy_T1.0,0.257080078125,0.126220703125,0.0304107666015625,0.85986328125,1.0,1064
Q60307,inverse,published_T1.0_k3_p0.85,0.1263427734375,0.10858154296875,0.0011911392211914062,0.978515625,1.0,1064
Q60307,inverse,conservative_T0.5,0.14794921875,0.17333984375,0.00014472007751464844,0.984375,1.0,1064
Q60307,inverse,exploratory_T1.5,0.408935546875,0.106689453125,0.1749267578125,0.89697265625,1.0,1064
Q60307,folding,greedy_T1.0,0.299072265625,0.2578125,1.0311603546142578e-05,0.98876953125,0.99853515625,1064
Q60307,folding,published_T1.0_k3_p0.85,0.253173828125,0.25390625,0.0,0.97509765625,0.99853515625,1064
Q60307,folding,conservative_T0.5,0.298095703125,0.344970703125,0.0,1.0,0.99853515625,1064
Q60307,folding,exploratory_T1.5,0.334228515625,0.2100830078125,0.0008873939514160156,0.92431640625,0.99853515625,1064
P42336,inverse,greedy_T1.0,0.2198486328125,0.1800537109375,5.7756900787353516e-05,0.9775390625,0.99853515625,1068
P42336,inverse,published_T1.0_k3_p0.85,0.1549072265625,0.151611328125,0.0,0.97705078125,0.99853515625,1068
P42336,inverse,conservative_T0.5,0.205810546875,0.237548828125,0.0,1.0,0.99853515625,1068
P42336,inverse,exploratory_T1.5,0.27392578125,0.1868896484375,0.0037746429443359375,0.84033203125,0.99853515625,1068
P42336,folding,greedy_T1.0,0.6806640625,0.23779296875,0.0002608299255371094,0.9990234375,0.99853515625,1068
P42336,folding,published_T1.0_k3_p0.85,0.63330078125,0.260498046875,0.0,0.9990234375,0.99853515625,1068
P42336,folding,conservative_T0.5,0.693359375,0.3203125,5.960464477539063e-08,1.0,0.99853515625,1068
P42336,folding,exploratory_T1.5,0.67529296875,0.183837890625,0.00652313232421875,0.9912109375,0.99853515625,1068
P00968,inverse,greedy_T1.0,0.2763671875,0.2313232421875,9.059906005859375e-06,0.99462890625,0.99853515625,1073
P00968,inverse,published_T1.0_k3_p0.85,0.2174072265625,0.2183837890625,0.0,0.99462890625,0.99853515625,1073
P00968,inverse,conservative_T0.5,0.267822265625,0.3056640625,0.0,1.0,0.99853515625,1073
P00968,inverse,exploratory_T1.5,0.31298828125,0.20751953125,0.0010042190551757812,0.935546875,0.99853515625,1073
P00968,folding,greedy_T1.0,0.60888671875,0.315185546875,3.999471664428711e-05,0.9990234375,0.99853515625,1073
P00968,folding,published_T1.0_k3_p0.85,0.5869140625,0.32421875,0.0,0.9990234375,0.99853515625,1073
P00968,folding,conservative_T0.5,0.634765625,0.375732421875,0.0,1.0,0.99853515625,1073
P00968,folding,exploratory_T1.5,0.58642578125,0.26220703125,0.0018224716186523438,0.98681640625,0.99853515625,1073
P16566,inverse,greedy_T1.0,0.29638671875,0.2249755859375,0.00013017654418945312,0.9267578125,0.99853515625,1080
P16566,inverse,published_T1.0_k3_p0.85,0.171630859375,0.1500244140625,0.0,0.9267578125,0.99853515625,1080
P16566,inverse,conservative_T0.5,0.231201171875,0.2359619140625,0.0,0.99951171875,0.99853515625,1080
P16566,inverse,exploratory_T1.5,0.37890625,0.2313232421875,0.00527191162109375,0.88232421875,0.99853515625,1080
P16566,folding,greedy_T1.0,0.363525390625,0.313720703125,0.0020809173583984375,0.9990234375,0.9990234375,1080
P16566,folding,published_T1.0_k3_p0.85,0.314453125,0.309326171875,8.940696716308594e-07,0.9990234375,1.0,1080
P16566,folding,conservative_T0.5,0.388916015625,0.3759765625,1.1920928955078125e-06,1.0,1.0,1080
P16566,folding,exploratory_T1.5,0.411376953125,0.256103515625,0.0264892578125,0.9892578125,0.9931640625,1080
Q62959,inverse,greedy_T1.0,0.359375,0.1961669921875,0.00203704833984375,0.97021484375,0.99853515625,1162
Q62959,inverse,published_T1.0_k3_p0.85,0.193359375,0.1630859375,0.0,0.9697265625,0.99853515625,1162
Q62959,inverse,conservative_T0.5,0.255859375,0.2415771484375,8.64267349243164e-06,1.0,0.99853515625,1162
Q62959,inverse,exploratory_T1.5,0.480224609375,0.166259765625,0.020294189453125,0.83935546875,0.99853515625,1162
Q62959,folding,greedy_T1.0,0.2396240234375,0.2445068359375,7.396936416625977e-05,0.982421875,1.0,1162
Q62959,folding,published_T1.0_k3_p0.85,0.2176513671875,0.242919921875,1.1920928955078125e-07,0.9931640625,1.0,1162
Q62959,folding,conservative_T0.5,0.30908203125,0.347900390625,0.0,1.0,1.0,1162
Q62959,folding,exploratory_T1.5,0.273193359375,0.1864013671875,0.00322723388671875,0.92822265625,0.99609375,1162
D9I2H0,inverse,greedy_T1.0,0.318115234375,0.1976318359375,0.0003597736358642578,0.9599609375,0.99853515625,1218
D9I2H0,inverse,published_T1.0_k3_p0.85,0.1920166015625,0.159912109375,0.0,0.958984375,0.99853515625,1218
D9I2H0,inverse,conservative_T0.5,0.250732421875,0.2362060546875,0.0,0.99951171875,0.99853515625,1218
D9I2H0,inverse,exploratory_T1.5,0.41943359375,0.1871337890625,0.01273345947265625,0.88134765625,0.99853515625,1218
D9I2H0,folding,greedy_T1.0,0.42431640625,0.3173828125,0.00046324729919433594,0.99951171875,0.99951171875,1218
D9I2H0,folding,published_T1.0_k3_p0.85,0.370361328125,0.31201171875,3.5762786865234375e-07,0.9990234375,1.0,1218
D9I2H0,folding,conservative_T0.5,0.43359375,0.382080078125,5.960464477539063e-08,1.0,1.0,1218
D9I2H0,folding,exploratory_T1.5,0.462158203125,0.264404296875,0.00954437255859375,0.9921875,0.99609375,1218
Q2I6J0,inverse,greedy_T1.0,0.31982421875,0.1748046875,0.00927734375,0.908203125,1.0,1226
Q2I6J0,inverse,published_T1.0_k3_p0.85,0.160400390625,0.128662109375,0.0004949569702148438,0.90673828125,1.0,1226
Q2I6J0,inverse,conservative_T0.5,0.2130126953125,0.203857421875,1.9550323486328125e-05,0.9990234375,1.0,1226
Q2I6J0,inverse,exploratory_T1.5,0.433349609375,0.18701171875,0.0318603515625,0.85693359375,1.0,1226
Q2I6J0,folding,greedy_T1.0,0.25048828125,0.2587890625,0.00013816356658935547,0.98974609375,0.99853515625,1226
Q2I6J0,folding,published_T1.0_k3_p0.85,0.2276611328125,0.254150390625,9.5367431640625e-07,0.9814453125,1.0,1226
Q2I6J0,folding,conservative_T0.5,0.31494140625,0.35498046875,0.0,1.0,1.0,1226
Q2I6J0,folding,exploratory_T1.5,0.276123046875,0.20556640625,0.00539398193359375,0.94775390625,0.98974609375,1226
Q96QP1,inverse,greedy_T1.0,0.25341796875,0.190185546875,0.0307464599609375,0.978515625,1.0,1244
Q96QP1,inverse,published_T1.0_k3_p0.85,0.134765625,0.1390380859375,0.0029811859130859375,0.97021484375,1.0,1244
Q96QP1,inverse,conservative_T0.5,0.1678466796875,0.2113037109375,0.00013518333435058594,1.0,1.0,1244
Q96QP1,inverse,exploratory_T1.5,0.427978515625,0.149169921875,0.1602783203125,0.8984375,1.0,1244
Q96QP1,folding,greedy_T1.0,0.4189453125,0.285400390625,0.00017642974853515625,0.99462890625,1.0,1244
Q96QP1,folding,published_T1.0_k3_p0.85,0.389892578125,0.27587890625,7.152557373046875e-07,0.99462890625,1.0,1244
Q96QP1,folding,conservative_T0.5,0.53759765625,0.3388671875,0.0,1.0,1.0,1244
Q96QP1,folding,exploratory_T1.5,0.395263671875,0.254638671875,0.006450653076171875,0.9580078125,0.99951171875,1244
A3DH19,inverse,greedy_T1.0,0.39013671875,0.2149658203125,0.0010919570922851562,0.97705078125,1.0,1251
A3DH19,inverse,published_T1.0_k3_p0.85,0.208251953125,0.165771484375,0.0003266334533691406,0.9765625,1.0,1251
A3DH19,inverse,conservative_T0.5,0.27392578125,0.2486572265625,6.556510925292969e-07,1.0,1.0,1251
A3DH19,inverse,exploratory_T1.5,0.5078125,0.1971435546875,0.0135650634765625,0.904296875,1.0,1251
A3DH19,folding,greedy_T1.0,0.62255859375,0.3359375,1.0132789611816406e-06,0.9990234375,0.99853515625,1251
A3DH19,folding,published_T1.0_k3_p0.85,0.58544921875,0.342041015625,0.0,0.9990234375,0.99853515625,1251
A3DH19,folding,conservative_T0.5,0.6328125,0.386962890625,0.0,1.0,0.99853515625,1251
A3DH19,folding,exploratory_T1.5,0.61767578125,0.293701171875,0.00021004676818847656,0.98486328125,0.99853515625,1251
P04626,inverse,greedy_T1.0,0.244140625,0.204345703125,0.0049285888671875,0.9921875,1.0,1255
P04626,inverse,published_T1.0_k3_p0.85,0.15283203125,0.1973876953125,0.00012028217315673828,0.9921875,1.0,1255
P04626,inverse,conservative_T0.5,0.1934814453125,0.2646484375,1.3887882232666016e-05,1.0,1.0,1255
P04626,inverse,exploratory_T1.5,0.36083984375,0.16552734375,0.0198211669921875,0.92138671875,1.0,1255
P04626,folding,greedy_T1.0,0.4951171875,0.302734375,5.3763389587402344e-05,0.9970703125,0.9990234375,1255
P04626,folding,published_T1.0_k3_p0.85,0.460693359375,0.30810546875,5.662441253662109e-06,0.99658203125,0.9990234375,1255
P04626,folding,conservative_T0.5,0.50439453125,0.384033203125,0.0,1.0,0.99853515625,1255
P04626,folding,exploratory_T1.5,0.5009765625,0.2403564453125,0.0018558502197265625,0.9755859375,0.9990234375,1255
P0DTC2,inverse,greedy_T1.0,0.1455078125,0.0721435546875,0.03155517578125,0.8359375,1.0,1273
P0DTC2,inverse,published_T1.0_k3_p0.85,0.06292724609375,0.0390625,0.0013561248779296875,0.36376953125,1.0,1273
P0DTC2,inverse,conservative_T0.5,0.06341552734375,0.07708740234375,0.00014352798461914062,0.7568359375,1.0,1273
P0DTC2,inverse,exploratory_T1.5,0.343994140625,0.07135009765625,0.1837158203125,0.88232421875,1.0,1273
P0DTC2,folding,greedy_T1.0,0.183837890625,0.1298828125,0.00348663330078125,0.896484375,1.0,1273
P0DTC2,folding,published_T1.0_k3_p0.85,0.1607666015625,0.125244140625,0.0004611015319824219,0.896484375,1.0,1273
P0DTC2,folding,conservative_T0.5,0.271240234375,0.255126953125,3.3974647521972656e-06,0.99755859375,1.0,1273
P0DTC2,folding,exploratory_T1.5,0.232421875,0.09283447265625,0.035125732421875,0.75537109375,0.9990234375,1273
Q55434,inverse,greedy_T1.0,0.436767578125,0.21484375,1.71661376953125e-05,0.9814453125,0.99853515625,1276
Q55434,inverse,published_T1.0_k3_p0.85,0.2841796875,0.200439453125,0.0,0.9814453125,0.99853515625,1276
Q55434,inverse,conservative_T0.5,0.369384765625,0.285400390625,0.0,1.0,0.99853515625,1276
Q55434,inverse,exploratory_T1.5,0.51806640625,0.1934814453125,0.0014495849609375,0.8974609375,0.99853515625,1276
Q55434,folding,greedy_T1.0,0.5966796875,0.294189453125,1.531839370727539e-05,0.99951171875,0.99853515625,1276
Q55434,folding,published_T1.0_k3_p0.85,0.5537109375,0.30322265625,0.0,0.99951171875,0.99853515625,1276
Q55434,folding,conservative_T0.5,0.62841796875,0.357666015625,0.0,1.0,0.99853515625,1276
Q55434,folding,exploratory_T1.5,0.58544921875,0.2464599609375,0.0007443428039550781,0.99365234375,0.99853515625,1276
P12821,inverse,greedy_T1.0,0.260986328125,0.2060546875,0.0014810562133789062,0.9677734375,0.99853515625,1306
P12821,inverse,published_T1.0_k3_p0.85,0.1728515625,0.1590576171875,0.0,0.96728515625,0.99853515625,1306
P12821,inverse,conservative_T0.5,0.2239990234375,0.2476806640625,1.3709068298339844e-06,1.0,0.99853515625,1306
P12821,inverse,exploratory_T1.5,0.32861328125,0.2125244140625,0.0193328857421875,0.84521484375,0.99853515625,1306
P12821,folding,greedy_T1.0,0.387939453125,0.365234375,0.00032901763916015625,0.9990234375,0.99951171875,1306
P12821,folding,published_T1.0_k3_p0.85,0.362060546875,0.365478515625,1.1920928955078125e-07,0.99853515625,1.0,1306
P12821,folding,conservative_T0.5,0.402587890625,0.42041015625,0.0,1.0,1.0,1306
P12821,folding,exploratory_T1.5,0.409912109375,0.3037109375,0.00850677490234375,0.98828125,0.9951171875,1306
Q9CAF4,inverse,greedy_T1.0,0.127685546875,0.11541748046875,0.035400390625,0.76220703125,1.0,1309
Q9CAF4,inverse,published_T1.0_k3_p0.85,0.07147216796875,0.0491943359375,0.005462646484375,0.43359375,1.0,1309
Q9CAF4,inverse,conservative_T0.5,0.0836181640625,0.088623046875,0.00022482872009277344,0.7587890625,1.0,1309
Q9CAF4,inverse,exploratory_T1.5,0.271240234375,0.13037109375,0.1312255859375,0.83984375,1.0,1309
Q9CAF4,folding,greedy_T1.0,0.3896484375,0.1385498046875,0.0036029815673828125,0.91259765625,0.99853515625,1309
Q9CAF4,folding,published_T1.0_k3_p0.85,0.3779296875,0.1385498046875,0.00037169456481933594,0.91259765625,1.0,1309
Q9CAF4,folding,conservative_T0.5,0.64453125,0.2401123046875,3.635883331298828e-06,0.9990234375,1.0,1309
Q9CAF4,folding,exploratory_T1.5,0.295654296875,0.086181640625,0.03302001953125,0.67822265625,0.9912109375,1309
F3Y5P4,inverse,greedy_T1.0,0.1669921875,0.1302490234375,0.023651123046875,0.94384765625,1.0,1319
F3Y5P4,inverse,published_T1.0_k3_p0.85,0.12548828125,0.08856201171875,0.006069183349609375,0.94287109375,1.0,1319
F3Y5P4,inverse,conservative_T0.5,0.1895751953125,0.162353515625,0.0009603500366210938,0.99951171875,1.0,1319
F3Y5P4,inverse,exploratory_T1.5,0.259765625,0.130859375,0.068115234375,0.82568359375,1.0,1319
F3Y5P4,folding,greedy_T1.0,0.2142333984375,0.267333984375,0.005992889404296875,0.990234375,0.99951171875,1319
F3Y5P4,folding,published_T1.0_k3_p0.85,0.1871337890625,0.261962890625,0.0002684593200683594,0.98388671875,1.0,1319
F3Y5P4,folding,conservative_T0.5,0.2276611328125,0.344482421875,1.0967254638671875e-05,1.0,1.0,1319
F3Y5P4,folding,exploratory_T1.5,0.26171875,0.211181640625,0.046356201171875,0.94287109375,0.9970703125,1319
F4IDB2,inverse,greedy_T1.0,0.183349609375,0.131103515625,0.0198211669921875,0.82275390625,1.0,1325
F4IDB2,inverse,published_T1.0_k3_p0.85,0.0919189453125,0.07537841796875,0.0008878707885742188,0.6767578125,1.0,1325
F4IDB2,inverse,conservative_T0.5,0.11859130859375,0.1280517578125,0.00019252300262451172,0.93359375,1.0,1325
F4IDB2,inverse,exploratory_T1.5,0.324462890625,0.126708984375,0.10369873046875,0.88134765625,1.0,1325
F4IDB2,folding,greedy_T1.0,0.312744140625,0.1790771484375,0.0023441314697265625,0.978515625,0.99951171875,1325
F4IDB2,folding,published_T1.0_k3_p0.85,0.294189453125,0.1717529296875,0.0012865066528320312,0.96484375,1.0,1325
F4IDB2,folding,conservative_T0.5,0.475341796875,0.29052734375,2.5033950805664062e-06,0.99951171875,1.0,1325
F4IDB2,folding,exploratory_T1.5,0.273193359375,0.1444091796875,0.02655029296875,0.892578125,0.9951171875,1325
Q2G0L4,inverse,greedy_T1.0,0.10089111328125,0.11065673828125,0.00502777099609375,0.8525390625,1.0,1349
Q2G0L4,inverse,published_T1.0_k3_p0.85,0.074951171875,0.086669921875,6.490945816040039e-05,0.8369140625,1.0,1349
Q2G0L4,inverse,conservative_T0.5,0.093505859375,0.1597900390625,5.185604095458984e-06,0.9873046875,1.0,1349
Q2G0L4,inverse,exploratory_T1.5,0.1971435546875,0.09796142578125,0.05535888671875,0.82373046875,1.0,1349
Q2G0L4,folding,greedy_T1.0,0.440185546875,0.281494140625,6.252527236938477e-05,1.0,1.0,1349
Q2G0L4,folding,published_T1.0_k3_p0.85,0.40380859375,0.279052734375,1.7881393432617188e-07,1.0,1.0,1349
Q2G0L4,folding,conservative_T0.5,0.52978515625,0.359375,0.0,1.0,1.0,1349
Q2G0L4,folding,exploratory_T1.5,0.4267578125,0.244873046875,0.002475738525390625,0.99658203125,0.998046875,1349
A4YHQ8,inverse,greedy_T1.0,0.283203125,0.2359619140625,0.0164947509765625,0.984375,1.0,1360
A4YHQ8,inverse,published_T1.0_k3_p0.85,0.1593017578125,0.1717529296875,0.00020813941955566406,0.97509765625,1.0,1360
A4YHQ8,inverse,conservative_T0.5,0.199951171875,0.2421875,4.89354133605957e-05,1.0,1.0,1360
A4YHQ8,inverse,exploratory_T1.5,0.419189453125,0.1978759765625,0.084228515625,0.9208984375,1.0,1360
A4YHQ8,folding,greedy_T1.0,0.205078125,0.1689453125,0.0003490447998046875,0.958984375,1.0,1360
A4YHQ8,folding,published_T1.0_k3_p0.85,0.1824951171875,0.1646728515625,5.137920379638672e-05,0.958984375,1.0,1360
A4YHQ8,folding,conservative_T0.5,0.293701171875,0.2958984375,0.0,0.99951171875,1.0,1360
A4YHQ8,folding,exploratory_T1.5,0.24462890625,0.1231689453125,0.00965118408203125,0.859375,0.99755859375,1360
O60885,inverse,greedy_T1.0,0.11663818359375,0.1468505859375,0.0031070709228515625,0.99169921875,1.0,1362
O60885,inverse,published_T1.0_k3_p0.85,0.08465576171875,0.10699462890625,6.67572021484375e-06,0.98583984375,1.0,1362
O60885,inverse,conservative_T0.5,0.11724853515625,0.155517578125,2.7418136596679688e-06,1.0,1.0,1362
O60885,inverse,exploratory_T1.5,0.1839599609375,0.1636962890625,0.0341796875,0.94482421875,1.0,1362
O60885,folding,greedy_T1.0,0.427734375,0.27197265625,0.00017070770263671875,0.998046875,0.99951171875,1362
O60885,folding,published_T1.0_k3_p0.85,0.418212890625,0.27197265625,1.1920928955078125e-07,0.99755859375,1.0,1362
O60885,folding,conservative_T0.5,0.5869140625,0.365966796875,0.0,1.0,1.0,1362
O60885,folding,exploratory_T1.5,0.341796875,0.220703125,0.00516510009765625,0.9794921875,0.998046875,1362
B2SU53,inverse,greedy_T1.0,0.1405029296875,0.1795654296875,0.0014715194702148438,0.98583984375,1.0,1373
B2SU53,inverse,published_T1.0_k3_p0.85,0.1163330078125,0.1651611328125,0.00013816356658935547,0.98583984375,1.0,1373
B2SU53,inverse,conservative_T0.5,0.1436767578125,0.2489013671875,2.2649765014648438e-06,1.0,1.0,1373
B2SU53,inverse,exploratory_T1.5,0.188232421875,0.1580810546875,0.0181732177734375,0.935546875,1.0,1373
B2SU53,folding,greedy_T1.0,0.52734375,0.2890625,5.78761100769043e-05,0.98681640625,0.99853515625,1373
B2SU53,folding,published_T1.0_k3_p0.85,0.501953125,0.294677734375,0.0,0.98583984375,0.99853515625,1373
B2SU53,folding,conservative_T0.5,0.5927734375,0.3681640625,0.0,1.0,0.99853515625,1373
B2SU53,folding,exploratory_T1.5,0.490966796875,0.23388671875,0.00232696533203125,0.94873046875,0.99853515625,1373
A9KTE6,inverse,greedy_T1.0,0.287841796875,0.2242431640625,0.0049285888671875,0.97705078125,1.0,1377
A9KTE6,inverse,published_T1.0_k3_p0.85,0.1683349609375,0.1654052734375,0.00013875961303710938,0.97705078125,1.0,1377
A9KTE6,inverse,conservative_T0.5,0.2296142578125,0.24462890625,7.790327072143555e-05,1.0,1.0,1377
A9KTE6,inverse,exploratory_T1.5,0.4296875,0.187255859375,0.036102294921875,0.92041015625,1.0,1377
A9KTE6,folding,greedy_T1.0,0.6494140625,0.295166015625,2.9742717742919922e-05,0.998046875,0.99853515625,1377
A9KTE6,folding,published_T1.0_k3_p0.85,0.60205078125,0.3076171875,0.0,0.998046875,0.99853515625,1377
A9KTE6,folding,conservative_T0.5,0.6494140625,0.3583984375,0.0,1.0,0.99853515625,1377
A9KTE6,folding,exploratory_T1.5,0.650390625,0.24853515625,0.0016374588012695312,0.98828125,0.99853515625,1377
O88093,inverse,greedy_T1.0,0.290771484375,0.20703125,0.0023784637451171875,0.9794921875,0.9990234375,1377
O88093,inverse,published_T1.0_k3_p0.85,0.204345703125,0.181396484375,0.0002522468566894531,0.97900390625,0.99853515625,1377
O88093,inverse,conservative_T0.5,0.25927734375,0.259033203125,2.1457672119140625e-06,1.0,0.99853515625,1377
O88093,inverse,exploratory_T1.5,0.3486328125,0.1949462890625,0.01386260986328125,0.859375,0.99951171875,1377
O88093,folding,greedy_T1.0,0.35302734375,0.311279296875,0.0005784034729003906,0.99853515625,0.9921875,1377
O88093,folding,published_T1.0_k3_p0.85,0.299072265625,0.309326171875,1.3709068298339844e-06,0.998046875,0.994140625,1377
O88093,folding,conservative_T0.5,0.34228515625,0.377197265625,1.7881393432617188e-07,1.0,0.99853515625,1377
O88093,folding,exploratory_T1.5,0.4189453125,0.25048828125,0.00783538818359375,0.97900390625,0.98046875,1377
P02452,inverse,greedy_T1.0,0.11614990234375,0.1298828125,0.0029468536376953125,0.98876953125,1.0,1464
P02452,inverse,published_T1.0_k3_p0.85,0.0899658203125,0.0888671875,0.00034880638122558594,0.98876953125,1.0,1464
P02452,inverse,conservative_T0.5,0.126708984375,0.1490478515625,1.2516975402832031e-06,1.0,1.0,1464
P02452,inverse,exploratory_T1.5,0.181640625,0.1402587890625,0.04388427734375,0.90771484375,1.0,1464
P02452,folding,greedy_T1.0,0.364013671875,0.193115234375,1.3232231140136719e-05,0.9951171875,1.0,1464
P02452,folding,published_T1.0_k3_p0.85,0.35107421875,0.190673828125,2.384185791015625e-07,0.990234375,1.0,1464
P02452,folding,conservative_T0.5,0.6103515625,0.300048828125,0.0,1.0,1.0,1464
P02452,folding,exploratory_T1.5,0.30908203125,0.1484375,0.00107574462890625,0.95751953125,0.998046875,1464
P02458,inverse,greedy_T1.0,0.084228515625,0.12115478515625,0.0038051605224609375,0.9755859375,1.0,1487
P02458,inverse,published_T1.0_k3_p0.85,0.0672607421875,0.08856201171875,4.00543212890625e-05,0.9755859375,1.0,1487
P02458,inverse,conservative_T0.5,0.07269287109375,0.1300048828125,1.8477439880371094e-06,1.0,1.0,1487
P02458,inverse,exploratory_T1.5,0.1402587890625,0.12060546875,0.050323486328125,0.84912109375,1.0,1487
P02458,folding,greedy_T1.0,0.356201171875,0.189697265625,1.1205673217773438e-05,0.99365234375,1.0,1487
P02458,folding,published_T1.0_k3_p0.85,0.343505859375,0.1868896484375,1.7881393432617188e-07,0.9921875,1.0,1487
P02458,folding,conservative_T0.5,0.60302734375,0.298828125,0.0,1.0,1.0,1487
P02458,folding,exploratory_T1.5,0.302978515625,0.14501953125,0.0009336471557617188,0.962890625,0.99755859375,1487
B6A880,inverse,greedy_T1.0,0.096435546875,0.08404541015625,0.00839996337890625,0.880859375,1.0,1487
B6A880,inverse,published_T1.0_k3_p0.85,0.060760498046875,0.06671142578125,0.00012218952178955078,0.8525390625,1.0,1487
B6A880,inverse,conservative_T0.5,0.059112548828125,0.11090087890625,9.298324584960938e-06,0.99755859375,1.0,1487
B6A880,inverse,exploratory_T1.5,0.2303466796875,0.075439453125,0.06927490234375,0.84716796875,1.0,1487
B6A880,folding,greedy_T1.0,0.3017578125,0.277099609375,0.0004949569702148438,0.99658203125,1.0,1487
B6A880,folding,published_T1.0_k3_p0.85,0.259033203125,0.263671875,2.5033950805664062e-06,0.99658203125,1.0,1487
B6A880,folding,conservative_T0.5,0.3330078125,0.35498046875,5.960464477539063e-08,1.0,1.0,1487
B6A880,folding,exploratory_T1.5,0.3623046875,0.2255859375,0.01053619384765625,0.97705078125,0.99755859375,1487
