protein_id,direction,pipeline,length,repeat,wall_s,tokens_per_s,peak_vram_gb,pred_len
P02798,inverse,enc_dec,61,0,3.1825476660001186,19.48124788902932,5.69792768,61
P02798,inverse,enc_dec,61,1,2.9395817519998673,21.09143586764339,5.697928192,61
P02798,inverse,enc_dec,61,2,3.642342016999919,17.02201487686415,5.697928192,61
P02798,inverse,enc_cnn,61,0,0.031315783000081865,1947.899562333809,5.653194752,61
P02798,inverse,enc_cnn,61,1,0.028952398000001267,2106.906654156845,5.653200384,61
P02798,inverse,enc_cnn,61,2,0.02872622200038677,2123.4953903502765,5.653200384,61
P02798,folding,enc_dec,61,0,2.817138546000024,22.008147269871433,5.69792768,61
P02798,folding,enc_dec,61,1,2.7944756229999257,22.18663118393631,5.697928192,61
P02798,folding,enc_dec,61,2,3.5980173600000853,17.231712300576152,5.697928192,61
P02798,folding,enc_cnn,61,0,0.0486354829999982,1254.2283172144555,5.653194752,61
P02798,folding,enc_cnn,61,1,0.046844518999932916,1302.1800906972137,5.653200384,61
P02798,folding,enc_cnn,61,2,0.04758923000008508,1281.8026263482502,5.653200384,61
Q941C7,inverse,enc_dec,75,0,3.3828752829999758,22.46609574462416,5.709084672,75
Q941C7,inverse,enc_dec,75,1,3.4192661930001123,22.226991322169198,5.709085696,75
Q941C7,inverse,enc_dec,75,2,4.283101746000284,17.744150035887323,5.709085696,75
Q941C7,inverse,enc_cnn,75,0,0.02978023800005758,2518.4486436896505,5.654317056,75
Q941C7,inverse,enc_cnn,75,1,0.028050065999650542,2673.7905002053963,5.654324224,75
Q941C7,inverse,enc_cnn,75,2,0.02792758799978401,2685.5165580565013,5.654324224,75
Q941C7,folding,enc_dec,75,0,3.4603511069999513,21.963089192382657,5.709084672,75
Q941C7,folding,enc_dec,75,1,3.8511168609998094,19.73453487471404,5.709085696,75
Q941C7,folding,enc_dec,75,2,3.8968891060003443,19.50273613970099,5.709085696,75
Q941C7,folding,enc_cnn,75,0,0.02886472499994852,2598.327196955237,5.654317056,75
Q941C7,folding,enc_cnn,75,1,0.029382879999957368,2552.506765848304,5.654324224,75
Q941C7,folding,enc_cnn,75,2,0.02804174500033696,2674.583910491261,5.654324224,75
B3H5J1,inverse,enc_dec,88,0,4.012591339999744,22.180180451669337,5.719443456,88
B3H5J1,inverse,enc_dec,88,1,4.942492104999928,18.007110200533397,5.71944448,88
B3H5J1,inverse,enc_dec,88,2,4.104227337000339,21.684958627327777,5.71944448,88
B3H5J1,inverse,enc_cnn,88,0,0.0338579369999934,2599.09515455762,5.655440896,88
B3H5J1,inverse,enc_cnn,88,1,0.0349131610000768,2520.539460743942,5.655449088,88
B3H5J1,inverse,enc_cnn,88,2,0.04470094699991023,1968.6383825420237,5.655449088,88
B3H5J1,folding,enc_dec,88,0,5.052207393000117,17.616062262865608,5.719443456,88
B3H5J1,folding,enc_dec,88,1,3.986047612999755,22.327881811984135,5.71944448,88
B3H5J1,folding,enc_dec,88,2,3.9953234390000034,22.27604381944005,5.71944448,88
B3H5J1,folding,enc_cnn,88,0,0.028496875999735494,3088.0577927495215,5.655440896,88
B3H5J1,folding,enc_cnn,88,1,0.02835330600009911,3103.6945039034385,5.655449088,88
B3H5J1,folding,enc_cnn,88,2,0.028641173999858438,3072.4997515965983,5.655449088,88
P0A7U3,inverse,enc_dec,92,0,4.14610162200006,22.430709249026375,5.722630144,92
P0A7U3,inverse,enc_dec,92,1,4.180283705999955,22.247293853887776,5.722631168,92
P0A7U3,inverse,enc_dec,92,2,5.25951016099998,17.68225503006122,5.722631168,92
P0A7U3,inverse,enc_cnn,92,0,0.0334035410000979,2754.199023382891,5.655791104,92
P0A7U3,inverse,enc_cnn,92,1,0.029976282000006904,3069.09309166423,5.655799808,92
P0A7U3,inverse,enc_cnn,92,2,0.028582753000137018,3218.7242425374134,5.655799808,92
P0A7U3,folding,enc_dec,92,0,4.183496164000189,22.23021041593951,5.722630144,92
P0A7U3,folding,enc_dec,92,1,5.170190202999947,17.987732819972027,5.722631168,92
P0A7U3,folding,enc_dec,92,2,4.111492603999977,22.619522630181173,5.722631168,92
P0A7U3,folding,enc_cnn,92,0,0.0299722899999324,3069.501863227918,5.655791104,92
P0A7U3,folding,enc_cnn,92,1,0.028594884000085585,3217.358741505111,5.655799808,92
P0A7U3,folding,enc_cnn,92,2,0.02843406900001355,3235.5552066767564,5.655799808,92
P01308,inverse,enc_dec,110,0,5.974889589999748,18.577749149671682,5.736972288,110
P01308,inverse,enc_dec,110,1,5.531015178999951,20.068648594826247,5.736973312,110
P01308,inverse,enc_dec,110,2,6.4845754409998335,17.11754316222209,5.736973312,110
P01308,inverse,enc_cnn,110,0,0.03263411499983704,3370.705778310498,5.658440704,110
P01308,inverse,enc_cnn,110,1,0.030088510000041424,3655.880600263973,5.658450944,110
P01308,inverse,enc_cnn,110,2,0.029811773999881552,3689.8173185009737,5.658450944,110
P01308,folding,enc_dec,110,0,5.2441047100001015,21.16662540859102,5.736972288,110
P01308,folding,enc_dec,110,1,5.621561887000098,19.745402119771782,5.736973312,110
P01308,folding,enc_dec,110,2,4.937036974999955,22.48312106271009,5.736973312,110
P01308,folding,enc_cnn,110,0,0.029031052999926032,3789.046163784699,5.658440704,110
P01308,folding,enc_cnn,110,1,0.028355463000025338,3879.323007347886,5.658450944,110
P01308,folding,enc_cnn,110,2,0.0281593940003404,3906.334063817932,5.658450944,110
P61769,inverse,enc_dec,119,0,5.317462215999967,22.56715612175414,5.744143872,119
P61769,inverse,enc_dec,119,1,5.912924304000171,20.29452667249916,5.744144896,119
P61769,inverse,enc_dec,119,2,5.747430611999789,20.87889495341756,5.744144896,119
P61769,inverse,enc_cnn,119,0,0.030833918000098492,3859.3862771386976,5.65866752,119
P61769,inverse,enc_cnn,119,1,0.028850298000179464,4124.740756551622,5.658678272,119
P61769,inverse,enc_cnn,119,2,0.02940409400025601,4047.055488224324,5.658678272,119
P61769,folding,enc_dec,119,0,6.2666483130001325,19.148992253332704,5.744143872,119
P61769,folding,enc_dec,119,1,5.477043183000205,21.909631892707957,5.744144896,119
P61769,folding,enc_dec,119,2,6.229519055999845,19.263124315259017,5.744144896,119
P61769,folding,enc_cnn,119,0,0.02895491899971603,4109.837088515671,5.65866752,119
P61769,folding,enc_cnn,119,1,0.030343401999743946,3921.7751523380334,5.658678272,119
P61769,folding,enc_cnn,119,2,0.02836921300013273,4194.688093724815,5.658678272,119
P00698,inverse,enc_dec,147,0,7.79622506800024,18.983546358540742,5.784764416,147
P00698,inverse,enc_dec,147,1,6.532959862000098,22.654356237647093,5.784765952,147
P00698,inverse,enc_dec,147,2,7.591645996000352,19.495113454707134,5.784765952,147
P00698,inverse,enc_cnn,147,0,0.03277649099982227,4484.921830125046,5.661539328,147
P00698,inverse,enc_cnn,147,1,0.03593926600024133,4090.2337849363116,5.66155264,147
P00698,inverse,enc_cnn,147,2,0.038107993000267015,3857.4584601967886,5.66155264,147
P00698,folding,enc_dec,147,0,7.65498478399968,19.333807208780755,5.784764416,147
P00698,folding,enc_dec,147,1,6.609448138000062,22.392187200788445,5.784765952,147
P00698,folding,enc_dec,147,2,7.584746046999953,19.512848430639213,5.784765952,147
P00698,folding,enc_cnn,147,0,0.03128481900012048,4698.7645988757,5.661539328,147
P00698,folding,enc_cnn,147,1,0.03417318699985117,4301.618107805989,5.66155264,147
P00698,folding,enc_cnn,147,2,0.0413675750000948,3553.507789607274,5.66155264,147
P68871,inverse,enc_dec,147,0,7.412699170999986,19.965736715582178,5.784764416,147
P68871,inverse,enc_dec,147,1,6.809372405999966,21.734748986498705,5.784765952,147
P68871,inverse,enc_dec,147,2,7.1786787910000385,20.61660708173051,5.784765952,147
P68871,inverse,enc_cnn,147,0,0.029301637000116898,5016.78455710217,5.661539328,147
P68871,inverse,enc_cnn,147,1,0.035050919000241265,4193.898596467276,5.66155264,147
P68871,inverse,enc_cnn,147,2,0.03933600700020179,3737.0341122637565,5.66155264,147
P68871,folding,enc_dec,147,0,6.878157924000334,21.517389050282706,5.784764416,147
P68871,folding,enc_dec,147,1,7.475387321000198,19.79830524422884,5.784765952,147
P68871,folding,enc_dec,147,2,6.531386225000006,22.659814456157026,5.784765952,147
P68871,folding,enc_cnn,147,0,0.029244318999644747,5026.617306485602,5.661539328,147
P68871,folding,enc_cnn,147,1,0.034903800999927626,4211.575696306108,5.66155264,147
P68871,folding,enc_cnn,147,2,0.04118467399985093,3569.2889058811556,5.66155264,147
P16949,inverse,enc_dec,149,0,6.695869103999939,22.401871612214443,5.784768512,149
P16949,inverse,enc_dec,149,1,7.662964549000208,19.57466970398168,5.784770048,149
P16949,inverse,enc_dec,149,2,6.574388539000211,22.815810034679057,5.784770048,149
P16949,inverse,enc_cnn,149,0,0.030516046999764512,4882.676973238042,5.66176,149
P16949,inverse,enc_cnn,149,1,0.034728585999801,4290.413666737074,5.661773824,149
P16949,inverse,enc_cnn,149,2,0.04045560899976408,3683.049240486502,5.661773824,149
P16949,folding,enc_dec,149,0,6.763768279000033,22.176986823412623,5.784768512,149
P16949,folding,enc_dec,149,1,7.843996870999945,19.12290410958287,5.784770048,149
P16949,folding,enc_dec,149,2,7.040088812000249,21.306549392433247,5.784770048,149
P16949,folding,enc_cnn,149,0,0.037320214999908785,3992.4743198924275,5.66176,149
P16949,folding,enc_cnn,149,1,0.0365525100000923,4076.3274532890837,5.661773824,149
P16949,folding,enc_cnn,149,2,0.03826905200003239,3893.48552454014,5.661773824,149
P0DP27,inverse,enc_dec,149,0,7.236127187999955,20.729320547150248,5.784768512,149
P0DP27,inverse,enc_dec,149,1,7.07845556600023,21.19106330489539,5.784770048,149
P0DP27,inverse,enc_dec,149,2,7.661113529999966,19.579399184285506,5.784770048,149
P0DP27,inverse,enc_cnn,149,0,0.03144804900011877,4737.972775336151,5.66176,149
P0DP27,inverse,enc_cnn,149,1,0.03672813599996516,4056.835337359384,5.661773824,149
P0DP27,inverse,enc_cnn,149,2,0.03960640200011767,3762.018069693817,5.661773824,149
P0DP27,folding,enc_dec,149,0,7.5851625129998865,19.77544973399336,5.784768512,149
P0DP27,folding,enc_dec,149,1,6.72738805400013,22.296915057666318,5.784770048,149
P0DP27,folding,enc_dec,149,2,7.626163780000297,19.669129109628713,5.784770048,149
P0DP27,folding,enc_cnn,149,0,0.02934790100016471,5077.02407743449,5.66176,149
P0DP27,folding,enc_cnn,149,1,0.03506646499999988,4249.073865871582,5.661773824,149
P0DP27,folding,enc_cnn,149,2,0.04082601399977648,3649.633784988556,5.661773824,149
P68082,inverse,enc_dec,154,0,7.891070466999736,19.64245543721935,5.784779264,154
P68082,inverse,enc_dec,154,1,7.274458284999582,21.30742852971201,5.7847808,154
P68082,inverse,enc_dec,154,2,7.943604322999818,19.512552954231978,5.7847808,154
P68082,inverse,enc_cnn,154,0,0.033518503999857785,4594.477128235001,5.662321664,154
P68082,inverse,enc_cnn,154,1,0.03269338800009791,4710.432580420811,5.662336,154
P68082,inverse,enc_cnn,154,2,0.038020254999992176,4050.4725704767548,5.662336,154
P68082,folding,enc_dec,154,0,7.1345667049999975,21.725215617000817,5.784779264,154
P68082,folding,enc_dec,154,1,8.048211624999567,19.258936919418833,5.7847808,154
P68082,folding,enc_dec,154,2,7.0438290010001765,22.00507706504389,5.7847808,154
P68082,folding,enc_cnn,154,0,0.031282674000067345,4922.852822609361,5.662321664,154
P68082,folding,enc_cnn,154,1,0.03486771100006081,4416.693714127991,5.662336,154
P68082,folding,enc_cnn,154,2,0.041414153999994596,3718.5354552943445,5.662336,154
P00441,inverse,enc_dec,154,0,6.949085662000016,22.305092718541832,5.784779264,154
P00441,inverse,enc_dec,154,1,7.976311497000097,19.432540975649676,5.7847808,154
P00441,inverse,enc_dec,154,2,7.418552527999964,20.89356372620952,5.7847808,154
P00441,inverse,enc_cnn,154,0,0.04912566599978163,3134.817551393289,5.662321664,154
P00441,inverse,enc_cnn,154,1,0.036949782999727177,4167.818793445609,5.662336,154
P00441,inverse,enc_cnn,154,2,0.04300764199979312,3580.7589730388095,5.662336,154
P00441,folding,enc_dec,154,0,7.799342691999755,19.873469614175644,5.784779264,154
P00441,folding,enc_dec,154,1,7.184371339000336,21.57460864509926,5.7847808,154
P00441,folding,enc_dec,154,2,7.960238086000118,19.471779402252128,5.7847808,154
P00441,folding,enc_cnn,154,0,0.03095158399992215,4975.512723367804,5.662321664,154
P00441,folding,enc_cnn,154,1,0.035659797999869625,4318.58868074808,5.662336,154
P00441,folding,enc_cnn,154,2,0.0396890839997468,3880.1600964381655,5.662336,154
P0A7Y4,inverse,enc_dec,155,0,8.00637312300023,19.484477878235843,5.784781312,155
P0A7Y4,inverse,enc_dec,155,1,7.20598098299979,21.648683276854623,5.784782848,155
P0A7Y4,inverse,enc_dec,155,2,7.790895719999753,20.023371587369283,5.784782848,155
P0A7Y4,inverse,enc_cnn,155,0,0.033737605000169424,4594.279884396703,5.664515072,155
P0A7Y4,inverse,enc_cnn,155,1,0.034150989999943704,4538.66783950496,5.664529408,155
P0A7Y4,inverse,enc_cnn,155,2,0.03907984299985401,3966.2390660213,5.664529408,155
P0A7Y4,folding,enc_dec,155,0,7.1916542310000295,21.691810394269684,5.784781312,155
P0A7Y4,folding,enc_dec,155,1,8.5238053879998,18.301684857754246,5.784782848,155
P0A7Y4,folding,enc_dec,155,2,7.49975896199976,20.800668500205195,5.784782848,155
P0A7Y4,folding,enc_cnn,155,0,0.03688025600013134,4202.790783216039,5.664515072,155
P0A7Y4,folding,enc_cnn,155,1,0.0345713629999409,4483.479578177608,5.664529408,155
P0A7Y4,folding,enc_cnn,155,2,0.03909213299994008,3964.9921379382804,5.664529408,155
P04808,inverse,enc_dec,185,0,8.942445809999754,20.799678740239983,5.796734976,185
P04808,inverse,enc_dec,185,1,8.817350340999837,21.094772557138594,5.796736512,185
P04808,inverse,enc_dec,185,2,9.210477408000315,20.194392946280775,5.796736512,185
P04808,inverse,enc_cnn,185,0,0.031953633000284754,5789.639005941872,5.66770176,185
P04808,inverse,enc_cnn,185,1,0.041373015999852214,4471.513510174381,5.667718144,185
P04808,inverse,enc_cnn,185,2,0.0437960229996861,4224.127839217866,5.667718144,185
P04808,folding,enc_dec,185,0,8.670060642999943,21.453137141569268,5.796734976,185
P04808,folding,enc_dec,185,1,9.46816147599975,19.64478536529819,5.796736512,185
P04808,folding,enc_dec,185,2,9.323792229999981,19.94896447837302,5.796736512,185
P04808,folding,enc_cnn,185,0,0.03703345599979002,4995.483003288943,5.66770176,185
P04808,folding,enc_cnn,185,1,0.03781875200002105,4891.7531704879375,5.667718144,185
P04808,folding,enc_cnn,185,2,0.042514163000305416,4351.491054843794,5.667718144,185
P0A7L0,inverse,enc_dec,234,0,11.844710427999871,19.84007979160726,5.852603392,234
P0A7L0,inverse,enc_dec,234,1,11.38621691399976,20.638988504694577,5.85260544,234
P0A7L0,inverse,enc_dec,234,2,11.56328981300021,20.322936102128786,5.85260544,234
P0A7L0,inverse,enc_cnn,234,0,0.03586971699996866,6523.608758892758,5.678329344,234
P0A7L0,inverse,enc_cnn,234,1,0.05170349600030022,4525.806146621909,5.678350336,234
P0A7L0,inverse,enc_cnn,234,2,0.05150237499992727,4543.479790986929,5.678350336,234
P0A7L0,folding,enc_dec,234,0,11.184985084000346,21.010309645933965,5.852603392,234
P0A7L0,folding,enc_dec,234,1,10.538689041999987,22.298788688370173,5.85260544,234
P0A7L0,folding,enc_dec,234,2,11.11213601999998,21.148049265869265,5.85260544,234
P0A7L0,folding,enc_cnn,234,0,0.036456301000271196,6418.643515102075,5.678329344,234
P0A7L0,folding,enc_cnn,234,1,0.05167893199995888,4527.957350205809,5.678350336,234
P0A7L0,folding,enc_cnn,234,2,0.050379474999772356,4644.748679914933,5.678350336,234
P42212,inverse,enc_dec,238,0,11.560876725000071,20.673172604908867,5.852611584,238
P42212,inverse,enc_dec,238,1,11.48647909400006,20.807072214569317,5.852613632,238
P42212,inverse,enc_dec,238,2,11.625357416000043,20.55850770412125,5.852613632,238
P42212,inverse,enc_cnn,238,0,0.03772811699991507,6308.292566006826,5.678874112,238
P42212,inverse,enc_cnn,238,1,0.04719836399999622,5042.547661186288,5.678895616,238
P42212,inverse,enc_cnn,238,2,0.04943318599998747,4814.579420393019,5.678895616,238
P42212,folding,enc_dec,238,0,11.025583240000287,21.676857794961762,5.852611584,238
P42212,folding,enc_dec,238,1,11.793847688999904,20.26480299749121,5.852613632,238
P42212,folding,enc_dec,238,2,11.41003355399971,20.9464765260239,5.852613632,238
P42212,folding,enc_cnn,238,0,0.03504004500018709,6792.2287199896355,5.678874112,238
P42212,folding,enc_cnn,238,1,0.04930863500021587,4826.740792945456,5.678895616,238
P42212,folding,enc_cnn,238,2,0.04990990399983275,4768.592622434167,5.678895616,238
P63101,inverse,enc_dec,245,0,11.819924440999785,20.812315783229504,5.852626432,245
P63101,inverse,enc_dec,245,1,11.765397211000163,20.908771339228572,5.85262848,245
P63101,inverse,enc_dec,245,2,11.429647454999667,21.52297356226786,5.85262848,245
P63101,inverse,enc_cnn,245,0,0.04375945400033743,5598.790149395164,5.679847936,245
P63101,inverse,enc_cnn,245,1,0.05189873400013312,4720.7317234245365,5.679869952,245
P63101,inverse,enc_cnn,245,2,0.05215454800008956,4697.576901626667,5.679869952,245
P63101,folding,enc_dec,245,0,11.622851788999924,21.165201489777132,5.852626432,245
P63101,folding,enc_dec,245,1,11.948670141000093,20.588065207013074,5.85262848,245
P63101,folding,enc_dec,245,2,11.713628669000173,21.00117793993529,5.85262848,245
P63101,folding,enc_cnn,245,0,0.03907172100025491,6270.519796105259,5.679847936,245
P63101,folding,enc_cnn,245,1,0.05743089099996723,4265.996848283962,5.679869952,245
P63101,folding,enc_cnn,245,2,0.05613453199975993,4364.514876529973,5.679869952,245
P00766,inverse,enc_dec,245,0,12.012069606000296,20.47940180742189,5.852626432,245
P00766,inverse,enc_dec,245,1,11.926558259000103,20.626235554114007,5.85262848,245
P00766,inverse,enc_dec,245,2,11.405001619000359,21.569484005172963,5.85262848,245
P00766,inverse,enc_cnn,245,0,0.04081780600017737,6002.282435242487,5.679847936,245
P00766,inverse,enc_cnn,245,1,0.05489519799994014,4463.04975528583,5.679869952,245
P00766,inverse,enc_cnn,245,2,0.05377021999993303,4556.425471205161,5.679869952,245
P00766,folding,enc_dec,245,0,11.585141868999926,21.23409473804188,5.852626432,245
P00766,folding,enc_dec,245,1,11.728948437999861,20.97374724600208,5.85262848,245
P00766,folding,enc_dec,245,2,11.836322096000004,20.78348307901606,5.85262848,245
P00766,folding,enc_cnn,245,0,0.0396673870000086,6176.358427640996,5.679847936,245
P00766,folding,enc_cnn,245,1,0.05497670700015078,4456.432794334663,5.679869952,245
P00766,folding,enc_cnn,245,2,0.05358565999995335,4572.118734755031,5.679869952,245
P15378,inverse,enc_dec,248,0,11.976075394999953,20.79145227358524,5.852633088,248
P15378,inverse,enc_dec,248,1,11.906930308000028,20.91219093074744,5.852635136,248
P15378,inverse,enc_dec,248,2,11.785360674999993,21.127906634898142,5.852635136,248
P15378,inverse,enc_cnn,248,0,0.04206606500019916,5895.488441783796,5.680271872,248
P15378,inverse,enc_cnn,248,1,0.050330757000210724,4927.40452918206,5.680293888,248
P15378,inverse,enc_cnn,248,2,0.05035544100019251,4924.98913869212,5.680293888,248
P15378,folding,enc_dec,248,0,12.588342130000001,19.78020595790718,5.852633088,248
P15378,folding,enc_dec,248,1,12.308578586000294,20.229793250311708,5.852635136,248
P15378,folding,enc_dec,248,2,12.68026960799989,19.6368064479408,5.852635136,248
P15378,folding,enc_cnn,248,0,0.03818459099966276,6494.766436078635,5.680271872,248
P15378,folding,enc_cnn,248,1,0.053732377999949676,4615.466674492468,5.680293888,248
P15378,folding,enc_cnn,248,2,0.05448614299984911,4551.615995294194,5.680293888,248
P05089,inverse,enc_dec,322,0,15.87204450399986,20.35024535866201,5.905902592,322
P05089,inverse,enc_dec,322,1,17.02054004699994,18.977071180354958,5.905905664,322
P05089,inverse,enc_dec,322,2,16.24432872000034,19.883862581672336,5.905905664,322
P05089,inverse,enc_cnn,322,0,0.07280535599966242,4422.7515349487885,5.698372608,322
P05089,inverse,enc_cnn,322,1,0.08795428099983837,3660.9929197260076,5.698401792,322
P05089,inverse,enc_cnn,322,2,0.08295912800031147,3881.429419060324,5.698401792,322
P05089,folding,enc_dec,322,0,16.37268079899968,19.727984925946537,5.905902592,322
P05089,folding,enc_dec,322,1,16.341626401000212,19.765474505048672,5.905905664,322
P05089,folding,enc_dec,322,2,16.668203134000123,19.378213560473014,5.905905664,322
P05089,folding,enc_cnn,322,0,0.0751406020003742,4285.299710513318,5.698372608,322
P05089,folding,enc_cnn,322,1,0.08524695799997062,3777.2608847826687,5.698401792,322
P05089,folding,enc_cnn,322,2,0.08395151899958364,3835.5470375895993,5.698401792,322
P00784,inverse,enc_dec,345,0,17.292183371999727,20.009040648982396,5.92422912,345
P00784,inverse,enc_dec,345,1,17.125148323999838,20.20420456826656,5.924232192,345
P00784,inverse,enc_dec,345,2,18.276928185000088,18.930971140104546,5.924232192,345
P00784,inverse,enc_cnn,345,0,0.08571827200012194,4024.812819366088,5.705007104,345
P00784,inverse,enc_cnn,345,1,0.0968464419997872,3562.3404729804947,5.705037824,345
P00784,inverse,enc_cnn,345,2,0.09561663099975704,3608.1589195594715,5.705037824,345
P00784,folding,enc_dec,345,0,17.222214654000254,20.09033140924379,5.92422912,345
P00784,folding,enc_dec,345,1,17.828022289000273,19.40764905894687,5.924232192,345
P00784,folding,enc_dec,345,2,17.525420238999686,19.7427505464342,5.924232192,345
P00784,folding,enc_cnn,345,0,0.08609174499997607,4007.352853634177,5.705007104,345
P00784,folding,enc_cnn,345,1,0.0988758229996165,3489.2250656799906,5.705037824,345
P00784,folding,enc_cnn,345,2,0.0955640090005545,3610.145740097594,5.705037824,345
P02572,inverse,enc_dec,376,0,19.036181868000313,19.804391585149453,5.948930048,376
P02572,inverse,enc_dec,376,1,19.081740478999563,19.7571076084442,5.94893312,376
P02572,inverse,enc_dec,376,2,18.554830404999848,20.31815930251846,5.94893312,376
P02572,inverse,enc_cnn,376,0,0.09178196099946945,4096.665574645692,5.714588672,376
P02572,inverse,enc_cnn,376,1,0.1022583490002944,3676.9613794460683,5.714621952,376
P02572,inverse,enc_cnn,376,2,0.10109957499935263,3719.105644137551,5.714621952,376
P02572,folding,enc_dec,376,0,18.7962666909998,20.057174448398232,5.948930048,376
P02572,folding,enc_dec,376,1,19.023684618000516,19.817401705833397,5.94893312,376
P02572,folding,enc_dec,376,2,18.74415522000072,20.112936303351074,5.94893312,376
P02572,folding,enc_cnn,376,0,0.09102641199933714,4130.669239195521,5.714588672,376
P02572,folding,enc_cnn,376,1,0.10184184799982177,3691.9989904411204,5.714621952,376
P02572,folding,enc_cnn,376,2,0.09883718199944269,3804.2363450034436,5.714621952,376
O65508,inverse,enc_dec,377,0,19.562600618000033,19.322584322055466,5.94972672,377
O65508,inverse,enc_dec,377,1,18.624044563000098,20.296343188039977,5.949729792,377
O65508,inverse,enc_dec,377,2,18.93269146500006,19.965465591555752,5.949729792,377
O65508,inverse,enc_cnn,377,0,0.09466236200023559,3982.575461185532,5.714911232,377
O65508,inverse,enc_cnn,377,1,0.10513147900019248,3585.9858872461,5.714944512,377
O65508,inverse,enc_cnn,377,2,0.10371594900061609,3634.9279318435447,5.714944512,377
O65508,folding,enc_dec,377,0,18.746008328000244,20.164292759616185,5.94972672,377
O65508,folding,enc_dec,377,1,19.26792246199966,19.618098461081853,5.949729792,377
O65508,folding,enc_dec,377,2,18.990294326000367,19.90490476403334,5.949729792,377
O65508,folding,enc_cnn,377,0,0.09497364700018807,3969.5221980814686,5.714911232,377
O65508,folding,enc_cnn,377,1,0.10612442499950703,3552.4338530149985,5.714944512,377
O65508,folding,enc_cnn,377,2,0.10351524299949233,3641.975704021184,5.714944512,377
P04637,inverse,enc_dec,393,0,18.932529725999302,20.81074244710865,6.055858176,393
P04637,inverse,enc_dec,393,1,18.417815427999813,21.392330786474208,6.05586176,393
P04637,inverse,enc_dec,393,2,19.34374589500021,20.368340348279563,6.05586176,393
P04637,inverse,enc_cnn,393,0,0.11542999300036172,3404.6610398630837,5.726034432,393
P04637,inverse,enc_cnn,393,1,0.12425998999970034,3162.723576598934,5.72606976,393
P04637,inverse,enc_cnn,393,2,0.12233194200052822,3212.5705974511798,5.72606976,393
P04637,folding,enc_dec,393,0,19.257808356999703,20.459233610391156,6.055858176,393
P04637,folding,enc_dec,393,1,18.723492891000205,21.043082201258688,6.05586176,393
P04637,folding,enc_dec,393,2,19.02399600299941,20.710685596121873,6.05586176,393
P04637,folding,enc_cnn,393,0,0.11720182800036127,3353.1900201999288,5.726034432,393
P04637,folding,enc_cnn,393,1,0.12587507999978698,3122.143000828004,5.72606976,393
P04637,folding,enc_cnn,393,2,0.1220446549996268,3220.132827621183,5.72606976,393
P0AEX9,inverse,enc_dec,396,0,19.58645426000021,20.269110209026458,6.05586432,396
P0AEX9,inverse,enc_dec,396,1,20.21299109300071,19.64083386636785,6.055867904,396
P0AEX9,inverse,enc_dec,396,2,19.197570681999423,20.679699873288996,6.055867904,396
P0AEX9,inverse,enc_cnn,396,0,0.10507652700016479,3768.681848414908,5.726052864,396
P0AEX9,inverse,enc_cnn,396,1,0.114764424999521,3450.5466306449302,5.726088192,396
P0AEX9,inverse,enc_cnn,396,2,0.1129520650001723,3505.9119990360155,5.726088192,396
P0AEX9,folding,enc_dec,396,0,19.27008185500017,20.601884464594896,6.05586432,396
P0AEX9,folding,enc_dec,396,1,20.640762967999763,19.23378513747218,6.055867904,396
P0AEX9,folding,enc_dec,396,2,19.38852476899956,20.47602923533233,6.055867904,396
P0AEX9,folding,enc_cnn,396,0,0.10632795699984854,3724.3262371773408,5.726052864,396
P0AEX9,folding,enc_cnn,396,1,0.11403220200008946,3472.703263238654,5.726088192,396
P0AEX9,folding,enc_cnn,396,2,0.11380897499930143,3479.514686802431,5.726088192,396
P0DTC9,inverse,enc_dec,419,0,20.901117446999706,20.094619393676954,6.055914496,419
P0DTC9,inverse,enc_dec,419,1,21.3111892729994,19.707956915014904,6.05591808,419
P0DTC9,inverse,enc_dec,419,2,21.306408342000395,19.712379170546182,6.05591808,419
P0DTC9,inverse,enc_cnn,419,0,0.12118118299986236,3457.6325269945246,5.731341824,419
P0DTC9,inverse,enc_cnn,419,1,0.12847267300003296,3261.3939619664684,5.7313792,419
P0DTC9,inverse,enc_cnn,419,2,0.1283859669993035,3263.5965580433967,5.7313792,419
P0DTC9,folding,enc_dec,419,0,21.01272219600014,19.987890958742543,6.055914496,419
P0DTC9,folding,enc_dec,419,1,20.62111782300053,20.367470066609936,6.05591808,419
P0DTC9,folding,enc_dec,419,2,20.858991576000335,20.13520157337031,6.05591808,419
P0DTC9,folding,enc_cnn,419,0,0.12067019999994955,3472.274016287163,5.731341824,419
P0DTC9,folding,enc_cnn,419,1,0.128782568999668,3253.5459049670003,5.7313792,419
P0DTC9,folding,enc_cnn,419,2,0.12752555400038545,3285.615995039971,5.7313792,419
O59010,inverse,enc_dec,425,0,21.379557509000733,19.92557609392314,6.055927808,425
O59010,inverse,enc_dec,425,1,20.764322076999633,20.515959944190744,6.055931392,425
O59010,inverse,enc_dec,425,2,21.94467207100024,19.412456865234116,6.055931392,425
O59010,inverse,enc_cnn,425,0,0.12519317899932503,3394.7536391123303,5.734114816,425
O59010,inverse,enc_cnn,425,1,0.13275474100009887,3201.392257619511,5.734152704,425
O59010,inverse,enc_cnn,425,2,0.13085309800044342,3247.9169885497076,5.734152704,425
O59010,folding,enc_dec,425,0,21.461358437000854,19.84962886904432,6.055927808,425
O59010,folding,enc_dec,425,1,21.253287954999905,20.043957476225795,6.055931392,425
O59010,folding,enc_dec,425,2,20.848813674999292,20.43281726436238,6.055931392,425
O59010,folding,enc_cnn,425,0,0.1251602840002306,3395.645858387609,5.734114816,425
O59010,folding,enc_cnn,425,1,0.13301249699998152,3195.188494206368,5.734152704,425
O59010,folding,enc_cnn,425,2,0.13235775999964972,3210.994202388472,5.734152704,425
P60705,inverse,enc_dec,429,0,20.833141979000175,20.640189580306245,6.055936,429
P60705,inverse,enc_dec,429,1,21.586746726000456,19.919629643964857,6.055939584,429
P60705,inverse,enc_dec,429,2,20.79357914600041,20.679460567167887,6.055939584,429
P60705,inverse,enc_cnn,429,0,0.12850587499997346,3338.3687710782765,5.735237632,429
P60705,inverse,enc_cnn,429,1,0.13526003399965703,3171.6685802480856,5.735276032,429
P60705,inverse,enc_cnn,429,2,0.13423370999953477,3195.918521521061,5.735276032,429
P60705,folding,enc_dec,429,0,20.925041434999912,20.549541148375834,6.055936,429
P60705,folding,enc_dec,429,1,20.13630498100065,21.354464009445675,6.055939584,429
P60705,folding,enc_dec,429,2,20.62890866700036,20.844534577239276,6.055939584,429
P60705,folding,enc_cnn,429,0,0.12574022399985552,3411.7960534291155,5.735237632,429
P60705,folding,enc_cnn,429,1,0.1327642169999308,3231.292359448206,5.735276032,429
P60705,folding,enc_cnn,429,2,0.13386475599963887,3204.727015684078,5.735276032,429
P0A855,inverse,enc_dec,430,0,20.328917998999714,21.201325128135565,6.055938048,430
P0A855,inverse,enc_dec,430,1,19.74428610799987,21.829100208660876,6.055941632,430
P0A855,inverse,enc_dec,430,2,20.642017268999552,20.879742245312496,6.055941632,430
P0A855,inverse,enc_cnn,430,0,0.11510199700023804,3735.817024956663,5.73551872,430
P0A855,inverse,enc_cnn,430,1,0.12260551700001088,3507.1831229255517,5.73555712,430
P0A855,inverse,enc_cnn,430,2,0.12377773100070044,3473.9689968752673,5.73555712,430
P0A855,folding,enc_dec,430,0,20.56196478200036,20.96103191351106,6.055938048,430
P0A855,folding,enc_dec,430,1,19.68465914799981,21.89522291239646,6.055941632,430
P0A855,folding,enc_dec,430,2,20.711313917999178,20.80988206283906,6.055941632,430
P0A855,folding,enc_cnn,430,0,0.11647705499945005,3691.7142178949343,5.73551872,430
P0A855,folding,enc_cnn,430,1,0.12413925800046854,3463.85186222377,5.73555712,430
P0A855,folding,enc_cnn,430,2,0.12228345499988791,3516.4201076948157,5.73555712,430
P0A6P9,inverse,enc_dec,432,0,20.67932626200036,20.938786617805164,6.055943168,432
P0A6P9,inverse,enc_dec,432,1,19.748813473000155,21.925367850173963,6.055946752,432
P0A6P9,inverse,enc_dec,432,2,20.70131620399934,20.91654442321632,6.055946752,432
P0A6P9,inverse,enc_cnn,432,0,0.11993891300062387,3601.833543361802,5.736085504,432
P0A6P9,inverse,enc_cnn,432,1,0.1274544749994675,3389.445525563578,5.736123904,432
P0A6P9,inverse,enc_cnn,432,2,0.1251776159997462,3451.096240727862,5.736123904,432
P0A6P9,folding,enc_dec,432,0,20.69746922700051,20.920432119069787,6.055943168,432
P0A6P9,folding,enc_dec,432,1,19.86365676099922,21.79860461796554,6.055946752,432
P0A6P9,folding,enc_dec,432,2,20.720199428999877,20.89748226042533,6.055946752,432
P0A6P9,folding,enc_cnn,432,0,0.1222022290003224,3535.1237332901696,5.736085504,432
P0A6P9,folding,enc_cnn,432,1,0.12856161699983204,3360.2564286396955,5.736123904,432
P0A6P9,folding,enc_cnn,432,2,0.12605222799993498,3427.1508473473614,5.736123904,432
P56252,inverse,enc_dec,433,0,20.476889969000695,21.19462480176524,6.055945216,433
P56252,inverse,enc_dec,433,1,19.736373855999773,21.989855034493374,6.0559488,433
P56252,inverse,enc_dec,433,2,20.507842710999284,21.162635491017596,6.0559488,433
P56252,inverse,enc_cnn,433,0,0.12941155200041976,3345.9145903651283,5.736370688,433
P56252,inverse,enc_cnn,433,1,0.13516982900000585,3203.377582137662,5.736409088,433
P56252,inverse,enc_cnn,433,2,0.1353453729998364,3199.222776537203,5.736409088,433
P56252,folding,enc_dec,433,0,20.27746008899976,21.40307504466198,6.055945216,433
P56252,folding,enc_dec,433,1,20.310096611000517,21.36868220335956,6.0559488,433
P56252,folding,enc_dec,433,2,20.18498387099953,21.50113186979272,6.0559488,433
P56252,folding,enc_cnn,433,0,0.12871251700016728,3364.086182849157,5.736370688,433
P56252,folding,enc_cnn,433,1,0.1355818640004145,3193.6424771286243,5.736409088,433
P56252,folding,enc_cnn,433,2,0.13512920500033943,3204.3406160712066,5.736409088,433
P34690,inverse,enc_dec,448,0,20.410905681999793,21.998043937656785,6.05597952,448
P34690,inverse,enc_dec,448,1,21.381542768000145,20.999420148109163,6.055983616,448
P34690,inverse,enc_dec,448,2,20.26577082499989,22.155584600123515,6.055983616,448
P34690,inverse,enc_cnn,448,0,0.1232946689997334,3633.5715374763586,5.74121984,448
P34690,inverse,enc_cnn,448,1,0.12937626599978103,3462.76804743119,5.741259264,448
P34690,inverse,enc_cnn,448,2,0.1290104829995471,3472.586022343415,5.741259264,448
P34690,folding,enc_dec,448,0,21.00251824099996,21.378388764995183,6.05597952,448
P34690,folding,enc_dec,448,1,21.846237843999916,20.552737876710346,6.055983616,448
P34690,folding,enc_dec,448,2,21.601721218999955,20.78538073184088,6.055983616,448
P34690,folding,enc_cnn,448,0,0.1230257809993418,3641.5131557051186,5.74121984,448
P34690,folding,enc_cnn,448,1,0.13027019199944334,3439.0062156499653,5.741259264,448
P34690,folding,enc_cnn,448,2,0.1284889580001618,3486.680933309739,5.741259264,448
P00439,inverse,enc_dec,452,0,22.32389372200032,20.292158959418714,6.055987712,452
P00439,inverse,enc_dec,452,1,21.79358600499927,20.785932149765785,6.055991808,452
P00439,inverse,enc_dec,452,2,21.413231256000472,21.15514443309714,6.055991808,452
P00439,inverse,enc_cnn,452,0,0.12419498899998871,3639.438302941845,5.74263296,452
P00439,inverse,enc_cnn,452,1,0.13023210699975607,3470.7263086885832,5.742673408,452
P00439,inverse,enc_cnn,452,2,0.13018904700038547,3471.8742506707317,5.742673408,452
P00439,folding,enc_dec,452,0,21.738509613000133,20.838595104472823,6.055987712,452
P00439,folding,enc_dec,452,1,21.629791923000084,20.943336006774135,6.055991808,452
P00439,folding,enc_dec,452,2,22.02773114899992,20.564986785784637,6.055991808,452
P00439,folding,enc_cnn,452,0,0.12532560500039835,3606.605370056369,5.74263296,452
P00439,folding,enc_cnn,452,1,0.13143898300040746,3438.858013673149,5.742673408,452
P00439,folding,enc_cnn,452,2,0.13083734500014543,3454.671141481032,5.742673408,452
P02994,inverse,enc_dec,458,0,22.418322653999894,20.474323930657892,6.056001024,458
P02994,inverse,enc_dec,458,1,22.26095632200031,20.619060266803285,6.05600512,458
P02994,inverse,enc_dec,458,2,21.74789737300034,21.105488596329362,6.05600512,458
P02994,inverse,enc_cnn,458,0,0.12497977600014565,3664.5929018105,5.744775168,458
P02994,inverse,enc_cnn,458,1,0.13161226800002623,3479.918756509148,5.744816128,458
P02994,inverse,enc_cnn,458,2,0.1323123910005961,3461.5049772468897,5.744816128,458
P02994,folding,enc_dec,458,0,21.704148411999995,21.148030841248016,6.056001024,458
P02994,folding,enc_dec,458,1,21.504448106999916,21.344421289779152,6.05600512,458
P02994,folding,enc_dec,458,2,21.843890373999784,21.012740502778563,6.05600512,458
P02994,folding,enc_cnn,458,0,0.12379384799987747,3699.6991966874907,5.744775168,458
P02994,folding,enc_cnn,458,1,0.13118468700031372,3491.261140859411,5.744816128,458
P02994,folding,enc_cnn,458,2,0.13131370500013873,3487.830916045786,5.744816128,458
O14926,inverse,enc_dec,492,0,23.239272986999822,21.214088765848523,6.056074752,492
O14926,inverse,enc_dec,492,1,23.545022047999737,20.938608551521096,6.056078848,492
O14926,inverse,enc_dec,492,2,23.225089408000713,21.227044225292346,6.056078848,492
O14926,inverse,enc_cnn,492,0,0.13724706700031675,3584.776059359174,5.75744,492
O14926,inverse,enc_cnn,492,1,0.14458338300028117,3402.8806754303378,5.75748352,492
O14926,inverse,enc_cnn,492,2,0.14128345400058606,3482.361069668916,5.75748352,492
O14926,folding,enc_dec,492,0,23.413096551999843,21.05659107948667,6.056074752,492
O14926,folding,enc_dec,492,1,23.571978686000875,20.914663404680024,6.056078848,492
O14926,folding,enc_dec,492,2,22.9437841200006,21.487301197636402,6.056078848,492
O14926,folding,enc_cnn,492,0,0.1362977700000556,3609.7435783417386,5.75744,492
O14926,folding,enc_cnn,492,1,0.1430492059998869,3439.375958510311,5.75748352,492
O14926,folding,enc_cnn,492,2,0.14422261900017475,3411.3927718883256,5.75748352,492
P08684,inverse,enc_dec,503,0,24.209126739999192,20.818594797443602,6.056098816,503
P08684,inverse,enc_dec,503,1,24.015507006000007,20.98644013112366,6.056102912,503
P08684,inverse,enc_dec,503,2,24.015830690000257,20.98615727707708,6.056102912,503
P08684,inverse,enc_cnn,503,0,0.1539365070002532,3267.5809643983457,5.763550208,503
P08684,inverse,enc_cnn,503,1,0.15858082199974888,3171.884176516606,5.763594752,503
P08684,inverse,enc_cnn,503,2,0.16179615600049146,3108.8501261950382,5.763594752,503
P08684,folding,enc_dec,503,0,23.53484082199975,21.415058797800494,6.056098816,503
P08684,folding,enc_dec,503,1,23.86984874799964,21.114503293291147,6.056102912,503
P08684,folding,enc_dec,503,2,24.156866518999777,20.863633104218863,6.056102912,503
P08684,folding,enc_cnn,503,0,0.15355613399970025,3275.675070075559,5.763550208,503
P08684,folding,enc_cnn,503,1,0.1619038509998063,3106.7821851908993,5.763594752,503
P08684,folding,enc_cnn,503,2,0.159305709000364,3157.4511871313457,5.763594752,503
P0ABB0,inverse,enc_dec,513,0,23.719850241999666,21.669614047136076,6.058098176,513
P0ABB0,inverse,enc_dec,513,1,24.31847256600031,21.136195894088516,6.058102784,513
P0ABB0,inverse,enc_dec,513,2,24.15832285000033,21.276311405863712,6.058102784,513
P0ABB0,inverse,enc_cnn,513,0,0.16711736700017354,3069.698914054021,5.766812672,513
P0ABB0,inverse,enc_cnn,513,1,0.17223262199968303,2978.529816499827,5.766858752,513
P0ABB0,inverse,enc_cnn,513,2,0.17187608200038085,2984.708483166746,5.766858752,513
P0ABB0,folding,enc_dec,513,0,24.4021959720003,21.06367806363725,6.058098176,513
P0ABB0,folding,enc_dec,513,1,23.715699850999954,21.673406360737342,6.058102784,513
P0ABB0,folding,enc_dec,513,2,23.951649892000205,21.459899519142304,6.058102784,513
P0ABB0,folding,enc_cnn,513,0,0.16778986299959797,3057.39566639511,5.766812672,513
P0ABB0,folding,enc_cnn,513,1,0.17358941200018307,2955.249367394936,5.766858752,513
P0ABB0,folding,enc_cnn,513,2,0.17105961800007208,2998.9544347034835,5.766858752,513
P0AG67,inverse,enc_dec,557,0,26.417920619999677,21.122025765251422,6.093916672,557
P0AG67,inverse,enc_dec,557,1,27.09161451,20.59677911753957,6.09392128,557
P0AG67,inverse,enc_dec,557,2,26.474042404999636,21.077249611665707,6.09392128,557
P0AG67,inverse,enc_cnn,557,0,0.18650921900007233,2986.447549275213,5.788744704,557
P0AG67,inverse,enc_cnn,557,1,0.19084128600024997,2918.6556623773245,5.788794368,557
P0AG67,inverse,enc_cnn,557,2,0.19056481499956135,2922.8900413818897,5.788794368,557
P0AG67,folding,enc_dec,557,0,26.13714937700024,21.348923402144997,6.093916672,557
P0AG67,folding,enc_dec,557,1,26.224654497999836,21.27768737782833,6.09392128,557
P0AG67,folding,enc_dec,557,2,26.273713935999695,21.237956741069638,6.09392128,557
P0AG67,folding,enc_cnn,557,0,0.18400551299964718,3027.083215713586,5.788744704,557
P0AG67,folding,enc_cnn,557,1,0.19025393199990503,2927.6661677629772,5.788794368,557
P0AG67,folding,enc_cnn,557,2,0.19018943599985505,2928.6589818817515,5.788794368,557
Q13117,inverse,enc_dec,558,0,26.289590678000422,21.26316863760761,6.0947072,558
Q13117,inverse,enc_dec,558,1,26.374941438999485,21.194359854518233,6.094711808,558
Q13117,inverse,enc_dec,558,2,26.2692922060005,21.279598841734753,6.094711808,558
Q13117,inverse,enc_cnn,558,0,0.16650140499950794,3351.32307142783,5.789048832,558
Q13117,inverse,enc_cnn,558,1,0.17128582500026823,3257.7126566026477,5.789098496,558
Q13117,inverse,enc_cnn,558,2,0.16974621800000023,3287.26027934242,5.789098496,558
Q13117,folding,enc_dec,558,0,26.266695444000106,21.28170257243714,6.0947072,558
Q13117,folding,enc_dec,558,1,26.43514952499936,21.146088070028178,6.094711808,558
Q13117,folding,enc_dec,558,2,26.3274641779999,21.232580404272998,6.094711808,558
Q13117,folding,enc_cnn,558,0,0.16674319399953674,3346.4634244774647,5.789048832,558
Q13117,folding,enc_cnn,558,1,0.16874557199935225,3306.7534358895173,5.789098496,558
Q13117,folding,enc_cnn,558,2,0.17142480999973486,3255.0714216971455,5.789098496,558
P02768,inverse,enc_dec,609,0,28.543801088999317,21.370664618143373,6.15828992,609
P02768,inverse,enc_dec,609,1,28.50203088499984,21.401983685346195,6.15829504,609
P02768,inverse,enc_dec,609,2,28.264339098000164,21.581965808043975,6.15829504,609
P02768,inverse,enc_cnn,609,0,0.2095502829997713,2906.223705747344,5.811122688,609
P02768,inverse,enc_cnn,609,1,0.21557345600012923,2825.0231327164647,5.81117696,609
P02768,inverse,enc_cnn,609,2,0.21475962299973617,2835.7285764128396,5.81117696,609
P02768,folding,enc_dec,609,0,28.882999149999705,21.119690404450473,6.15828992,609
P02768,folding,enc_dec,609,1,28.832009980000294,21.15704040138494,6.15829504,609
P02768,folding,enc_dec,609,2,28.782888908999666,21.193147148244343,6.15829504,609
P02768,folding,enc_cnn,609,0,0.21078420100002404,2889.2108474483366,5.811122688,609
P02768,folding,enc_cnn,609,1,0.21511203599948203,2831.082868842664,5.81117696,609
P02768,folding,enc_cnn,609,2,0.21726130199931504,2803.076269891451,5.81117696,609
P10591,inverse,enc_dec,642,0,30.109712030999617,21.35523579029902,6.1611264,642
P10591,inverse,enc_dec,642,1,30.241792503999932,21.261967190435342,6.161132032,642
P10591,inverse,enc_dec,642,2,30.463869023999905,21.106970998773487,6.161132032,642
P10591,inverse,enc_cnn,642,0,0.22242259500035289,2886.3974004034144,5.827634176,642
P10591,inverse,enc_cnn,642,1,0.22450388400011434,2859.6387223290667,5.82769152,642
P10591,inverse,enc_cnn,642,2,0.22329946199988626,2875.0629054373944,5.82769152,642
P10591,folding,enc_dec,642,0,29.875457307999568,21.52268309639658,6.1611264,642
P10591,folding,enc_dec,642,1,30.426670552999894,21.13277556543576,6.161132032,642
P10591,folding,enc_dec,642,2,30.381619544000387,21.164112040464826,6.161132032,642
P10591,folding,enc_cnn,642,0,0.22222064000015962,2889.020569824382,5.827634176,642
P10591,folding,enc_cnn,642,1,0.22418381699935708,2863.721425538228,5.82769152,642
P10591,folding,enc_cnn,642,2,0.2239313330001096,2866.950289621532,5.82769152,642
A0A1B0GR13,inverse,enc_dec,642,0,30.079383777999283,21.37676771391521,6.1611264,642
A0A1B0GR13,inverse,enc_dec,642,1,30.865103838999858,20.832588263886933,6.161132032,642
A0A1B0GR13,inverse,enc_dec,642,2,29.941692907999823,21.475071632579706,6.161132032,642
A0A1B0GR13,inverse,enc_cnn,642,0,0.21922333300062746,2928.5203870071737,5.827634176,642
A0A1B0GR13,inverse,enc_cnn,642,1,0.22184899200055952,2893.8603426171117,5.82769152,642
A0A1B0GR13,inverse,enc_cnn,642,2,0.22204462499939837,2891.3106993773863,5.82769152,642
A0A1B0GR13,folding,enc_dec,642,0,30.103916908999963,21.35934675689218,6.1611264,642
A0A1B0GR13,folding,enc_dec,642,1,30.481001832999937,21.095107159629602,6.161132032,642
A0A1B0GR13,folding,enc_dec,642,2,29.935844884999824,21.47926682778186,6.161132032,642
A0A1B0GR13,folding,enc_cnn,642,0,0.22035299599974678,2913.507016717566,5.827634176,642
A0A1B0GR13,folding,enc_cnn,642,1,0.223910041999261,2867.222900177558,5.82769152,642
A0A1B0GR13,folding,enc_cnn,642,2,0.22423738599991339,2863.0372992318416,5.82769152,642
P23246,inverse,enc_dec,707,0,33.820295053000336,20.934175733549388,6.213517824,707
P23246,inverse,enc_dec,707,1,32.67152149899994,21.67024881353235,6.213523968,707
P23246,inverse,enc_dec,707,2,33.77242815499994,20.963846506700822,6.213523968,707
P23246,inverse,enc_cnn,707,0,0.27370603200051846,2583.0632771683336,5.863765504,707
P23246,inverse,enc_cnn,707,1,0.2795351029999438,2529.1993471036167,5.86382848,707
P23246,inverse,enc_cnn,707,2,0.2803727729997263,2521.6428558157113,5.86382848,707
P23246,folding,enc_dec,707,0,33.64933544199994,21.04053440283694,6.213517824,707
P23246,folding,enc_dec,707,1,32.65319736700076,21.682409598133354,6.213523968,707
P23246,folding,enc_dec,707,2,33.603890507998585,21.06898901576524,6.213523968,707
P23246,folding,enc_cnn,707,0,0.2758793079992756,2562.7148521115487,5.863765504,707
P23246,folding,enc_cnn,707,1,0.28056738000123005,2519.8937951977896,5.86382848,707
P23246,folding,enc_cnn,707,2,0.28175857700080087,2509.240384181776,5.86382848,707
D4GQN5,inverse,enc_dec,717,0,34.132541339000454,21.035644339192533,6.221321728,717
D4GQN5,inverse,enc_dec,717,1,33.18512052400001,21.63620287233041,6.221327872,717
D4GQN5,inverse,enc_dec,717,2,34.19826498299881,20.99521716545982,6.221327872,717
D4GQN5,inverse,enc_cnn,717,0,0.2801406049984507,2559.429041013049,5.872204288,717
D4GQN5,inverse,enc_cnn,717,1,0.2859855120004795,2507.1200110262853,5.872268288,717
D4GQN5,inverse,enc_cnn,717,2,0.2862018330015417,2505.22504513847,5.872268288,717
D4GQN5,folding,enc_dec,717,0,33.71672913199836,21.295066825405456,6.221321728,717
D4GQN5,folding,enc_dec,717,1,33.21088597100061,21.61941721840694,6.221327872,717
D4GQN5,folding,enc_dec,717,2,33.73889888799931,21.28107388399055,6.221327872,717
D4GQN5,folding,enc_cnn,717,0,0.2819285929999751,2543.1971704979333,5.872204288,717
D4GQN5,folding,enc_cnn,717,1,0.28701075600110926,2498.1642151321635,5.872268288,717
D4GQN5,folding,enc_cnn,717,2,0.28683791199910047,2499.669569489296,5.872268288,717
P07901,inverse,enc_dec,733,0,33.845110006999676,21.68703247967573,6.233808384,733
P07901,inverse,enc_dec,733,1,34.820910595000896,21.079287918029852,6.233814528,733
P07901,inverse,enc_dec,733,2,33.87239673899967,21.669561963854015,6.233814528,733
P07901,inverse,enc_cnn,733,0,0.28829202899942175,2542.5607587696095,5.8786688,733
P07901,inverse,enc_cnn,733,1,0.293854397999894,2494.4326339477298,5.878733824,733
P07901,inverse,enc_cnn,733,2,0.29388874100004614,2494.1411416638275,5.878733824,733
P07901,folding,enc_dec,733,0,33.963400022001224,21.61149942363016,6.233808384,733
P07901,folding,enc_dec,733,1,34.411302021000665,21.330201326065826,6.233814528,733
P07901,folding,enc_dec,733,2,34.276581332000205,21.414037557903896,6.233814528,733
P07901,folding,enc_cnn,733,0,0.28789497800062236,2546.0673370912896,5.8786688,733
P07901,folding,enc_cnn,733,1,0.29341450500032806,2498.172338137068,5.878733824,733
P07901,folding,enc_cnn,733,2,0.2948487639987434,2486.0202568226605,5.878733824,733
P18278,inverse,enc_dec,742,0,35.2344007949996,21.087345981074414,6.240832,742
P18278,inverse,enc_dec,742,1,34.113134908000575,21.780466732353695,6.240838144,742
P18278,inverse,enc_dec,742,2,35.079360375999386,21.18054582626729,6.240838144,742
P18278,inverse,enc_cnn,742,0,0.2580857519988058,2875.013418034148,5.88469504,742
P18278,inverse,enc_cnn,742,1,0.26177350000034494,2834.5115147217816,5.884760576,742
P18278,inverse,enc_cnn,742,2,0.2617821889998595,2834.417432426613,5.884760576,742
P18278,folding,enc_dec,742,0,34.25254189299994,21.69182077993003,6.240832,742
P18278,folding,enc_dec,742,1,38.05768600600095,19.522994642470998,6.240838144,742
P18278,folding,enc_dec,742,2,35.31561821899959,21.038850159510176,6.240838144,742
P18278,folding,enc_cnn,742,0,0.2584654389993375,2870.790009189205,5.88469504,742
P18278,folding,enc_cnn,742,1,0.2637620820005395,2813.141276305524,5.884760576,742
P18278,folding,enc_cnn,742,2,0.26241218900031527,2827.612554228983,5.884760576,742
P15056,inverse,enc_dec,766,0,36.230419392999465,21.170055794281026,6.260741632,766
P15056,inverse,enc_dec,766,1,36.0831961390013,21.256431859454143,6.260747776,766
P15056,inverse,enc_dec,766,2,36.20221229699928,21.186550526459815,6.260747776,766
P15056,inverse,enc_cnn,766,0,0.26592631399944366,2880.497189163471,5.9003008,766
P15056,inverse,enc_cnn,766,1,0.26902407800116634,2847.328780722293,5.900368384,766
P15056,inverse,enc_cnn,766,2,0.2698368700002902,2838.7521690389312,5.900368384,766
P15056,folding,enc_dec,766,0,36.54794621499968,20.986131354358147,6.260741632,766
P15056,folding,enc_dec,766,1,36.05708272699849,21.271826281877566,6.260747776,766
P15056,folding,enc_dec,766,2,35.4139702700013,21.658119497821893,6.260747776,766
P15056,folding,enc_cnn,766,0,0.26743792300112545,2864.2160820130825,5.9003008,766
P15056,folding,enc_cnn,766,1,0.2738486970010854,2797.165034518912,5.900368384,766
P15056,folding,enc_cnn,766,2,0.27186890700068034,2817.5344082215447,5.900368384,766
P05067,inverse,enc_dec,770,0,36.42162734300109,21.168741109206866,6.263916032,770
P05067,inverse,enc_dec,770,1,35.61226517999967,21.64984440341088,6.263922688,770
P05067,inverse,enc_dec,770,2,36.27902315100073,21.251950384411952,6.263922688,770
P05067,inverse,enc_cnn,770,0,0.2897396000007575,2657.5587182352256,5.9027584,770
P05067,inverse,enc_cnn,770,1,0.29652490400076204,2596.7464776517427,5.902827008,770
P05067,inverse,enc_cnn,770,2,0.2956117670000822,2604.7677594640063,5.902827008,770
P05067,folding,enc_dec,770,0,36.54936126800021,21.094759887774778,6.263916032,770
P05067,folding,enc_dec,770,1,35.500814854000055,21.717811356466022,6.263922688,770
P05067,folding,enc_dec,770,2,36.43089621300169,21.16335528756058,6.263922688,770
P05067,folding,enc_cnn,770,0,0.2911872120002954,2644.3468952861117,5.9027584,770
P05067,folding,enc_cnn,770,1,0.2952046509999491,2608.3599882040235,5.902827008,770
P05067,folding,enc_cnn,770,2,0.2959517560011591,2601.775405573145,5.902827008,770
O81472,inverse,enc_dec,773,0,36.21020295099879,21.375190883282542,6.26629376,773
O81472,inverse,enc_dec,773,1,36.090945714000554,21.445822066661627,6.266300416,773
O81472,inverse,enc_dec,773,2,36.64114801100004,21.123792294052507,6.266300416,773
O81472,inverse,enc_cnn,773,0,0.3246093320012733,2381.324021815146,5.906038272,773
O81472,inverse,enc_cnn,773,1,0.3285183469997719,2352.9888271370633,5.90610688,773
O81472,inverse,enc_cnn,773,2,0.3298300599999493,2343.6311414433203,5.90610688,773
O81472,folding,enc_dec,773,0,36.008564292998926,21.494886430406428,6.26629376,773
O81472,folding,enc_dec,773,1,36.221065267000085,21.36878068865545,6.266300416,773
O81472,folding,enc_dec,773,2,36.654013556999416,21.11637785031041,6.266300416,773
O81472,folding,enc_cnn,773,0,0.32690006000120775,2364.6370698039764,5.906038272,773
O81472,folding,enc_cnn,773,1,0.3312575399995694,2333.5317891964205,5.90610688,773
O81472,folding,enc_cnn,773,2,0.3325199959999736,2324.672228132895,5.90610688,773
P04150,inverse,enc_dec,777,0,36.26601134399971,21.452593521253664,6.269465088,777
P04150,inverse,enc_dec,777,1,36.49065255700043,21.320528559600866,6.269471744,777
P04150,inverse,enc_dec,777,2,36.80760561899842,21.136935883665075,6.269471744,777
P04150,inverse,enc_cnn,777,0,0.32689187100004347,2376.9327686949323,5.907086848,777
P04150,inverse,enc_cnn,777,1,0.32974183000078483,2356.388936150899,5.907155968,777
P04150,inverse,enc_cnn,777,2,0.3292330590011261,2360.030315173612,5.907155968,777
P04150,folding,enc_dec,777,0,36.489475209000375,21.321216475267395,6.269465088,777
P04150,folding,enc_dec,777,1,36.36395301799894,21.394813694069953,6.269471744,777
P04150,folding,enc_dec,777,2,37.05015067699969,20.998565074202883,6.269471744,777
P04150,folding,enc_cnn,777,0,0.32910671399986313,2360.936337507606,5.907086848,777
P04150,folding,enc_cnn,777,1,0.3329328269992402,2333.8041099857455,5.907155968,777
P04150,folding,enc_cnn,777,2,0.3330816240013519,2332.7615335418395,5.907155968,777
P31554,inverse,enc_dec,784,0,36.96343002999856,21.237206594813152,6.275014144,784
P31554,inverse,enc_dec,784,1,36.32322910599942,21.611514706173068,6.2750208,784
P31554,inverse,enc_dec,784,2,37.14993208600026,21.13059044583887,6.2750208,784
P31554,inverse,enc_cnn,784,0,0.2992099250004685,2620.233937757153,5.912677888,784
P31554,inverse,enc_cnn,784,1,0.303039162999994,2587.1243579167867,5.91274752,784
P31554,inverse,enc_cnn,784,2,0.3038683519989718,2580.0646722257306,5.91274752,784
P31554,folding,enc_dec,784,0,36.013000532999285,21.797683846995533,6.275014144,784
P31554,folding,enc_dec,784,1,37.08115780499975,21.169781270803696,6.2750208,784
P31554,folding,enc_dec,784,2,37.09599304499898,21.16131516004336,6.2750208,784
P31554,folding,enc_cnn,784,0,0.29951728400010325,2617.5451030055738,5.912677888,784
P31554,folding,enc_cnn,784,1,0.30311446899941075,2586.481610686569,5.91274752,784
P31554,folding,enc_cnn,784,2,0.30311526100013,2586.474852546813,5.91274752,784
P56201,inverse,enc_dec,797,0,37.325114469000255,21.37970670291622,6.285318656,797
P56201,inverse,enc_dec,797,1,37.623579626999344,21.21010302345982,6.285325312,797
P56201,inverse,enc_dec,797,2,37.74056520200065,21.14435742360577,6.285325312,797
P56201,inverse,enc_cnn,797,0,0.3391316849993018,2350.119541326965,5.91980288,797
P56201,inverse,enc_cnn,797,1,0.3438685040000564,2317.746437166776,5.919873536,797
P56201,inverse,enc_cnn,797,2,0.34352043000035337,2320.094906725577,5.919873536,797
P56201,folding,enc_dec,797,0,37.59875728000043,21.22410573459227,6.285318656,797
P56201,folding,enc_dec,797,1,36.84930513600011,21.65576791895568,6.285325312,797
P56201,folding,enc_dec,797,2,38.40022711100028,20.781127093162475,6.285325312,797
P56201,folding,enc_cnn,797,0,0.33856156399997417,2354.0770268891506,5.91980288,797
P56201,folding,enc_cnn,797,1,0.3449015969999891,2310.804029127256,5.919873536,797
P56201,folding,enc_cnn,797,2,0.34416330700150866,2315.7611046447387,5.919873536,797
P21802,inverse,enc_dec,821,0,39.75384289399881,20.67724627759416,6.32965632,821
P21802,inverse,enc_dec,821,1,39.1452513940003,20.998715571564475,6.329662976,821
P21802,inverse,enc_dec,821,2,38.871066887999405,21.14683402872522,6.329662976,821
P21802,inverse,enc_cnn,821,0,0.3541816619999736,2318.0195026586703,5.935145472,821
P21802,inverse,enc_cnn,821,1,0.3587821390010504,2288.2967426580744,5.935218176,821
P21802,inverse,enc_cnn,821,2,0.3580660469997383,2292.8730799225987,5.935218176,821
P21802,folding,enc_dec,821,0,39.18348966099984,20.97822340765514,6.32965632,821
P21802,folding,enc_dec,821,1,39.00363093699889,21.074960978062425,6.329662976,821
P21802,folding,enc_dec,821,2,38.941863174999526,21.10838909545858,6.329662976,821
P21802,folding,enc_cnn,821,0,0.3543689850012015,2316.79417429044,5.935145472,821
P21802,folding,enc_cnn,821,1,0.3592036259997258,2285.61167141622,5.935218176,821
P21802,folding,enc_cnn,821,2,0.358811586000229,2288.1089464025167,5.935218176,821
F4IP69,inverse,enc_dec,838,0,39.11021986599917,21.452193387677486,6.329762816,838
F4IP69,inverse,enc_dec,838,1,38.82597323600021,21.609245823671014,6.329769984,838
F4IP69,inverse,enc_dec,838,2,39.34998892200019,21.32147995424017,6.329769984,838
F4IP69,inverse,enc_cnn,838,0,0.32222020299923315,2600.7059526369744,5.946384384,838
F4IP69,inverse,enc_cnn,838,1,0.32318349900015164,2592.9541656444744,5.946458624,838
F4IP69,inverse,enc_cnn,838,2,0.3241002459999436,2585.6197591412683,5.946458624,838
F4IP69,folding,enc_dec,838,0,39.40907902300023,21.289510457992087,6.329762816,838
F4IP69,folding,enc_dec,838,1,39.39894764500059,21.2949850224353,6.329769984,838
F4IP69,folding,enc_dec,838,2,39.59454358600124,21.189788390353634,6.329769984,838
F4IP69,folding,enc_cnn,838,0,0.3188646210001025,2628.074564596273,5.946384384,838
F4IP69,folding,enc_cnn,838,1,0.32424783799979195,2584.4428298101334,5.946458624,838
F4IP69,folding,enc_cnn,838,2,0.32449323199944047,2582.488376834451,5.946458624,838
P28366,inverse,enc_dec,841,0,40.12776707699959,20.9829766601346,6.329773568,841
P28366,inverse,enc_dec,841,1,39.86530405800113,21.121123239771382,6.329780736,841
P28366,inverse,enc_dec,841,2,39.9011461049995,21.102150744850405,6.329780736,841
P28366,inverse,enc_cnn,841,0,0.3713985140002478,2264.414014320582,5.948392448,841
P28366,inverse,enc_cnn,841,1,0.37769022099928407,2226.6925465396,5.9484672,841
P28366,inverse,enc_cnn,841,2,0.3764623909992224,2233.9548919289978,5.9484672,841
P28366,folding,enc_dec,841,0,39.58758260099967,21.269295690177803,6.329773568,841
P28366,folding,enc_dec,841,1,39.91625819900037,21.094161577025936,6.329780736,841
P28366,folding,enc_dec,841,2,39.46698188099981,21.334289065700144,6.329780736,841
P28366,folding,enc_cnn,841,0,0.3714164280008845,2264.3047980580905,5.948392448,841
P28366,folding,enc_cnn,841,1,0.37401656300062314,2248.5635214999793,5.9484672,841
P28366,folding,enc_cnn,841,2,0.3750074390009104,2242.6221790175164,5.9484672,841
B0R8E4,inverse,enc_dec,852,0,39.896828107001056,21.38014575274761,6.329074688,852
B0R8E4,inverse,enc_dec,852,1,39.531545933001325,21.577704080828955,6.328926208,852
B0R8E4,inverse,enc_dec,852,2,39.58822774500004,21.546809457964006,6.328926208,852
B0R8E4,inverse,enc_cnn,852,0,0.338847994000389,2514.4017821720436,5.958864896,852
B0R8E4,inverse,enc_cnn,852,1,0.3435197680009878,2480.2066121491735,5.958940672,852
B0R8E4,inverse,enc_cnn,852,2,0.3430072339997423,2483.9126279203783,5.958940672,852
B0R8E4,folding,enc_dec,852,0,39.939375775999,21.357369348586523,6.330491904,852
B0R8E4,folding,enc_dec,852,1,40.11067435699988,21.26615953668551,6.330499072,852
B0R8E4,folding,enc_dec,852,2,39.96561687400026,21.343346274104967,6.330499072,852
B0R8E4,folding,enc_cnn,852,0,0.3370207389998541,2528.0343355972786,5.957846016,852
B0R8E4,folding,enc_cnn,852,1,0.34290893400066125,2484.6246788027897,5.957921792,852
B0R8E4,folding,enc_cnn,852,2,0.3417426429987245,2493.1041456338826,5.957921792,852
A0A0K1IRS6,inverse,enc_dec,855,0,39.55337662200145,21.641641576660042,6.332222976,855
A0A0K1IRS6,inverse,enc_dec,855,1,40.45058125499963,21.161624220027733,6.332230144,855
A0A0K1IRS6,inverse,enc_dec,855,2,40.9607502279996,20.898054728862434,6.332230144,855
A0A0K1IRS6,inverse,enc_cnn,855,0,0.38090139699852443,2244.67541137244,5.958571008,855
A0A0K1IRS6,inverse,enc_cnn,855,1,0.3846480519987381,2222.8112050930263,5.958646784,855
A0A0K1IRS6,inverse,enc_cnn,855,2,0.38510578599925793,2220.169187490856,5.958646784,855
A0A0K1IRS6,folding,enc_dec,855,0,40.04251460700107,21.377278834789667,6.332222976,855
A0A0K1IRS6,folding,enc_dec,855,1,39.897472708998976,21.45499305791685,6.332230144,855
A0A0K1IRS6,folding,enc_dec,855,2,39.63972224800091,21.594500451959384,6.332230144,855
A0A0K1IRS6,folding,enc_cnn,855,0,0.3789934809992701,2255.975479434821,5.958571008,855
A0A0K1IRS6,folding,enc_cnn,855,1,0.38454184100010025,2223.425148681745,5.958646784,855
A0A0K1IRS6,folding,enc_cnn,855,2,0.38409788699937053,2225.995062559147,5.958646784,855
P0A9Q7,inverse,enc_dec,891,0,42.629744661000586,20.924357091353578,6.359834624,891
P0A9Q7,inverse,enc_dec,891,1,41.914530382999146,21.281402698521035,6.359841792,891
P0A9Q7,inverse,enc_dec,891,2,41.74049978500079,21.370132235947377,6.359841792,891
P0A9Q7,inverse,enc_cnn,891,0,0.4008391909992497,2222.836538959255,5.984223232,891
P0A9Q7,inverse,enc_cnn,891,1,0.40584658199986734,2195.410875729123,5.98430208,891
P0A9Q7,inverse,enc_cnn,891,2,0.4047495649992925,2201.3612293852807,5.98430208,891
P0A9Q7,folding,enc_dec,891,0,42.25252029600051,21.11116671268563,6.359834624,891
P0A9Q7,folding,enc_dec,891,1,41.95166685099866,21.2625639683913,6.359841792,891
P0A9Q7,folding,enc_dec,891,2,41.713765055001204,21.383828547335963,6.359841792,891
P0A9Q7,folding,enc_cnn,891,0,0.4001240739999048,2226.8092771648926,5.984223232,891
P0A9Q7,folding,enc_cnn,891,1,0.4047586280012183,2201.311938425975,5.98430208,891
P0A9Q7,folding,enc_cnn,891,2,0.40555481599949417,2196.99030771986,5.98430208,891
P10408,inverse,enc_dec,901,0,42.98833508200005,20.982436241818604,6.368943104,901
P10408,inverse,enc_dec,901,1,43.81774647200109,20.585266761182368,6.368950784,901
P10408,inverse,enc_dec,901,2,43.189957721999235,20.884484439783495,6.368950784,901
P10408,inverse,enc_cnn,901,0,0.4190236640006333,2150.2365556104687,5.990943232,901
P10408,inverse,enc_cnn,901,1,0.4244124640008522,2122.9348250201033,5.991023104,901
P10408,inverse,enc_cnn,901,2,0.4235457350005163,2127.2791237029023,5.991023104,901
P10408,folding,enc_dec,901,0,44.12382830700153,20.442469173892405,6.368943104,901
P10408,folding,enc_dec,901,1,43.21915810599967,20.8703741472184,6.368950784,901
P10408,folding,enc_dec,901,2,43.22807961599938,20.866066871639514,6.368950784,901
P10408,folding,enc_cnn,901,0,0.4207995110009506,2141.162183997796,5.990943232,901
P10408,folding,enc_cnn,901,1,0.42521947900058876,2118.9057521956856,5.991023104,901
P10408,folding,enc_cnn,901,2,0.424945528000535,2120.27175398082,5.991023104,901
P19367,inverse,enc_dec,917,0,44.27177750699957,20.73555776826128,6.38044672,917
P19367,inverse,enc_dec,917,1,44.282256217000395,20.730651019709576,6.3804544,917
P19367,inverse,enc_dec,917,2,43.92457832999935,20.899460732512708,6.3804544,917
P19367,inverse,enc_cnn,917,0,0.42942392400073004,2135.418985176152,6.003423744,917
P19367,inverse,enc_cnn,917,1,0.4379271139987395,2093.955753565511,6.003505152,917
P19367,inverse,enc_cnn,917,2,0.43554685699928086,2105.399190153068,6.003505152,917
P19367,folding,enc_dec,917,0,43.663001963999704,21.024665247636754,6.38044672,917
P19367,folding,enc_dec,917,1,43.777267124998616,20.96978775259784,6.3804544,917
P19367,folding,enc_dec,917,2,44.27663610300078,20.733282398971223,6.3804544,917
P19367,folding,enc_cnn,917,0,0.430633456000578,2129.4211752994156,6.003423744,917
P19367,folding,enc_cnn,917,1,0.4335886330009089,2114.9078416870716,6.003505152,917
P19367,folding,enc_cnn,917,2,0.4366668340007891,2099.999195263689,6.003505152,917
P10275,inverse,enc_dec,920,0,43.87703282599978,20.990480455967663,6.382825472,920
P10275,inverse,enc_dec,920,1,45.24623250200057,20.35528593368029,6.382833152,920
P10275,inverse,enc_dec,920,2,44.66214021199994,20.62149273698584,6.382833152,920
P10275,inverse,enc_cnn,920,0,0.38361065199933364,2398.2649991731673,6.004197888,920
P10275,inverse,enc_cnn,920,1,0.3889133770007902,2365.5653274125634,6.004279296,920
P10275,inverse,enc_cnn,920,2,0.38807737699971767,2370.661250889328,6.004279296,920
P10275,folding,enc_dec,920,0,45.11057476299902,20.416498899398427,6.382825472,920
P10275,folding,enc_dec,920,1,44.406454079999094,20.74022839879988,6.382833152,920
P10275,folding,enc_dec,920,2,43.95215839000048,20.954602316175126,6.382833152,920
P10275,folding,enc_cnn,920,0,0.3873185240008752,2375.305963930404,6.004197888,920
P10275,folding,enc_cnn,920,1,0.3893437549995724,2362.9504472237145,6.004279296,920
P10275,folding,enc_cnn,920,2,0.39019810699937807,2357.776687013672,6.004279296,920
Q18H12,inverse,enc_dec,931,0,44.6311859030011,20.882259369615593,6.391544832,931
Q18H12,inverse,enc_dec,931,1,44.729678318999504,20.8362777248975,6.391552512,931
Q18H12,inverse,enc_dec,931,2,45.19124259800083,20.623464778134466,6.391552512,931
Q18H12,inverse,enc_cnn,931,0,0.4392716679994919,2119.4173624716377,6.011800064,931
Q18H12,inverse,enc_cnn,931,1,0.4448286939987156,2092.9405242070293,6.011882496,931
Q18H12,inverse,enc_cnn,931,2,0.4461498250002478,2086.742945600131,6.011882496,931
Q18H12,folding,enc_dec,931,0,44.3300191849994,21.02412805441272,6.391544832,931
Q18H12,folding,enc_dec,931,1,43.750641594000626,21.302544740916485,6.391552512,931
Q18H12,folding,enc_dec,931,2,43.53016170000046,21.410441946508783,6.391552512,931
Q18H12,folding,enc_cnn,931,0,0.44037301300159015,2114.116833941044,6.011800064,931
Q18H12,folding,enc_cnn,931,1,0.4444078390006325,2094.922542531197,6.011882496,931
Q18H12,folding,enc_cnn,931,2,0.44551946700084955,2089.6954430909855,6.011882496,931
P43261,inverse,enc_dec,934,0,43.953520922999815,21.272471018601312,6.395978752,934
P43261,inverse,enc_dec,934,1,43.539191716999994,21.474904864504563,6.395986432,934
P43261,inverse,enc_dec,934,2,43.537229732000924,21.47587262109955,6.395986432,934
P43261,inverse,enc_cnn,934,0,0.3864815800006909,2416.674036569428,6.014019072,934
P43261,inverse,enc_cnn,934,1,0.38880913999855693,2402.2069028610454,6.014101504,934
P43261,inverse,enc_cnn,934,2,0.3889601929986384,2401.2740039011387,6.014101504,934
P43261,folding,enc_dec,934,0,44.09675962199981,21.20337203946228,6.395978752,934
P43261,folding,enc_dec,934,1,43.674255908001214,21.408492956801723,6.395986432,934
P43261,folding,enc_dec,934,2,43.7134214609996,21.38931176627736,6.395986432,934
P43261,folding,enc_cnn,934,0,0.3826479939998535,2440.8856563883032,6.014019072,934
P43261,folding,enc_cnn,934,1,0.3875121580003906,2410.2469579781764,6.014101504,934
P43261,folding,enc_cnn,934,2,0.3868217459985317,2414.548844944062,6.014101504,934
P62944,inverse,enc_dec,937,0,44.14212715800022,21.249542339510906,6.397906944,937
P62944,inverse,enc_dec,937,1,43.89383562200055,21.369743306958892,6.397914624,937
P62944,inverse,enc_dec,937,2,43.70433405499898,21.462402305903797,6.397914624,937
P62944,inverse,enc_cnn,937,0,0.4431826479994925,2114.2524515108566,6.017019392,937
P62944,inverse,enc_cnn,937,1,0.4487404499996046,2088.066720976069,6.017102336,937
P62944,inverse,enc_cnn,937,2,0.4497421019987087,2083.4162419659133,6.017102336,937
P62944,folding,enc_dec,937,0,43.95505181899898,21.33998166723949,6.397906944,937
P62944,folding,enc_dec,937,1,43.823035915998844,21.40426787861031,6.397914624,937
P62944,folding,enc_dec,937,2,45.284783008000886,20.71335971366529,6.397914624,937
P62944,folding,enc_cnn,937,0,0.44401121699957,2110.307046591815,6.017019392,937
P62944,folding,enc_cnn,937,1,0.4494399909999629,2084.8167024818167,6.017102336,937
P62944,folding,enc_cnn,937,2,0.4492294550000224,2085.7937732510286,6.017102336,937
P19809,inverse,enc_dec,939,0,43.952306576999035,21.38681842221945,6.39913984,939
P19809,inverse,enc_dec,939,1,44.688987061999796,21.034265079579445,6.39914752,939
P19809,inverse,enc_dec,939,2,44.076605808999375,21.32650603981114,6.39914752,939
P19809,inverse,enc_cnn,939,0,0.44395030600026075,2115.1015942749423,6.017737216,939
P19809,inverse,enc_cnn,939,1,0.45057919200007746,2083.984384258558,6.01782016,939
P19809,inverse,enc_cnn,939,2,0.4494060190008895,2089.424618939386,6.01782016,939
P19809,folding,enc_dec,939,0,44.70046932900004,21.02886198087773,6.39913984,939
P19809,folding,enc_dec,939,1,44.11337567800001,21.308729734523396,6.39914752,939
P19809,folding,enc_dec,939,2,44.06034231400008,21.334378051377893,6.39914752,939
P19809,folding,enc_cnn,939,0,0.44377698799871723,2115.927651486774,6.017737216,939
P19809,folding,enc_cnn,939,1,0.4505973279992759,2083.900506399605,6.01782016,939
P19809,folding,enc_cnn,939,2,0.44990089100065234,2087.126340006823,6.01782016,939
O76039,inverse,enc_dec,960,0,45.48894430300061,21.12601236904522,6.414535168,960
O76039,inverse,enc_dec,960,1,45.00075509599992,21.355197217244527,6.41454336,960
O76039,inverse,enc_dec,960,2,45.83080052200057,20.96843147085512,6.41454336,960
O76039,inverse,enc_cnn,960,0,0.4075266489999194,2355.674168439939,6.03355648,960
O76039,inverse,enc_cnn,960,1,0.4121266000001924,2329.381311469708,6.03364096,960
O76039,inverse,enc_cnn,960,2,0.4112701300000481,2334.23224779268,6.03364096,960
O76039,folding,enc_dec,960,0,44.945941617001154,21.381240784518223,6.414535168,960
O76039,folding,enc_dec,960,1,45.28872108699943,21.219411300087792,6.41454336,960
O76039,folding,enc_dec,960,2,45.069538488000035,21.32260573859372,6.41454336,960
O76039,folding,enc_cnn,960,0,0.410138970000844,2340.67004166423,6.03355648,960
O76039,folding,enc_cnn,960,1,0.41326777299946116,2322.9490967379443,6.03364096,960
O76039,folding,enc_cnn,960,2,0.4127717519986618,2325.7405463228315,6.03364096,960
P49744,inverse,enc_dec,980,0,45.69698173699908,21.467500975140382,6.430388736,980
P49744,inverse,enc_dec,980,1,46.67681691100006,21.016857294928638,6.430396928,980
P49744,inverse,enc_dec,980,2,45.93233824100025,21.357501872707562,6.430396928,980
P49744,inverse,enc_cnn,980,0,0.42230824799844413,2320.579824440489,6.049533952,980
P49744,inverse,enc_cnn,980,1,0.4248749670005054,2306.560932310315,6.049620992,980
P49744,inverse,enc_cnn,980,2,0.4253210249989934,2304.1419125760817,6.049620992,980
P49744,folding,enc_dec,980,0,45.67139012899861,21.479530122231235,6.430388736,980
P49744,folding,enc_dec,980,1,45.84802978699918,21.39677548975454,6.430396928,980
P49744,folding,enc_dec,980,2,46.1768723969999,21.244401127169787,6.430396928,980
P49744,folding,enc_cnn,980,0,0.4210635129984439,2327.4398511077393,6.049533952,980
P49744,folding,enc_cnn,980,1,0.4268406850005704,2295.938588887539,6.049620992,980
P49744,folding,enc_cnn,980,2,0.42696449299910455,2295.272829635637,6.049620992,980
P0C152,inverse,enc_dec,992,0,47.209390302999964,21.03395094973084,6.440884736,992
P0C152,inverse,enc_dec,992,1,46.5937671720003,21.311863372934692,6.440892928,992
P0C152,inverse,enc_dec,992,2,47.24129857800108,21.019743950527467,6.440892928,992
P0C152,inverse,enc_cnn,992,0,0.43161719599993376,2298.332895893592,6.058312704,992
P0C152,inverse,enc_cnn,992,1,0.43312365300153033,2290.33901317898,6.058400256,992
P0C152,inverse,enc_cnn,992,2,0.4343007839997881,2284.13126696194,6.058400256,992
P0C152,folding,enc_dec,992,0,46.91014144700057,21.16813058689876,6.440884736,992
P0C152,folding,enc_dec,992,1,46.02681696500076,21.57437914412128,6.440892928,992
P0C152,folding,enc_dec,992,2,47.159243737,21.056317305209802,6.440892928,992
P0C152,folding,enc_cnn,992,0,0.4294263480005611,2310.0585341789597,6.058312704,992
P0C152,folding,enc_cnn,992,1,0.43224089599971194,2295.016527081836,6.058400256,992
P0C152,folding,enc_cnn,992,2,0.43459396999969613,2282.5903451920735,6.058400256,992
Q8WZ75,inverse,enc_dec,1007,0,47.472170114997425,21.233493172066982,6.454339584,1007
Q8WZ75,inverse,enc_dec,1007,1,47.403120074999606,21.264423067620374,6.454347776,1007
Q8WZ75,inverse,enc_dec,1007,2,47.01114640000014,21.441723446250545,6.454347776,1007
Q8WZ75,inverse,enc_cnn,1007,0,0.48591381200094474,2072.3839807172267,6.070189056,1007
Q8WZ75,inverse,enc_cnn,1007,1,0.492530125000485,2044.5449910277232,6.070278144,1007
Q8WZ75,inverse,enc_cnn,1007,2,0.49357631699967897,2040.211341827114,6.070278144,1007
Q8WZ75,folding,enc_dec,1007,0,47.11384396599897,21.394985319547512,6.454339584,1007
Q8WZ75,folding,enc_dec,1007,1,47.847122199000296,21.06709774116908,6.454347776,1007
Q8WZ75,folding,enc_dec,1007,2,47.02800794799987,21.434035673264592,6.454347776,1007
Q8WZ75,folding,enc_cnn,1007,0,0.48579192999750376,2072.9039282418184,6.070189056,1007
Q8WZ75,folding,enc_cnn,1007,1,0.49920428399855155,2017.2102529531214,6.070278144,1007
Q8WZ75,folding,enc_cnn,1007,2,0.4960830749987508,2029.901947375519,6.070278144,1007
O43897,inverse,enc_dec,1013,0,47.759863994000625,21.231216238961107,6.458178048,1013
O43897,inverse,enc_dec,1013,1,47.56488962000003,21.318245624050274,6.45818624,1013
O43897,inverse,enc_dec,1013,2,48.00905882799998,21.12101392432655,6.45818624,1013
O43897,inverse,enc_cnn,1013,0,0.4953797009984555,2044.8960624713977,6.075490304,1013
O43897,inverse,enc_cnn,1013,1,0.5036362159989949,2011.3724307745606,6.075579904,1013
O43897,inverse,enc_cnn,1013,2,0.5036269459997129,2011.4094530608722,6.075579904,1013
O43897,folding,enc_dec,1013,0,47.801019925998844,21.212936493191606,6.458178048,1013
O43897,folding,enc_dec,1013,1,47.89534220900168,21.171160977933756,6.45818624,1013
O43897,folding,enc_dec,1013,2,47.433945516000676,21.377095853389466,6.45818624,1013
O43897,folding,enc_cnn,1013,0,0.49154594599895063,2060.8449896607685,6.075490304,1013
O43897,folding,enc_cnn,1013,1,0.5030233210018196,2013.823132459371,6.075579904,1013
O43897,folding,enc_cnn,1013,2,0.505057932001364,2005.710505299547,6.075579904,1013
B1GT61,inverse,enc_dec,1016,0,47.151523467000516,21.568762263042423,6.459999744,1016
B1GT61,inverse,enc_dec,1016,1,47.93194142900029,21.21758413450543,6.460007936,1016
B1GT61,inverse,enc_dec,1016,2,47.31836696100072,21.49271129407742,6.460007936,1016
B1GT61,inverse,enc_cnn,1016,0,0.448132240002451,2267.1879175540753,6.07817984,1016
B1GT61,inverse,enc_cnn,1016,1,0.4486728629999561,2264.4560966017225,6.07826944,1016
B1GT61,inverse,enc_cnn,1016,2,0.4494066729967017,2260.7585980536983,6.07826944,1016
B1GT61,folding,enc_dec,1016,0,47.6066901109989,21.362543743931393,6.459999744,1016
B1GT61,folding,enc_dec,1016,1,47.10448761700172,21.590299596697612,6.460007936,1016
B1GT61,folding,enc_dec,1016,2,47.61552744099754,21.358578906013562,6.460007936,1016
B1GT61,folding,enc_cnn,1016,0,0.44912486700195586,2262.177124108284,6.07817984,1016
B1GT61,folding,enc_cnn,1016,1,0.44806717700339505,2267.5171316829164,6.07826944,1016
B1GT61,folding,enc_cnn,1016,2,0.4484887090002303,2265.3859051766635,6.07826944,1016
Q8K3Z0,inverse,enc_dec,1020,0,47.97942899000191,21.27995312767809,6.462514688,1020
Q8K3Z0,inverse,enc_dec,1020,1,47.12285051700019,21.666770766162816,6.46252288,1020
Q8K3Z0,inverse,enc_dec,1020,2,48.28718499600291,21.144326389797126,6.46252288,1020
Q8K3Z0,inverse,enc_cnn,1020,0,0.4484150239986775,2274.6784684070003,6.081928704,1020
Q8K3Z0,inverse,enc_cnn,1020,1,0.45049501799803693,2264.175982528723,6.082018816,1020
Q8K3Z0,inverse,enc_cnn,1020,2,0.44953181800156017,2269.02737282205,6.082018816,1020
Q8K3Z0,folding,enc_dec,1020,0,47.3002300449989,21.585518696815544,6.462514688,1020
Q8K3Z0,folding,enc_dec,1020,1,48.278699587997835,21.14804269197471,6.46252288,1020
Q8K3Z0,folding,enc_dec,1020,2,47.529525525998906,21.481384228031217,6.46252288,1020
Q8K3Z0,folding,enc_cnn,1020,0,0.45007334500041907,2266.297285388119,6.081928704,1020
Q8K3Z0,folding,enc_cnn,1020,1,0.4500767930003349,2266.27992347795,6.082018816,1020
Q8K3Z0,folding,enc_cnn,1020,2,0.4526149310004257,2253.5712592279474,6.082018816,1020
O29316,inverse,enc_dec,1036,0,49.32003060900024,21.025939911131392,6.47678208,1036
O29316,inverse,enc_dec,1036,1,48.21519967199856,21.507740443979696,6.476790784,1036
O29316,inverse,enc_dec,1036,2,49.1195895790006,21.111739916559355,6.476790784,1036
O29316,inverse,enc_cnn,1036,0,0.46656349699696875,2220.490901384707,6.094751744,1036
O29316,inverse,enc_cnn,1036,1,0.4711458929996297,2198.8942605529924,6.094843392,1036
O29316,inverse,enc_cnn,1036,2,0.47021409700028016,2203.2516817533497,6.094843392,1036
O29316,folding,enc_dec,1036,0,48.82496925099986,21.239132679612776,6.47678208,1036
O29316,folding,enc_dec,1036,1,48.3948546779975,21.427897798223317,6.476790784,1036
O29316,folding,enc_dec,1036,2,49.02891502800048,21.15078417313065,6.476790784,1036
O29316,folding,enc_cnn,1036,0,0.46705251099774614,2218.1659997648517,6.094751744,1036
O29316,folding,enc_cnn,1036,1,0.4677772309987631,2214.7294296218947,6.094843392,1036
O29316,folding,enc_cnn,1036,2,0.47030234100020607,2202.8382801512485,6.094843392,1036
A0R152,inverse,enc_dec,1037,0,48.01977753599931,21.616093477772477,6.47736576,1037
A0R152,inverse,enc_dec,1037,1,49.06322615799945,21.156374769512798,6.477374464,1037
A0R152,inverse,enc_dec,1037,2,48.534700837000855,21.386760031467457,6.477374464,1037
A0R152,inverse,enc_cnn,1037,0,0.5217940649999946,1987.3740802322286,6.095048704,1037
A0R152,inverse,enc_cnn,1037,1,0.5257227859983686,1972.5224540737672,6.095140864,1037
A0R152,inverse,enc_cnn,1037,2,0.5250936800002819,1974.8857003943435,6.095140864,1037
A0R152,folding,enc_dec,1037,0,48.87322710100125,21.238622075331197,6.47736576,1037
A0R152,folding,enc_dec,1037,1,48.79290607800067,21.273584285810855,6.477374464,1037
A0R152,folding,enc_dec,1037,2,48.10462953200113,21.577964742654984,6.477374464,1037
A0R152,folding,enc_cnn,1037,0,0.5227972339998814,1983.5606092748287,6.095048704,1037
A0R152,folding,enc_cnn,1037,1,0.5309603329988022,1953.0649194510345,6.095140864,1037
A0R152,folding,enc_cnn,1037,2,0.5312468739975884,1952.011486103742,6.095140864,1037
P06756,inverse,enc_dec,1048,0,49.304975987000944,21.27574304623056,6.484910592,1048
P06756,inverse,enc_dec,1048,1,48.46732775700002,21.643446184187354,6.484919296,1048
P06756,inverse,enc_dec,1048,2,49.113440510001965,21.358715437302155,6.484919296,1048
P06756,inverse,enc_cnn,1048,0,0.4773893349993159,2195.273172580409,6.103743488,1048
P06756,inverse,enc_cnn,1048,1,0.4843836750005721,2163.5741543080744,6.10383616,1048
P06756,inverse,enc_cnn,1048,2,0.48001581100106705,2183.261417607076,6.10383616,1048
P06756,folding,enc_dec,1048,0,48.59973084200101,21.58448167975099,6.484910592,1048
P06756,folding,enc_dec,1048,1,49.42845925099755,21.22259151702831,6.484919296,1048
P06756,folding,enc_dec,1048,2,49.133425023999735,21.3500280000347,6.484919296,1048
P06756,folding,enc_cnn,1048,0,0.4812197719984397,2177.7991283437914,6.103743488,1048
P06756,folding,enc_cnn,1048,1,0.4803247160016326,2181.8573250276754,6.10383616,1048
P06756,folding,enc_cnn,1048,2,0.4736297250019561,2212.698960133196,6.10383616,1048
Q60307,inverse,enc_dec,1064,0,49.74208741199982,21.410440442092877,6.497151488,1064
Q60307,inverse,enc_dec,1064,1,50.11528526799884,21.251001452047138,6.497160192,1064
Q60307,inverse,enc_dec,1064,2,50.04133668199938,21.282405119747658,6.497160192,1064
Q60307,inverse,enc_cnn,1064,0,0.4837402830016799,2199.52738564116,6.117235712,1064
Q60307,inverse,enc_cnn,1064,1,0.4835786019975785,2200.2627816963,6.11732992,1064
Q60307,inverse,enc_cnn,1064,2,0.4844827249980881,2196.156736040896,6.11732992,1064
Q60307,folding,enc_dec,1064,0,49.64226624299772,21.453492771398675,6.497151488,1064
Q60307,folding,enc_dec,1064,1,49.97428190999926,21.310961544540096,6.497160192,1064
Q60307,folding,enc_dec,1064,2,50.282269996998366,21.180428012967113,6.497160192,1064
Q60307,folding,enc_cnn,1064,0,0.477579792997858,2227.8999564053415,6.117235712,1064
Q60307,folding,enc_cnn,1064,1,0.48464110200075083,2195.4390488290687,6.11732992,1064
Q60307,folding,enc_cnn,1064,2,0.4844838670032914,2196.1515593516588,6.11732992,1064
P42336,inverse,enc_dec,1068,0,49.414589949999936,21.633286870976075,6.500338176,1068
P42336,inverse,enc_dec,1068,1,50.25813939100044,21.270186540001962,6.50034688,1068
P42336,inverse,enc_dec,1068,2,50.18586138300088,21.30082000270489,6.50034688,1068
P42336,inverse,enc_cnn,1068,0,0.4940483620011946,2161.7316889260683,6.121146368,1068
P42336,inverse,enc_cnn,1068,1,0.4850710770006117,2201.7391896541653,6.121240576,1068
P42336,inverse,enc_cnn,1068,2,0.4844827860033547,2204.4126867958626,6.121240576,1068
P42336,folding,enc_dec,1068,0,50.25420427499921,21.271852085255542,6.500338176,1068
P42336,folding,enc_dec,1068,1,50.2209668760006,21.28593028962271,6.50034688,1068
P42336,folding,enc_dec,1068,2,49.23793235899939,21.710903540908237,6.50034688,1068
P42336,folding,enc_cnn,1068,0,0.4799979110030108,2225.0096834136034,6.121146368,1068
P42336,folding,enc_cnn,1068,1,0.4826576850027777,2212.7483580704898,6.121240576,1068
P42336,folding,enc_cnn,1068,2,0.48301661299774423,2211.1040723251226,6.121240576,1068
P00968,inverse,enc_dec,1073,0,50.52386399599709,21.257281511269426,6.50432256,1073
P00968,inverse,enc_dec,1073,1,50.08313524999903,21.444344381375778,6.504331264,1073
P00968,inverse,enc_dec,1073,2,49.64604350599984,21.63314383492019,6.504331264,1073
P00968,inverse,enc_cnn,1073,0,0.5540844829993148,1936.5277911984533,6.126867456,1073
P00968,inverse,enc_cnn,1073,1,0.5579731459984032,1923.0316148639001,6.126962176,1073
P00968,inverse,enc_cnn,1073,2,0.5580668759976106,1922.7086325126993,6.126962176,1073
P00968,folding,enc_dec,1073,0,50.484390563997295,21.2739024478968,6.50432256,1073
P00968,folding,enc_dec,1073,1,49.50563968200004,21.694497978388917,6.504331264,1073
P00968,folding,enc_dec,1073,2,50.11829417899935,21.429300769179594,6.504331264,1073
P00968,folding,enc_cnn,1073,0,0.5568867260008119,1926.78322161774,6.126867456,1073
P00968,folding,enc_cnn,1073,1,0.5606179110000085,1913.9595416886061,6.126962176,1073
P00968,folding,enc_cnn,1073,2,0.5582397790021787,1922.113114042008,6.126962176,1073
P16566,inverse,enc_dec,1080,0,50.62464270499913,21.35323712404695,6.509900288,1080
P16566,inverse,enc_dec,1080,1,49.87704122800278,21.673298443234184,6.509908992,1080
P16566,inverse,enc_dec,1080,2,50.57758727500186,21.37310334955989,6.509908992,1080
P16566,inverse,enc_cnn,1080,0,0.48831951700049103,2211.666669876138,6.130924544,1080
P16566,inverse,enc_cnn,1080,1,0.49875950799832935,2165.3722539232626,6.131019776,1080
P16566,inverse,enc_cnn,1080,2,0.49244882200218854,2193.1212985929333,6.131019776,1080
P16566,folding,enc_dec,1080,0,49.97687722200135,21.630002915110325,6.509900288,1080
P16566,folding,enc_dec,1080,1,50.42956590600079,21.435837897453883,6.509908992,1080
P16566,folding,enc_dec,1080,2,50.4695322339976,21.418863067484704,6.509908992,1080
P16566,folding,enc_cnn,1080,0,0.4973074009976699,2171.6950076217754,6.130924544,1080
P16566,folding,enc_cnn,1080,1,0.49343142799989437,2188.753976165927,6.131019776,1080
P16566,folding,enc_cnn,1080,2,0.4949374079988047,2182.0941043167386,6.131019776,1080
Q62959,inverse,enc_dec,1162,0,56.41259736200004,20.61596264637525,6.58104064,1162
Q62959,inverse,enc_dec,1162,1,56.52921191900009,20.57343381447536,6.581050368,1162
Q62959,inverse,enc_dec,1162,2,55.754340325000044,20.85936257555387,6.581050368,1162
Q62959,inverse,enc_cnn,1162,0,0.5643983869999829,2058.829413344931,6.205442048,1162
Q62959,inverse,enc_cnn,1162,1,0.570655036000062,2036.2564538900763,6.20554496,1162
Q62959,inverse,enc_cnn,1162,2,0.5700536140000168,2038.4047595915529,6.20554496,1162
Q62959,folding,enc_dec,1162,0,55.39300545700007,20.99543056754344,6.58104064,1162
Q62959,folding,enc_dec,1162,1,55.88661804599997,20.80999066794024,6.581050368,1162
Q62959,folding,enc_dec,1162,2,55.26172958799998,21.04530583227609,6.581050368,1162
Q62959,folding,enc_cnn,1162,0,0.5698709060000056,2039.0582985824312,6.205442048,1162
Q62959,folding,enc_cnn,1162,1,0.572648253999887,2029.1688517053078,6.20554496,1162
Q62959,folding,enc_cnn,1162,2,0.5723558249999314,2030.2055980650484,6.20554496,1162
D9I2H0,inverse,enc_dec,1218,0,58.586103973000036,20.806981815377036,6.619863552,1218
D9I2H0,inverse,enc_dec,1218,1,58.0819634909999,20.987582490886183,6.619873792,1218
D9I2H0,inverse,enc_dec,1218,2,58.10545110599992,20.979098807377248,6.619873792,1218
D9I2H0,inverse,enc_cnn,1218,0,0.6101235989999623,1996.3168151443283,6.257806848,1218
D9I2H0,inverse,enc_cnn,1218,1,0.6164143119999608,1975.9437383083953,6.25791488,1218
D9I2H0,inverse,enc_cnn,1218,2,0.6154556669998783,1979.021504403892,6.25791488,1218
D9I2H0,folding,enc_dec,1218,0,58.28433910900003,20.91470914202692,6.619863552,1218
D9I2H0,folding,enc_dec,1218,1,59.804453778999914,20.383097294135755,6.619873792,1218
D9I2H0,folding,enc_dec,1218,2,57.95732903599992,21.032715279940245,6.619873792,1218
D9I2H0,folding,enc_cnn,1218,0,0.6108314529999461,1994.0034096445054,6.257806848,1218
D9I2H0,folding,enc_cnn,1218,1,0.6129602169999089,1987.0783881561126,6.25791488,1218
D9I2H0,folding,enc_cnn,1218,2,0.6138620289998471,1984.1592124283409,6.25791488,1218
Q2I6J0,inverse,enc_dec,1226,0,58.89597381699991,20.833342595072857,6.626237952,1226
Q2I6J0,inverse,enc_dec,1226,1,58.41909501000009,21.003406502445202,6.626248192,1226
Q2I6J0,inverse,enc_dec,1226,2,60.29615039999999,20.349557838438724,6.626248192,1226
Q2I6J0,inverse,enc_cnn,1226,0,0.6159497440000905,1990.4221276855014,6.2649216,1226
Q2I6J0,inverse,enc_cnn,1226,1,0.6223236260000249,1970.0360853726465,6.265030144,1226
Q2I6J0,inverse,enc_cnn,1226,2,0.6209021849999772,1974.5461195309613,6.265030144,1226
Q2I6J0,folding,enc_dec,1226,0,59.64195851500017,20.5727650558525,6.626237952,1226
Q2I6J0,folding,enc_dec,1226,1,57.58937462499989,21.306013617785528,6.626248192,1226
Q2I6J0,folding,enc_dec,1226,2,57.466695428000094,21.351497434497617,6.626248192,1226
Q2I6J0,folding,enc_cnn,1226,0,0.6168835180001224,1987.4092340391508,6.2649216,1226
Q2I6J0,folding,enc_cnn,1226,1,0.619429977999971,1979.2390480656675,6.265030144,1226
Q2I6J0,folding,enc_cnn,1226,2,0.6214019069998358,1972.9582194544569,6.265030144,1226
Q96QP1,inverse,enc_dec,1244,0,58.3216561510003,21.34713041715717,6.640580096,1244
Q96QP1,inverse,enc_dec,1244,1,59.21944326100038,21.023500584307392,6.640590336,1244
Q96QP1,inverse,enc_dec,1244,2,64.37058285900002,19.34113293221376,6.640590336,1244
Q96QP1,inverse,enc_cnn,1244,0,0.6306113609998647,1972.6888491631012,6.283590144,1244
Q96QP1,inverse,enc_cnn,1244,1,0.635539405000145,1957.3923980366192,6.283700224,1244
Q96QP1,inverse,enc_cnn,1244,2,0.6360397210000883,1955.852691155789,6.283700224,1244
Q96QP1,folding,enc_dec,1244,0,61.131982120999965,20.365771839946927,6.640580096,1244
Q96QP1,folding,enc_dec,1244,1,61.69223941400014,20.18082034022363,6.640590336,1244
Q96QP1,folding,enc_dec,1244,2,60.54475824000019,20.563299552123144,6.640590336,1244
Q96QP1,folding,enc_cnn,1244,0,0.6325755879997814,1966.563401432478,6.283590144,1244
Q96QP1,folding,enc_cnn,1244,1,0.6378532080002515,1950.2919863021361,6.283700224,1244
Q96QP1,folding,enc_cnn,1244,2,0.6363596780001899,1954.8693027021563,6.283700224,1244
A3DH19,inverse,enc_dec,1251,0,62.06127038800014,20.173612176686614,6.646157824,1251
A3DH19,inverse,enc_dec,1251,1,60.870532597999954,20.56824454401336,6.646168064,1251
A3DH19,inverse,enc_dec,1251,2,62.327252669000245,20.087521050365634,6.646168064,1251
A3DH19,inverse,enc_cnn,1251,0,0.7380650089999108,1694.9726443408065,6.290238976,1251
A3DH19,inverse,enc_cnn,1251,1,0.7450722769999629,1679.0317377491986,6.290349568,1251
A3DH19,inverse,enc_cnn,1251,2,0.7437666569999237,1681.9791371746426,6.290349568,1251
A3DH19,folding,enc_dec,1251,0,61.05788773600034,20.505131219300406,6.646157824,1251
A3DH19,folding,enc_dec,1251,1,61.50301771800014,20.35672470155194,6.646168064,1251
A3DH19,folding,enc_dec,1251,2,61.07516836900004,20.49932948912636,6.646168064,1251
A3DH19,folding,enc_cnn,1251,0,0.7367466970003989,1698.005576534431,6.290238976,1251
A3DH19,folding,enc_cnn,1251,1,0.7404925850000836,1689.4159716668314,6.290349568,1251
A3DH19,folding,enc_cnn,1251,2,0.7390930520000438,1692.6150186565762,6.290349568,1251
P04626,inverse,enc_dec,1255,0,62.001973907999854,20.25741957608778,6.649345024,1255
P04626,inverse,enc_dec,1255,1,62.28231989699998,20.16623661541707,6.649355264,1255
P04626,inverse,enc_dec,1255,2,61.258297645999846,20.503344824536054,6.649355264,1255
P04626,inverse,enc_cnn,1255,0,0.739783319000253,1696.4426849959439,6.293487104,1255
P04626,inverse,enc_cnn,1255,1,0.7446381220001967,1685.3824198912937,6.293598208,1255
P04626,inverse,enc_cnn,1255,2,0.7470383139998376,1679.9673811647,6.293598208,1255
P04626,folding,enc_dec,1255,0,62.29884388099981,20.160887775046827,6.649345024,1255
P04626,folding,enc_dec,1255,1,61.30361038199999,20.48818971955341,6.649355264,1255
P04626,folding,enc_dec,1255,2,61.16244570800018,20.5354770474084,6.649355264,1255
P04626,folding,enc_cnn,1255,0,0.7432730929999707,1688.477642766021,6.293487104,1255
P04626,folding,enc_cnn,1255,1,0.7475402089999079,1678.8394589222085,6.293598208,1255
P04626,folding,enc_cnn,1255,2,0.7468138230001387,1680.4723765802162,6.293598208,1255
P0DTC2,inverse,enc_dec,1273,0,60.969972181999765,20.89553192179616,6.66368768,1273
P0DTC2,inverse,enc_dec,1273,1,60.806873644999996,20.951578721803894,6.66369792,1273
P0DTC2,inverse,enc_dec,1273,2,60.45848256199997,21.072311874409305,6.66369792,1273
P0DTC2,inverse,enc_cnn,1273,0,0.7595946420001383,1675.8938644537836,6.311541248,1273
P0DTC2,inverse,enc_cnn,1273,1,0.7654150729999856,1663.149897232327,6.311653376,1273
P0DTC2,inverse,enc_cnn,1273,2,0.7663440599999376,1661.1337732559755,6.311653376,1273
P0DTC2,folding,enc_dec,1273,0,60.23997300200017,21.14874785813232,6.66368768,1273
P0DTC2,folding,enc_dec,1273,1,60.87461096700008,20.92826516280541,6.66369792,1273
P0DTC2,folding,enc_dec,1273,2,60.26539602599996,21.139826235446378,6.66369792,1273
P0DTC2,folding,enc_cnn,1273,0,0.7593196990001161,1676.500690916232,6.311541248,1273
P0DTC2,folding,enc_cnn,1273,1,0.7652669650001371,1663.4717794198418,6.311653376,1273
P0DTC2,folding,enc_cnn,1273,2,0.7606869439996444,1673.4873787982287,6.311653376,1273
Q55434,inverse,enc_dec,1276,0,61.529652026999884,20.75422106141017,6.666077696,1276
Q55434,inverse,enc_dec,1276,1,60.26579805499932,21.189464691641415,6.666087936,1276
Q55434,inverse,enc_dec,1276,2,61.1470990859998,20.884065132901476,6.666087936,1276
Q55434,inverse,enc_cnn,1276,0,0.6576070769997386,1940.3684124289118,6.315883008,1276
Q55434,inverse,enc_cnn,1276,1,0.6608137310004167,1930.952612119973,6.315995648,1276
Q55434,inverse,enc_cnn,1276,2,0.6629056879992277,1924.859030628029,6.315995648,1276
Q55434,folding,enc_dec,1276,0,61.0459038099998,20.91868447020711,6.666077696,1276
Q55434,folding,enc_dec,1276,1,61.028964468000595,20.924490709154522,6.666087936,1276
Q55434,folding,enc_dec,1276,2,60.0381525570001,21.269808373727336,6.666087936,1276
Q55434,folding,enc_cnn,1276,0,0.6584172000002582,1937.9809640445294,6.315883008,1276
Q55434,folding,enc_cnn,1276,1,0.6616937679991679,1928.384490998568,6.315995648,1276
Q55434,folding,enc_cnn,1276,2,0.6625587600001381,1925.8669223537759,6.315995648,1276
P12821,inverse,enc_dec,1306,0,61.56031845199959,21.231209208560326,6.689985024,1306
P12821,inverse,enc_dec,1306,1,62.27141761299936,20.98876258322341,6.689995776,1306
P12821,inverse,enc_dec,1306,2,62.460774133000086,20.925132903683767,6.689995776,1306
P12821,inverse,enc_cnn,1306,0,0.7082568079995326,1843.96391993575,6.345287168,1306
P12821,inverse,enc_cnn,1306,1,0.710619205000512,1837.833808613516,6.34540288,1306
P12821,inverse,enc_cnn,1306,2,0.7103209329998208,1838.6055363517346,6.34540288,1306
P12821,folding,enc_dec,1306,0,61.670699774999775,21.193208521526053,6.689985024,1306
P12821,folding,enc_dec,1306,1,62.45314832099939,20.927687957094253,6.689995776,1306
P12821,folding,enc_dec,1306,2,61.784481968000364,21.15417914609895,6.689995776,1306
P12821,folding,enc_cnn,1306,0,0.7076313159996062,1845.5938431090108,6.345287168,1306
P12821,folding,enc_cnn,1306,1,0.7123680690001493,1833.3219256065875,6.34540288,1306
P12821,folding,enc_cnn,1306,2,0.7110634580003534,1836.685580317574,6.34540288,1306
Q9CAF4,inverse,enc_dec,1309,0,62.56685306899999,20.937604110523274,6.69237504,1309
Q9CAF4,inverse,enc_dec,1309,1,62.62022405599964,20.919759067430054,6.692385792,1309
Q9CAF4,inverse,enc_dec,1309,2,64.22880468999938,20.3958334009596,6.692385792,1309
Q9CAF4,inverse,enc_cnn,1309,0,0.8103491299998495,1615.3531256339388,6.348806656,1309
Q9CAF4,inverse,enc_cnn,1309,1,0.8177147770002193,1600.80267205401,6.348922368,1309
Q9CAF4,inverse,enc_cnn,1309,2,0.8183436919998712,1599.5724202395465,6.348922368,1309
Q9CAF4,folding,enc_dec,1309,0,61.33741728199948,21.357273554203626,6.69237504,1309
Q9CAF4,folding,enc_dec,1309,1,63.34185253099986,20.681428591923147,6.692385792,1309
Q9CAF4,folding,enc_dec,1309,2,62.531768127999385,20.94935165304291,6.692385792,1309
Q9CAF4,folding,enc_cnn,1309,0,0.8147119269997347,1606.7028806372516,6.348806656,1309
Q9CAF4,folding,enc_cnn,1309,1,0.8219951470000524,1592.4668226781107,6.348922368,1309
Q9CAF4,folding,enc_cnn,1309,2,0.8196530169998368,1597.0172412605914,6.348922368,1309
F3Y5P4,inverse,enc_dec,1319,0,62.926832384999216,20.976743147088197,6.700343296,1319
F3Y5P4,inverse,enc_dec,1319,1,62.062095907000185,21.269020659212266,6.700354048,1319
F3Y5P4,inverse,enc_dec,1319,2,62.87866128399946,20.992813349477213,6.700354048,1319
F3Y5P4,inverse,enc_cnn,1319,0,0.8218027089997122,1605.0080944676733,6.360871424,1319
F3Y5P4,inverse,enc_cnn,1319,1,0.8309168289997615,1587.4031599381394,6.36098816,1319
F3Y5P4,inverse,enc_cnn,1319,2,0.8300287100000787,1589.1016589051178,6.36098816,1319
F3Y5P4,folding,enc_dec,1319,0,64.00071491200015,20.62476961101101,6.700343296,1319
F3Y5P4,folding,enc_dec,1319,1,62.694491549000304,21.054481301093638,6.700354048,1319
F3Y5P4,folding,enc_dec,1319,2,62.60311933899993,21.085211311150726,6.700354048,1319
F3Y5P4,folding,enc_cnn,1319,0,0.8258225030003814,1597.195517448125,6.360871424,1319
F3Y5P4,folding,enc_cnn,1319,1,0.8322971850002432,1584.7704687354128,6.36098816,1319
F3Y5P4,folding,enc_cnn,1319,2,0.8314841139999771,1586.3201446564694,6.36098816,1319
F4IDB2,inverse,enc_dec,1325,0,62.961908215999756,21.06035280015607,6.70512384,1325
F4IDB2,inverse,enc_dec,1325,1,63.292596612000125,20.950317588148906,6.705134592,1325
F4IDB2,inverse,enc_dec,1325,2,62.739599737999924,21.13497704061495,6.705134592,1325
F4IDB2,inverse,enc_cnn,1325,0,0.827938307000295,1600.3607863013492,6.365097472,1325
F4IDB2,inverse,enc_cnn,1325,1,0.8346035189997565,1587.5801741022692,6.36521472,1325
F4IDB2,inverse,enc_cnn,1325,2,0.8335237479996067,1589.636771813519,6.36521472,1325
F4IDB2,folding,enc_dec,1325,0,61.698530024999855,21.49159792725553,6.70512384,1325
F4IDB2,folding,enc_dec,1325,1,62.59250427899951,21.18464527460819,6.705134592,1325
F4IDB2,folding,enc_dec,1325,2,62.948730917999455,21.064761444155593,6.705134592,1325
F4IDB2,folding,enc_cnn,1325,0,0.8306187689995568,1595.1963156285324,6.365097472,1325
F4IDB2,folding,enc_cnn,1325,1,0.8385445290005009,1580.1188299198939,6.36521472,1325
F4IDB2,folding,enc_cnn,1325,2,0.8370238640000025,1582.9895143825863,6.36521472,1325
Q2G0L4,inverse,enc_dec,1349,0,63.87244994499997,21.13587315286127,6.73602048,1349
Q2G0L4,inverse,enc_dec,1349,1,63.91272690799997,21.122553602559872,6.736031744,1349
Q2G0L4,inverse,enc_dec,1349,2,63.16805254300016,21.371562770294673,6.736031744,1349
Q2G0L4,inverse,enc_cnn,1349,0,0.8615022320000207,1565.869419593062,6.390516736,1349
Q2G0L4,inverse,enc_cnn,1349,1,0.8660340039996299,1557.6755575068348,6.390636032,1349
Q2G0L4,inverse,enc_cnn,1349,2,0.8669244050006455,1556.075699586512,6.390636032,1349
Q2G0L4,folding,enc_dec,1349,0,64.43322558399996,20.951923293674618,6.73602048,1349
Q2G0L4,folding,enc_dec,1349,1,63.839580638999905,21.146755453078253,6.736031744,1349
Q2G0L4,folding,enc_dec,1349,2,64.1777763199998,21.035319037367426,6.736031744,1349
Q2G0L4,folding,enc_cnn,1349,0,0.8634538079995764,1562.3302456970134,6.390516736,1349
Q2G0L4,folding,enc_cnn,1349,1,0.8670741440000711,1555.8069737573553,6.390636032,1349
Q2G0L4,folding,enc_cnn,1349,2,0.8707699619999403,1549.2036460487052,6.390636032,1349
A4YHQ8,inverse,enc_dec,1360,0,64.3549685349999,21.148328264037776,6.736232448,1360
A4YHQ8,inverse,enc_dec,1360,1,64.279319493,21.173217307445398,6.736243712,1360
A4YHQ8,inverse,enc_dec,1360,2,64.3267968729997,21.157590089352972,6.736243712,1360
A4YHQ8,inverse,enc_cnn,1360,0,0.7534028089994536,1805.1432563758683,6.402313216,1360
A4YHQ8,inverse,enc_cnn,1360,1,0.7563825879997239,1798.0318711415082,6.402433536,1360
A4YHQ8,inverse,enc_cnn,1360,2,0.7556051319998005,1799.8818991615306,6.402433536,1360
A4YHQ8,folding,enc_dec,1360,0,64.06255024999973,21.244861384518575,6.736232448,1360
A4YHQ8,folding,enc_dec,1360,1,63.813810859000114,21.327671575784734,6.736243712,1360
A4YHQ8,folding,enc_dec,1360,2,62.98311817800004,21.608965058757544,6.736243712,1360
A4YHQ8,folding,enc_cnn,1360,0,0.751317277000453,1810.1540342977896,6.402313216,1360
A4YHQ8,folding,enc_cnn,1360,1,0.7554758100004619,1800.1900021116076,6.402433536,1360
A4YHQ8,folding,enc_cnn,1360,2,0.755573282000114,1799.9577703434395,6.402433536,1360
O60885,inverse,enc_dec,1362,0,63.860861686000135,21.343276053833815,6.736269312,1362
O60885,inverse,enc_dec,1362,1,64.42681007099964,21.155789003024466,6.736280576,1362
O60885,inverse,enc_dec,1362,2,64.05716948600002,21.277868050318546,6.736280576,1362
O60885,inverse,enc_cnn,1362,0,0.7500321049992635,1815.9222664226318,6.406331392,1362
O60885,inverse,enc_cnn,1362,1,0.7538722999997844,1806.6720318552484,6.406451712,1362
O60885,inverse,enc_cnn,1362,2,0.753141556000628,1808.4249755551455,6.406451712,1362
O60885,folding,enc_dec,1362,0,63.72979499699977,21.387170632891042,6.736269312,1362
O60885,folding,enc_dec,1362,1,63.67470462900019,21.40567448159361,6.736280576,1362
O60885,folding,enc_dec,1362,2,62.610787339000126,21.769411597080975,6.736280576,1362
O60885,folding,enc_cnn,1362,0,0.7494666990005499,1817.2922183417795,6.406331392,1362
O60885,folding,enc_cnn,1362,1,0.7545552729998235,1805.0367530866338,6.406451712,1362
O60885,folding,enc_cnn,1362,2,0.7560485650001283,1801.4715761014227,6.406451712,1362
B2SU53,inverse,enc_dec,1373,0,63.91120007999962,21.49857925183883,6.743371776,1373
B2SU53,inverse,enc_dec,1373,1,64.87376269099968,21.179594692919252,6.74338304,1373
B2SU53,inverse,enc_dec,1373,2,65.7719148290007,20.890375528403567,6.74338304,1373
B2SU53,inverse,enc_cnn,1373,0,0.8790936259993032,1561.835917578463,6.416376832,1373
B2SU53,inverse,enc_cnn,1373,1,0.8822883409993665,1556.1806001480256,6.416498176,1373
B2SU53,inverse,enc_cnn,1373,2,0.8834215810002206,1554.1843549321864,6.416498176,1373
B2SU53,folding,enc_dec,1373,0,64.3728779940011,21.34439289988002,6.743371776,1373
B2SU53,folding,enc_dec,1373,1,64.39095949699913,21.338399221462662,6.74338304,1373
B2SU53,folding,enc_dec,1373,2,64.44019107399981,21.322096925848168,6.74338304,1373
B2SU53,folding,enc_cnn,1373,0,0.8786230890000297,1562.6723417462497,6.416376832,1373
B2SU53,folding,enc_cnn,1373,1,0.8841439359985088,1552.9145697859717,6.416498176,1373
B2SU53,folding,enc_cnn,1373,2,0.8853398430001107,1550.8169104277263,6.416498176,1373
A9KTE6,inverse,enc_dec,1377,0,64.17979080199984,21.47093318286512,6.746559488,1377
A9KTE6,inverse,enc_dec,1377,1,64.40034137500152,21.39740210344448,6.746570752,1377
A9KTE6,inverse,enc_dec,1377,2,63.68407266199938,21.638063371255775,6.746570752,1377
A9KTE6,inverse,enc_cnn,1377,0,0.8837762769999244,1558.0866287499564,6.420729856,1377
A9KTE6,inverse,enc_cnn,1377,1,0.8895433440011402,1547.985277261807,6.420851712,1377
A9KTE6,inverse,enc_cnn,1377,2,0.8912157510003453,1545.0804122956602,6.420851712,1377
A9KTE6,folding,enc_dec,1377,0,64.25230046800061,21.446702919007254,6.746559488,1377
A9KTE6,folding,enc_dec,1377,1,64.97202344300058,21.20912859069116,6.746570752,1377
A9KTE6,folding,enc_dec,1377,2,65.58297332700022,21.01155117089947,6.746570752,1377
A9KTE6,folding,enc_cnn,1377,0,0.8845634960016469,1556.7000065277805,6.420729856,1377
A9KTE6,folding,enc_cnn,1377,1,0.8902102619995276,1546.8255745637887,6.420851712,1377
A9KTE6,folding,enc_cnn,1377,2,0.8902640630003589,1546.732095822501,6.420851712,1377
O88093,inverse,enc_dec,1377,0,64.74009479300003,21.285109396364295,6.746559488,1377
O88093,inverse,enc_dec,1377,1,64.65493252300075,21.3131457450641,6.746570752,1377
O88093,inverse,enc_dec,1377,2,64.9554832470003,21.214529260909426,6.746570752,1377
O88093,inverse,enc_cnn,1377,0,0.8872769259996858,1551.9393772677547,6.420729856,1377
O88093,inverse,enc_cnn,1377,1,0.8899228360005509,1547.3251660654628,6.420851712,1377
O88093,inverse,enc_cnn,1377,2,0.8939870729991526,1540.2907285677331,6.420851712,1377
O88093,folding,enc_dec,1377,0,63.58204985100019,21.672783485735998,6.746559488,1377
O88093,folding,enc_dec,1377,1,64.62537439199878,21.322893878207214,6.746570752,1377
O88093,folding,enc_dec,1377,2,64.51484711800003,21.35942440473566,6.746570752,1377
O88093,folding,enc_cnn,1377,0,0.8872679509986483,1551.9550756343026,6.420729856,1377
O88093,folding,enc_cnn,1377,1,0.8915087579989631,1544.572599702494,6.420851712,1377
O88093,folding,enc_cnn,1377,2,0.8896986969994032,1547.7149788395427,6.420851712,1377
P02452,inverse,enc_dec,1464,0,68.36388312999952,21.42944392456734,6.816899072,1464
P02452,inverse,enc_dec,1464,1,68.56306196700098,21.367190407935638,6.816910848,1464
P02452,inverse,enc_dec,1464,2,68.2380419229994,21.46896304048588,6.816910848,1464
P02452,inverse,enc_cnn,1464,0,0.8549728310008504,1712.335113954684,6.519464448,1464
P02452,inverse,enc_cnn,1464,1,0.8595512680003594,1703.214286921845,6.519593472,1464
P02452,inverse,enc_cnn,1464,2,0.8586711869993451,1704.9599685719006,6.519593472,1464
P02452,folding,enc_dec,1464,0,68.9062431300008,21.26077309476998,6.816899072,1464
P02452,folding,enc_dec,1464,1,68.26320691600085,21.461048582184393,6.816910848,1464
P02452,folding,enc_dec,1464,2,67.97340283800077,21.55254759705787,6.816910848,1464
P02452,folding,enc_cnn,1464,0,0.859493455998745,1703.3288500129518,6.519464448,1464
P02452,folding,enc_cnn,1464,1,0.8642821199991886,1693.8913418703773,6.519593472,1464
P02452,folding,enc_cnn,1464,2,0.8639934059992811,1694.4573764504148,6.519593472,1464
P02458,inverse,enc_dec,1487,0,69.60063315499974,21.379115857843455,6.839175168,1487
P02458,inverse,enc_dec,1487,1,69.44466904300134,21.427130699962074,6.839097344,1487
P02458,inverse,enc_dec,1487,2,69.24223525099842,21.48977419065258,6.839097344,1487
P02458,inverse,enc_cnn,1487,0,1.0135650659995008,1467.0987091821617,6.54641152,1487
P02458,inverse,enc_cnn,1487,1,1.0222371820000262,1454.652624834734,6.546543104,1487
P02458,inverse,enc_cnn,1487,2,1.018715914000495,1459.6807407872468,6.546543104,1487
P02458,folding,enc_dec,1487,0,69.26658189900081,21.482220707377863,6.839085056,1487
P02458,folding,enc_dec,1487,1,69.20351527499952,21.501797908487973,6.839097344,1487
P02458,folding,enc_dec,1487,2,70.29654997699981,21.167468396199467,6.839097344,1487
P02458,folding,enc_cnn,1487,0,1.0206453110004077,1456.9214045009276,6.54641152,1487
P02458,folding,enc_cnn,1487,1,1.0254382800012536,1450.1116537195999,6.546543104,1487
P02458,folding,enc_cnn,1487,2,1.0294373070009897,1444.4784445708556,6.546543104,1487
B6A880,inverse,enc_dec,1487,0,76.81828688099995,19.37038770865949,6.839085056,1487
B6A880,inverse,enc_dec,1487,1,73.6751304010013,20.19677456831182,6.839097344,1487
B6A880,inverse,enc_dec,1487,2,72.39850568899965,20.552910392818912,6.839097344,1487
B6A880,inverse,enc_cnn,1487,0,1.0190522970005986,1459.1989090027305,6.54641152,1487
B6A880,inverse,enc_cnn,1487,1,1.023780325998814,1452.4600270563535,6.546543104,1487
B6A880,inverse,enc_cnn,1487,2,1.0277622760004306,1446.8326331130847,6.546543104,1487
B6A880,folding,enc_dec,1487,0,71.26655600799859,20.87935889357407,6.839085056,1487
B6A880,folding,enc_dec,1487,1,72.23420563599939,20.599658941337132,6.839097344,1487
B6A880,folding,enc_dec,1487,2,71.68519428400032,20.757424386755304,6.839097344,1487
B6A880,folding,enc_cnn,1487,0,1.016151636998984,1463.364271489617,6.54641152,1487
B6A880,folding,enc_cnn,1487,1,1.0246286219989997,1451.2575269456524,6.546543104,1487
B6A880,folding,enc_cnn,1487,2,1.0190857159996085,1459.151057319472,6.546543104,1487
