direction,protein_id,pipeline,length,latency_s_median,latency_s_min,latency_s_std,tokens_per_s,tokens_per_s_std,peak_vram_gb
folding,P02798,enc_cnn,61,0.04758923000008508,0.046844518999932916,0.000899702901249879,1281.8026263482502,24.06572998283765,5.653200384
folding,Q941C7,enc_cnn,75,0.02886472499994852,0.02804174500033696,0.0006763164657418953,2598.327196955237,61.667694825191795,5.654324224
folding,B3H5J1,enc_cnn,88,0.028496875999735494,0.02835330600009911,0.00014393415330195782,3088.0577927495215,15.597392686558091,5.655449088
folding,P0A7U3,enc_cnn,92,0.028594884000085585,0.02843406900001355,0.0008455010937557988,3217.358741505111,91.07367042597778,5.655799808
folding,P01308,enc_cnn,110,0.028355463000025338,0.0281593940003404,0.00045728443230333546,3879.323007347886,61.421979168109225,5.658450944
folding,P61769,enc_cnn,119,0.02895491899971603,0.02836921300013273,0.001013932835176993,4109.837088515671,139.67131565468796,5.658678272
folding,P00698,enc_cnn,147,0.03417318699985117,0.03128481900012048,0.005192363895743699,4301.618107805989,581.5220750668113,5.66155264
folding,P68871,enc_cnn,147,0.034903800999927626,0.029244318999644747,0.005972871722541849,4211.575696306108,730.3687669808409,5.66155264
folding,P0DP27,enc_cnn,149,0.03506646499999988,0.02934790100016471,0.0057390686952515065,4249.073865871582,716.7371682800933,5.661773824
folding,P16949,enc_cnn,149,0.037320214999908785,0.0365525100000923,0.0008598623007111012,3992.4743198924275,91.52531570952402,5.661773824
folding,P00441,enc_cnn,154,0.035659797999869625,0.03095158399992215,0.004373144006033556,4318.58868074808,551.2963810621742,5.662336
folding,P68082,enc_cnn,154,0.03486771100006081,0.031282674000067345,0.005137367893380653,4416.693714127991,604.7041037693365,5.662336
folding,P0A7Y4,enc_cnn,155,0.03688025600013134,0.0345713629999409,0.002260558490782894,4202.790783216039,259.53921379977936,5.664529408
folding,P04808,enc_cnn,185,0.03781875200002105,0.03703345599979002,0.0029637173587424713,4891.7531704879375,345.7765804377615,5.667718144
folding,P0A7L0,enc_cnn,234,0.050379474999772356,0.036456301000271196,0.008438718872636723,4644.748679914933,1059.4839368869634,5.678350336
folding,P42212,enc_cnn,238,0.04930863500021587,0.03504004500018709,0.008416916415451331,4826.740792945456,1151.927880874765,5.678895616
folding,P00766,enc_cnn,245,0.05358565999995335,0.0396673870000086,0.008465898396158777,4572.118734755031,961.3456205709771,5.679869952
folding,P63101,enc_cnn,245,0.05613453199975993,0.03907172100025491,0.010245968222839207,4364.514876529973,1129.9463706799581,5.679869952
folding,P15378,enc_cnn,248,0.053732377999949676,0.03818459099966276,0.009201833512006758,4615.466674492468,1103.9080682324852,5.680293888
folding,P05089,enc_cnn,322,0.08395151899958364,0.0751406020003742,0.0054992249781410105,3835.5470375895993,278.0222385771924,5.698401792
folding,P00784,enc_cnn,345,0.0955640090005545,0.08609174499997607,0.006634814083829927,3610.145740097594,271.0632475997593,5.705037824
folding,P02572,enc_cnn,376,0.09883718199944269,0.09102641199933714,0.00558285771579636,3804.2363450034436,227.88419767944004,5.714621952
folding,O65508,enc_cnn,377,0.10351524299949233,0.09497364700018807,0.005832474359346798,3641.975704021184,219.57046569878398,5.714944512
folding,P04637,enc_cnn,393,0.1220446549996268,0.11720182800036127,0.004346462724105069,3220.132827621183,115.9661932149087,5.72606976
folding,P0AEX9,enc_cnn,396,0.11380897499930143,0.10632795699984854,0.004385028537074685,3479.514686802431,143.3487656624459,5.726088192
folding,P0DTC9,enc_cnn,419,0.12752555400038545,0.12067019999994955,0.004366281712687712,3285.615995039971,118.11836877675638,5.7313792
folding,O59010,enc_cnn,425,0.13235775999964972,0.1251602840002306,0.004356787621923501,3210.994202388472,111.45193981327586,5.734152704
folding,P60705,enc_cnn,429,0.1327642169999308,0.12574022399985552,0.004407487643591845,3231.292359448206,112.66830922573561,5.735276032
folding,P0A855,enc_cnn,430,0.12228345499988791,0.11647705499945005,0.003997241560769664,3516.4201076948157,119.31240410142317,5.73555712
folding,P0A6P9,enc_cnn,432,0.12605222799993498,0.1222022290003224,0.003203158367875093,3427.1508473473614,88.23414077401937,5.736123904
folding,P56252,enc_cnn,433,0.13512920500033943,0.12871251700016728,0.003842020155935926,3204.3406160712066,95.46740552128352,5.736409088
folding,P34690,enc_cnn,448,0.1284889580001618,0.1230257809993418,0.003774930203347633,3486.680933309739,105.87331782711883,5.741259264
folding,P00439,enc_cnn,452,0.13083734500014543,0.12532560500039835,0.0033693381318187347,3454.671141481032,92.62220791780099,5.742673408
folding,P02994,enc_cnn,458,0.13118468700031372,0.12379384799987747,0.004304830544071517,3491.261140859411,121.34410980192749,5.744816128
folding,O14926,enc_cnn,492,0.1430492059998869,0.1362977700000556,0.004277109962808844,3439.375958510311,107.35550524718157,5.75748352
folding,P08684,enc_cnn,503,0.159305709000364,0.15355613399970025,0.004271852323668335,3157.4511871313457,86.66894947702882,5.763594752
folding,P0ABB0,enc_cnn,513,0.17105961800007208,0.16778986299959797,0.0029076314546468535,2998.9544347034835,51.25000303985666,5.766858752
folding,P0AG67,enc_cnn,557,0.19018943599985505,0.18400551299964718,0.003589052878994348,2928.6589818817515,57.114015951240944,5.788794368
folding,Q13117,enc_cnn,558,0.16874557199935225,0.16674319399953674,0.0023489487822623443,3306.7534358895173,45.826506079693694,5.789098496
folding,P02768,enc_cnn,609,0.21511203599948203,0.21078420100002404,0.003299048789059968,2831.082868842664,43.93631173357381,5.81117696
folding,A0A1B0GR13,enc_cnn,642,0.223910041999261,0.22035299599974678,0.002154383748345744,2867.222900177558,28.008722100608328,5.82769152
folding,P10591,enc_cnn,642,0.2239313330001096,0.22222064000015962,0.001068042027897447,2866.950289621532,13.769347195325107,5.82769152
folding,P23246,enc_cnn,707,0.28056738000123005,0.2758793079992756,0.0031081284127158996,2519.8937951977896,28.303877242820263,5.86382848
folding,D4GQN5,enc_cnn,717,0.28683791199910047,0.2819285929999751,0.0028855868511824187,2499.669569489296,25.576308080862034,5.872268288
folding,P07901,enc_cnn,733,0.29341450500032806,0.28789497800062236,0.0036714533199329424,2498.172338137068,31.74706247272877,5.878733824
folding,P18278,enc_cnn,742,0.26241218900031527,0.2584654389993375,0.002752376965595826,2827.612554228983,29.9919069769219,5.884760576
folding,P15056,enc_cnn,766,0.27186890700068034,0.26743792300112545,0.0032825602540440227,2817.5344082215447,34.375216418913055,5.900368384
folding,P05067,enc_cnn,770,0.2952046509999491,0.2911872120002954,0.0025625137897169587,2608.3599882040235,22.915591294061976,5.902827008
folding,O81472,enc_cnn,773,0.3312575399995694,0.32690006000120775,0.002948590276705771,2333.5317891964205,20.98896088307593,5.90610688
folding,P04150,enc_cnn,777,0.3329328269992402,0.32910671399986313,0.0022531899887261674,2333.8041099857455,15.974272620105863,5.907155968
folding,P31554,enc_cnn,784,0.30311446899941075,0.29951728400010325,0.0020770643963387886,2586.481610686569,17.93646687754418,5.91274752
folding,P56201,enc_cnn,797,0.34416330700150866,0.33856156399997417,0.0034670019521765376,2315.7611046447387,23.682746287915947,5.919873536
folding,P21802,enc_cnn,821,0.358811586000229,0.3543689850012015,0.002685273188534616,2288.1089464025167,17.327373174835508,5.935218176
folding,F4IP69,enc_cnn,838,0.32424783799979195,0.3188646210001025,0.003181207979753327,2584.4428298101334,25.77352867296935,5.946458624
folding,P28366,enc_cnn,841,0.37401656300062314,0.3714164280008845,0.0018546292202269766,2248.5635214999793,11.204339238523698,5.9484672
folding,B0R8E4,enc_cnn,852,0.3417426429987245,0.3370207389998541,0.0031178906449520656,2493.1041456338826,23.00875859187053,5.957921792
folding,A0A0K1IRS6,enc_cnn,855,0.38409788699937053,0.3789934809992701,0.003083189757038342,2225.995062559147,18.096748720470266,5.958646784
folding,P0A9Q7,enc_cnn,891,0.4047586280012183,0.4001240739999048,0.002932745152747776,2201.311938425975,16.11397795647672,5.98430208
folding,P10408,enc_cnn,901,0.424945528000535,0.4207995110009506,0.0024765777203330005,2120.27175398082,12.474138472142808,5.991023104
folding,P19367,enc_cnn,917,0.4335886330009089,0.430633456000578,0.003016898036957249,2114.9078416870716,14.71143262876013,6.003505152
folding,P10275,enc_cnn,920,0.3893437549995724,0.3873185240008752,0.0014789340859169958,2362.9504472237145,9.006498922294465,6.004279296
folding,Q18H12,enc_cnn,931,0.4444078390006325,0.44037301300159015,0.0027080597734635255,2094.922542531197,12.85915835980541,6.011882496
folding,P43261,enc_cnn,934,0.3868217459985317,0.3826479939998535,0.0026317600543775037,2414.548844944062,16.58746368387617,6.014101504
folding,P62944,enc_cnn,937,0.4492294550000224,0.44401121699957,0.0030753298030178336,2085.7937732510286,14.4430656949638,6.017102336
folding,P19809,enc_cnn,939,0.44990089100065234,0.44377698799871723,0.0037528711274032577,2087.126340006823,17.63358333720618,6.01782016
folding,O76039,enc_cnn,960,0.4127717519986618,0.410138970000844,0.0016816155964539613,2325.7405463228315,9.52815049396862,6.03364096
folding,P49744,enc_cnn,980,0.4268406850005704,0.4210635129984439,0.003371760413860282,2295.938588887539,18.382464593709887,6.049620992
folding,P0C152,enc_cnn,992,0.43224089599971194,0.4294263480005611,0.002587242895918013,2295.016527081836,13.7548378161204,6.058400256
folding,Q8WZ75,enc_cnn,1007,0.4960830749987508,0.48579192999750376,0.007018319491475532,2029.901947375519,29.1891387702685,6.070278144
folding,O43897,enc_cnn,1013,0.5030233210018196,0.49154594599895063,0.007285185248220778,2013.823132459371,29.767659016346183,6.075579904
folding,B1GT61,enc_cnn,1016,0.4484887090002303,0.44806717700339505,0.0005324619486515706,2265.3859051766635,2.68806260042672,6.07826944
folding,Q8K3Z0,enc_cnn,1020,0.4500767930003349,0.45007334500041907,0.0014663910228652332,2266.27992347795,7.342367809326216,6.082018816
folding,O29316,enc_cnn,1036,0.4677772309987631,0.46705251099774614,0.0017060087262452748,2214.7294296218947,8.043096818949206,6.094843392
folding,A0R152,enc_cnn,1037,0.5309603329988022,0.5227972339998814,0.004797824282960909,1953.0649194510345,17.918537851950305,6.095140864
folding,P06756,enc_cnn,1048,0.4803247160016326,0.4736297250019561,0.0041479481500295,2181.8573250276754,19.08609299654231,6.10383616
folding,Q60307,enc_cnn,1064,0.4844838670032914,0.477579792997858,0.004032225306851085,2196.1515593516588,18.53905295764604,6.11732992
folding,P42336,enc_cnn,1068,0.4826576850027777,0.4799979110030108,0.0016490294503340632,2212.7483580704898,7.598352831657898,6.121240576
folding,P00968,enc_cnn,1073,0.5582397790021787,0.5568867260008119,0.001888915284929376,1922.113114042008,6.490215890296486,6.126962176
folding,P16566,enc_cnn,1080,0.4949374079988047,0.49343142799989437,0.0019539707116225783,2182.0941043167386,8.597514300745472,6.131019776
folding,Q62959,enc_cnn,1162,0.5723558249999314,0.5698709060000056,0.0015261061053463575,2030.2055980650484,5.435168028686837,6.20554496
folding,D9I2H0,enc_cnn,1218,0.6129602169999089,0.6108314529999461,0.0015561325962111978,1987.0783881561126,5.05611392894872,6.25791488
folding,Q2I6J0,enc_cnn,1226,0.619429977999971,0.6168835180001224,0.002265274143235483,1979.2390480656675,7.246062947234928,6.265030144
folding,Q96QP1,enc_cnn,1244,0.6363596780001899,0.6325755879997814,0.002720393410937613,1954.8693027021563,8.391093699912984,6.283700224
folding,A3DH19,enc_cnn,1251,0.7390930520000438,0.7367466970003989,0.0018927824011554086,1692.6150186565762,4.341146692956172,6.290349568
folding,P04626,enc_cnn,1255,0.7468138230001387,0.7432730929999707,0.0022830054939220923,1680.4723765802162,5.158250585074992,6.293598208
folding,P0DTC2,enc_cnn,1273,0.7606869439996444,0.7593196990001161,0.0031149083488040746,1673.4873787982287,6.820860351519955,6.311653376
folding,Q55434,enc_cnn,1276,0.6616937679991679,0.6584172000002582,0.0021846673372174215,1928.384490998568,6.392449359575461,6.315995648
folding,P12821,enc_cnn,1306,0.7110634580003534,0.7076313159996062,0.002446713358849507,1836.685580317574,6.341283757546364,6.34540288
folding,Q9CAF4,enc_cnn,1309,0.8196530169998368,0.8147119269997347,0.0037180917350178064,1597.0172412605914,7.2707549542272005,6.348922368
folding,F3Y5P4,enc_cnn,1319,0.8314841139999771,0.8258225030003814,0.0035269540815825637,1586.3201446564694,6.770734380787408,6.36098816
folding,F4IDB2,enc_cnn,1325,0.8370238640000025,0.8306187689995568,0.004206252005468396,1582.9895143825863,8.006012336952068,6.36521472
folding,Q2G0L4,enc_cnn,1349,0.8670741440000711,0.8634538079995764,0.003658141896320114,1555.8069737573553,6.563340510663797,6.390636032
folding,A4YHQ8,enc_cnn,1360,0.7554758100004619,0.751317277000453,0.0024295567517559715,1800.1900021116076,5.820934455741038,6.402433536
folding,O60885,enc_cnn,1362,0.7545552729998235,0.7494666990005499,0.003450711674922154,1805.0367530866338,8.298590607781206,6.406451712
folding,B2SU53,enc_cnn,1373,0.8841439359985088,0.8786230890000297,0.003582939422566802,1552.9145697859717,6.32673612747573,6.416498176
folding,A9KTE6,enc_cnn,1377,0.8902102619995276,0.8845634960016469,0.0032758033337721704,1546.8255745637887,5.728181629961989,6.420851712
folding,O88093,enc_cnn,1377,0.8896986969994032,0.8872679509986483,0.0021279603284300548,1547.7149788395427,3.7048148481317504,6.420851712
folding,P02452,enc_cnn,1464,0.8639934059992811,0.859493455998745,0.002685274929754573,1694.4573764504148,5.2929197716972585,6.519593472
folding,B6A880,enc_cnn,1487,1.0190857159996085,1.016151636998984,0.004304879037992516,1459.151057319472,6.14589644747811,6.546543104
folding,P02458,enc_cnn,1487,1.0254382800012536,1.0206453110004077,0.004401968545661124,1450.1116537195999,6.23074370679596,6.546543104
folding,P02798,enc_dec,61,2.817138546000024,2.7944756229999257,0.4575231603125473,22.008147269871433,2.8106170338013508,5.697928192
folding,Q941C7,enc_dec,75,3.8511168609998094,3.4603511069999513,0.23991609557049104,19.73453487471404,1.3585238400676605,5.709085696
folding,B3H5J1,enc_dec,88,3.9953234390000034,3.986047612999755,0.6128874841901136,22.27604381944005,2.7055301005083563,5.71944448
folding,P0A7U3,enc_dec,92,4.183496164000189,4.111492603999977,0.591550257850599,22.23021041593951,2.569165136719224,5.722631168
folding,P01308,enc_dec,110,5.2441047100001015,4.937036974999955,0.3428651021163985,21.16662540859102,1.369193281615116,5.736973312
folding,P61769,enc_dec,119,6.229519055999845,5.477043183000205,0.44554737542603406,19.263124315259017,1.5619517546723471,5.744144896
folding,P00698,enc_dec,147,7.584746046999953,6.609448138000062,0.5844208485904384,19.512848430639213,1.716407861781985,5.784765952
folding,P68871,enc_dec,147,6.878157924000334,6.531386225000006,0.47750595687697306,21.517389050282706,1.440406187514112,5.784765952
folding,P0DP27,enc_dec,149,7.5851625129998865,6.72738805400013,0.5074866060720374,19.77544973399336,1.4874110865501826,5.784770048
folding,P16949,enc_dec,149,7.040088812000249,6.763768279000033,0.5611765936043506,21.306549392433247,1.5733927918926456,5.784770048
folding,P00441,enc_dec,154,7.799342691999755,7.184371339000336,0.4094806267131758,19.873469614175644,1.1163273006799237,5.7847808
folding,P68082,enc_dec,154,7.1345667049999975,7.0438290010001765,0.5555425015484233,21.725215617000817,1.5111882048938103,5.7847808
folding,P0A7Y4,enc_dec,155,7.49975896199976,7.1916542310000295,0.6974030772520415,20.800668500205195,1.757460491444419,5.784782848
folding,P04808,enc_dec,185,9.323792229999981,8.670060642999943,0.42527881181391214,19.94896447837302,0.9682627467342958,5.796736512
folding,P0A7L0,enc_dec,234,11.11213601999998,10.538689041999987,0.3539884641737125,21.148049265869265,0.7075016683366636,5.85260544
folding,P42212,enc_dec,238,11.41003355399971,11.025583240000287,0.38413226840002346,20.9464765260239,0.7061673961813275,5.852613632
folding,P00766,enc_dec,245,11.728948437999861,11.585141868999926,0.12602971749794736,20.97374724600208,0.22621234018074554,5.85262848
folding,P63101,enc_dec,245,11.713628669000173,11.622851788999924,0.1681480171369733,21.00117793993529,0.2973920375217133,5.85262848
folding,P15378,enc_dec,248,12.588342130000001,12.308578586000294,0.1935942998462676,19.78020595790718,0.3093879713068767,5.852635136
folding,P05089,enc_dec,322,16.37268079899968,16.341626401000212,0.1802545370007455,19.727984925946537,0.21358702981848657,5.905905664
folding,P00784,enc_dec,345,17.525420238999686,17.222214654000254,0.3029038676059128,19.7427505464342,0.3413601847791203,5.924232192
folding,P02572,enc_dec,376,18.7962666909998,18.74415522000072,0.14864454428665153,20.057174448398232,0.15702497193906162,5.94893312
folding,O65508,enc_dec,377,18.990294326000367,18.746008328000244,0.2611345100344901,19.90490476403334,0.27321182240665576,5.949729792
folding,P04637,enc_dec,393,19.02399600299941,18.723492891000205,0.26785050382960074,20.710685596121873,0.29285798073821945,6.05586176
folding,P0AEX9,enc_dec,396,19.38852476899956,19.27008185500017,0.759484029286302,20.47602923533233,0.7561641914155443,6.055867904
folding,P0DTC9,enc_dec,419,20.858991576000335,20.62111782300053,0.1973030709526814,20.13520157337031,0.19136760839773911,6.05591808
folding,O59010,enc_dec,425,21.253287954999905,20.848813674999292,0.3114760167647138,20.043957476225795,0.2969523662229288,6.055931392
folding,P60705,enc_dec,429,20.62890866700036,20.13630498100065,0.3984256939528605,20.844534577239276,0.40721615086990526,6.055939584
folding,P0A855,enc_dec,430,20.56196478200036,19.68465914799981,0.5546756344379955,20.96103191351106,0.5878667450302336,6.055941632
folding,P0A6P9,enc_dec,432,20.69746922700051,19.86365676099922,0.4880958294993189,20.920432119069787,0.5137663439553432,6.055946752
folding,P56252,enc_dec,433,20.27746008899976,20.18498387099953,0.06489760033376454,21.40307504466198,0.06872762984640884,6.0559488
folding,P34690,enc_dec,448,21.601721218999955,21.00251824099996,0.4341073901758703,20.78538073184088,0.42573086466185167,6.055983616
folding,P00439,enc_dec,452,21.738509613000133,21.629791923000084,0.20567946769766596,20.838595104472823,0.19535450753848824,6.055991808
folding,P02994,enc_dec,458,21.704148411999995,21.504448106999916,0.17060142652133417,21.148030841248016,0.16677571187214785,6.05600512
folding,O14926,enc_dec,492,23.413096551999843,22.9437841200006,0.32663080689723656,21.05659107948667,0.2982081802685638,6.056078848
folding,P08684,enc_dec,503,23.86984874799964,23.53484082199975,0.3113212379202027,21.114503293291147,0.2760856626115695,6.056102912
folding,P0ABB0,enc_dec,513,23.951649892000205,23.715699850999954,0.3487934241065891,21.459899519142304,0.30939327979531384,6.058102784
folding,P0AG67,enc_dec,557,26.224654497999836,26.13714937700024,0.06917833648468603,21.27768737782833,0.056223800606607574,6.09392128
folding,Q13117,enc_dec,558,26.3274641779999,26.266695444000106,0.08530899756730939,21.232580404272998,0.06866003756661589,6.094711808
folding,P02768,enc_dec,609,28.832009980000294,28.782888908999666,0.050058025374831394,21.15704040138494,0.036730125348210706,6.15829504
folding,A0A1B0GR13,enc_dec,642,30.103916908999963,29.935844884999824,0.2791765699076379,21.35934675689218,0.19654602463482865,6.161132032
folding,P10591,enc_dec,642,30.381619544000387,29.875457307999568,0.30606803275007693,21.164112040464826,0.2166345076848802,6.161132032
folding,P23246,enc_dec,707,33.603890507998585,32.65319736700076,0.5624609252842625,21.06898901576524,0.3626518629499801,6.213523968
folding,D4GQN5,enc_dec,717,33.71672913199836,33.21088597100061,0.29865432697541444,21.295066825405456,0.1914310980455979,6.221327872
folding,P07901,enc_dec,733,34.276581332000205,33.963400022001224,0.22980005718201063,21.414037557903896,0.1444231755860859,6.233814528
folding,P18278,enc_dec,742,35.31561821899959,34.25254189299994,1.9633385148821405,21.038850159510176,1.1126541386998232,6.240838144
folding,P15056,enc_dec,766,36.05708272699849,35.4139702700013,0.5686888487319818,21.271826281877566,0.3372467210739506,6.260747776
folding,P05067,enc_dec,770,36.43089621300169,35.500814854000055,0.5742436889699238,21.16335528756058,0.34164308711874697,6.263922688
folding,O81472,enc_dec,773,36.221065267000085,36.008564292998926,0.3289391124416909,21.36878068865545,0.1927340983987596,6.266300416
folding,P04150,enc_dec,777,36.489475209000375,36.36395301799894,0.3653719629975654,21.321216475267395,0.21076584399554216,6.269471744
folding,P31554,enc_dec,784,37.08115780499975,36.013000532999285,0.6210277534217917,21.169781270803696,0.36498822491348487,6.2750208
folding,P56201,enc_dec,797,37.59875728000043,36.84930513600011,0.7756063626488212,21.22410573459227,0.4373326141349385,6.285325312
folding,P21802,enc_dec,821,39.00363093699889,38.941863174999526,0.12553072383452665,21.074960978062425,0.06760017608741696,6.329662976
folding,F4IP69,enc_dec,838,39.40907902300023,39.39894764500059,0.11011926949543756,21.289510457992087,0.05921823062657948,6.329769984
folding,P28366,enc_dec,841,39.58758260099967,39.46698188099981,0.23253006698121825,21.269295690177803,0.12420232637935379,6.329780736
folding,B0R8E4,enc_dec,852,39.96561687400026,39.939375775999,0.09226183072413453,21.343346274104967,0.04911494823098454,6.330499072
folding,A0A0K1IRS6,enc_dec,855,39.897472708998976,39.63972224800091,0.2040074086847823,21.45499305791685,0.11006592299967935,6.332230144
folding,P0A9Q7,enc_dec,891,41.95166685099866,41.713765055001204,0.26998989783956706,21.2625639683913,0.1366081398360027,6.359841792
folding,P10408,enc_dec,901,43.22807961599938,43.21915810599967,0.5197553083508789,20.866066871639514,0.2458170825216327,6.368950784
folding,P19367,enc_dec,917,43.777267124998616,43.663001963999704,0.3263364214417964,20.96978775259784,0.15483877973139054,6.3804544
folding,P10275,enc_dec,920,44.406454079999094,43.95215839000048,0.5836807065811908,20.74022839879988,0.27089735214046307,6.382833152
folding,Q18H12,enc_dec,931,43.750641594000626,43.53016170000046,0.41313068410990117,21.302544740916485,0.1993305803285806,6.391552512
folding,P43261,enc_dec,934,43.7134214609996,43.674255908001214,0.23344930733219815,21.38931176627736,0.11329613909880364,6.395986432
folding,P62944,enc_dec,937,43.95505181899898,43.823035915998844,0.8085293021515255,21.33998166723949,0.3816940052933435,6.397914624
folding,P19809,enc_dec,939,44.11337567800001,44.06034231400008,0.3552590810648993,21.308729734523396,0.16947166185039245,6.39914752
folding,O76039,enc_dec,960,45.069538488000035,44.945941617001154,0.17359673733356087,21.32260573859372,0.08193080696553308,6.41454336
folding,P49744,enc_dec,980,45.84802978699918,45.67139012899861,0.2565317895162202,21.39677548975454,0.11926994584279975,6.430396928
folding,P0C152,enc_dec,992,46.91014144700057,46.02681696500076,0.5950776539415947,21.16813058689876,0.27261944450820647,6.440892928
folding,Q8WZ75,enc_dec,1007,47.11384396599897,47.02800794799987,0.4501875433585958,21.394985319547512,0.20152693789782192,6.454347776
folding,O43897,enc_dec,1013,47.801019925998844,47.433945516000676,0.2437646487422648,21.212936493191606,0.10885974320548943,6.45818624
folding,B1GT61,enc_dec,1016,47.6066901109989,47.10448761700172,0.29253123624898625,21.362543743931393,0.1326542667363016,6.460007936
folding,Q8K3Z0,enc_dec,1020,47.529525525998906,47.3002300449989,0.5117357455034037,21.481384228031217,0.22852637413837804,6.46252288
folding,O29316,enc_dec,1036,48.82496925099986,48.3948546779975,0.3236832179027549,21.239132679612776,0.14155663755406278,6.476790784
folding,A0R152,enc_dec,1037,48.79290607800067,48.10462953200113,0.4224764872316981,21.273584285810855,0.18664728971007094,6.477374464
folding,P06756,enc_dec,1048,49.133425023999735,48.59973084200101,0.4200526655229125,21.3500280000347,0.18356337461895572,6.484919296
folding,Q60307,enc_dec,1064,49.97428190999926,49.64226624299772,0.32007704020614686,21.310961544540096,0.13657630089197711,6.497160192
folding,P42336,enc_dec,1068,50.2209668760006,49.23793235899939,0.5773892669534081,21.28593028962271,0.24952175618475556,6.50034688
folding,P00968,enc_dec,1073,50.11829417899935,49.50563968200004,0.4945242469303963,21.429300769179594,0.2126729877456125,6.504331264
folding,P16566,enc_dec,1080,50.42956590600079,49.97687722200135,0.2736278838251313,21.435837897453883,0.11730887589989146,6.509908992
folding,Q62959,enc_dec,1162,55.39300545700007,55.26172958799998,0.3294875634331058,20.99543056754344,0.12399511076611291,6.581050368
folding,D9I2H0,enc_dec,1218,58.28433910900003,57.95732903599992,0.9856938346494135,20.91470914202692,0.34605879386894134,6.619873792
folding,Q2I6J0,enc_dec,1226,57.58937462499989,57.466695428000094,1.222014750901851,21.306013617785528,0.43706337235192777,6.626248192
folding,Q96QP1,enc_dec,1244,61.131982120999965,60.54475824000019,0.5737933956661604,20.365771839946927,0.19127406247874645,6.640590336
folding,A3DH19,enc_dec,1251,61.07516836900004,61.05788773600034,0.25215550314300783,20.49932948912636,0.08405779759822404,6.646168064
folding,P04626,enc_dec,1255,61.30361038199999,61.16244570800018,0.6193838323034985,20.48818971955341,0.20399337294049186,6.649355264
folding,P0DTC2,enc_dec,1273,60.26539602599996,60.23997300200017,0.3592943364212457,21.139826235446378,0.12480004123060631,6.66369792
folding,Q55434,enc_dec,1276,61.028964468000595,60.0381525570001,0.5769976562936606,20.924490709154522,0.2010663230130851,6.666087936
folding,P12821,enc_dec,1306,61.784481968000364,61.670699774999775,0.42274633966756603,21.15417914609895,0.14336591934578535,6.689995776
folding,Q9CAF4,enc_dec,1309,62.531768127999385,61.33741728199948,1.008337852669807,20.94935165304291,0.3403305885866121,6.692385792
folding,F3Y5P4,enc_dec,1319,62.694491549000304,62.60311933899993,0.7818612132252943,21.054481301093638,0.25742410834371093,6.700354048
folding,F4IDB2,enc_dec,1325,62.59250427899951,61.698530024999855,0.6440871651679402,21.18464527460819,0.22014444011313267,6.705134592
folding,Q2G0L4,enc_dec,1349,64.1777763199998,63.839580638999905,0.29778206959937326,21.035319037367426,0.09775180744316797,6.736031744
folding,A4YHQ8,enc_dec,1360,63.813810859000114,62.98311817800004,0.5652573474332291,21.327671575784734,0.19085554613146166,6.736243712
folding,O60885,enc_dec,1362,63.67470462900019,62.610787339000126,0.6307578890072455,21.40567448159361,0.21554397706915343,6.736280576
folding,B2SU53,enc_dec,1373,64.39095949699913,64.3728779940011,0.034837096280535315,21.338399221462662,0.011538338133531622,6.74338304
folding,A9KTE6,enc_dec,1377,64.97202344300058,64.25230046800061,0.6660769699241671,21.20912859069116,0.21788201783214586,6.746570752
folding,O88093,enc_dec,1377,64.51484711800003,63.58204985100019,0.5731278387744847,21.35942440473566,0.19233266773590998,6.746570752
folding,P02452,enc_dec,1464,68.26320691600085,67.97340283800077,0.4774363808438382,21.461048582184393,0.14922840478454566,6.816910848
folding,B6A880,enc_dec,1487,71.68519428400032,71.26655600799859,0.48528638852531053,20.757424386755304,0.14023196437954508,6.839097344
folding,P02458,enc_dec,1487,69.26658189900081,69.20351527499952,0.613668816835372,21.482220707377863,0.1876292918596471,6.839097344
inverse,P02798,enc_cnn,61,0.028952398000001267,0.02872622200038677,0.0014342576716748772,2106.906654156845,96.94700978309699,5.653200384
inverse,Q941C7,enc_cnn,75,0.028050065999650542,0.02792758799978401,0.0010360830110692108,2673.7905002053963,93.25617122508588,5.654324224
inverse,B3H5J1,enc_cnn,88,0.0349131610000768,0.0338579369999934,0.005978922956619971,2520.539460743942,343.56987123711184,5.655449088
inverse,P0A7U3,enc_cnn,92,0.029976282000006904,0.028582753000137018,0.002480860881083755,3069.09309166423,237.11158933469952,5.655799808
inverse,P01308,enc_cnn,110,0.030088510000041424,0.029811773999881552,0.0015557579261568214,3655.880600263973,175.26577675235168,5.658450944
inverse,P61769,enc_cnn,119,0.02940409400025601,0.028850298000179464,0.0010235424583527792,4047.055488224324,136.42319783739745,5.658678272
inverse,P00698,enc_cnn,147,0.03593926600024133,0.03277649099982227,0.0026811513722237094,4090.2337849363116,317.194284685853,5.66155264
inverse,P68871,enc_cnn,147,0.035050919000241265,0.029301637000116898,0.005034957861176916,4193.898596467276,648.5403691111136,5.66155264
inverse,P0DP27,enc_cnn,149,0.03672813599996516,0.03144804900011877,0.004137681669046322,4056.835337359384,500.5585244159367,5.661773824
inverse,P16949,enc_cnn,149,0.034728585999801,0.030516046999764512,0.00498897400976677,4290.413666737074,599.8297074571445,5.661773824
inverse,P00441,enc_cnn,154,0.04300764199979312,0.036949782999727177,0.006087966274547005,3580.7589730388095,518.1046468229058,5.662336
inverse,P68082,enc_cnn,154,0.033518503999857785,0.03269338800009791,0.002867114999287415,4594.477128235001,352.35726199382736,5.662336
inverse,P0A7Y4,enc_cnn,155,0.034150989999943704,0.033737605000169424,0.002972204173618102,4538.66783950496,347.6594765463025,5.664529408
inverse,P04808,enc_cnn,185,0.041373015999852214,0.031953633000284754,0.006256169487150339,4471.513510174381,841.5738931633257,5.667718144
inverse,P0A7L0,enc_cnn,234,0.05150237499992727,0.03586971699996866,0.009084134550887807,4543.479790986929,1148.3639351153136,5.678350336
inverse,P42212,enc_cnn,238,0.04719836399999622,0.03772811699991507,0.0062140787452183485,5042.547661186288,804.700632147242,5.678895616
inverse,P00766,enc_cnn,245,0.05377021999993303,0.04081780600017737,0.007823080908829452,4556.425471205161,862.9849967627122,5.679869952
inverse,P63101,enc_cnn,245,0.05189873400013312,0.04375945400033743,0.004774776137550361,4720.7317234245365,513.7619525201575,5.679869952
inverse,P15378,enc_cnn,248,0.050330757000210724,0.04206606500019916,0.0047787637457152735,4927.40452918206,559.6220738514713,5.680293888
inverse,P05089,enc_cnn,322,0.08295912800031147,0.07280535599966242,0.007719462070969313,3881.429419060324,391.98173240914775,5.698401792
inverse,P00784,enc_cnn,345,0.09561663099975704,0.08571827200012194,0.006100903123348517,3608.1589195594715,254.81381223760516,5.705037824
inverse,P02572,enc_cnn,376,0.10109957499935263,0.09178196099946945,0.0057433351718884675,3719.105644137551,231.11297801431138,5.714621952
inverse,O65508,enc_cnn,377,0.10371594900061609,0.09466236200023559,0.005679987874282039,3634.9279318435447,216.23190426963137,5.714944512
inverse,P04637,enc_cnn,393,0.12233194200052822,0.11542999300036172,0.004642612700056221,3212.5705974511798,127.74792867501269,5.72606976
inverse,P0AEX9,enc_cnn,396,0.1129520650001723,0.10507652700016479,0.005150471098238354,3505.9119990360155,169.9624147398663,5.726088192
inverse,P0DTC9,enc_cnn,419,0.1283859669993035,0.12118118299986236,0.004184938407188195,3263.5965580433967,112.66793619641157,5.7313792
inverse,O59010,enc_cnn,425,0.13085309800044342,0.12519317899932503,0.003933364740458791,3247.9169885497076,100.92420950841328,5.734152704
inverse,P60705,enc_cnn,429,0.13423370999953477,0.12850587499997346,0.0036395993032299814,3195.918521521061,90.06394660968932,5.735276032
inverse,P0A855,enc_cnn,430,0.12260551700001088,0.11510199700023804,0.004707179950125531,3507.1831229255517,142.56053049925313,5.73555712
inverse,P0A6P9,enc_cnn,432,0.1251776159997462,0.11993891300062387,0.0038538242516598037,3451.096240727862,109.26360723031428,5.736123904
inverse,P56252,enc_cnn,433,0.13516982900000585,0.12941155200041976,0.003376359019045922,3203.377582137662,83.51900918168363,5.736409088
inverse,P34690,enc_cnn,448,0.1290104829995471,0.1232946689997334,0.003410526571140066,3472.586022343415,95.90495375249237,5.741259264
inverse,P00439,enc_cnn,452,0.13018904700038547,0.12419498899998871,0.0034731680835317414,3471.8742506707317,97.07622983101426,5.742673408
inverse,P02994,enc_cnn,458,0.13161226800002623,0.12497977600014565,0.0040465492519190125,3479.918756509148,112.3152648523036,5.744816128
inverse,O14926,enc_cnn,492,0.14128345400058606,0.13724706700031675,0.003674313629108298,3482.361069668916,91.1883525787825,5.75748352
inverse,P08684,enc_cnn,503,0.15858082199974888,0.1539365070002532,0.0039514157158715155,3171.884176516606,79.92355275256187,5.763594752
inverse,P0ABB0,enc_cnn,513,0.17187608200038085,0.16711736700017354,0.0028559389271687655,2984.708483166746,50.94662830360105,5.766858752
inverse,P0AG67,enc_cnn,557,0.19056481499956135,0.18650921900007233,0.0024252525510868976,2922.8900413818897,37.97636700269501,5.788794368
inverse,Q13117,enc_cnn,558,0.16974621800000023,0.16650140499950794,0.0024423307129022315,3287.26027934242,47.853967273872485,5.789098496
inverse,P02768,enc_cnn,609,0.21475962299973617,0.2095502829997713,0.003267980017788855,2835.7285764128396,44.11670667137316,5.81117696
inverse,A0A1B0GR13,enc_cnn,642,0.22184899200055952,0.21922333300062746,0.0015754388804651443,2893.8603426171117,20.786134045228547,5.82769152
inverse,P10591,enc_cnn,642,0.22329946199988626,0.22242259500035289,0.0010449315759123586,2875.0629054373944,13.431325654234145,5.82769152
inverse,P23246,enc_cnn,707,0.2795351029999438,0.27370603200051846,0.0036314642431438887,2529.1993471036167,33.49351101764493,5.86382848
inverse,D4GQN5,enc_cnn,717,0.2859855120004795,0.2801406049984507,0.0034387065771720824,2507.1200110262853,30.762256859782692,5.872268288
inverse,P07901,enc_cnn,733,0.293854397999894,0.28829202899942175,0.0032213949762229556,2494.4326339477298,27.871313470103065,5.878733824
inverse,P18278,enc_cnn,742,0.26177350000034494,0.2580857519988058,0.002131635026778251,2834.5115147217816,23.41099126069394,5.884760576
inverse,P15056,enc_cnn,766,0.26902407800116634,0.26592631399944366,0.0020635414897680784,2847.328780722293,22.046724215047707,5.900368384
inverse,P05067,enc_cnn,770,0.2956117670000822,0.2897396000007575,0.003682311656700767,2604.7677594640063,33.03875223299587,5.902827008
inverse,O81472,enc_cnn,773,0.3285183469997719,0.3246093320012733,0.0027159096109615807,2352.9888271370633,19.626524440632718,5.90610688
inverse,P04150,enc_cnn,777,0.3292330590011261,0.32689187100004347,0.0015199931739108615,2360.030315173612,10.96206817336298,5.907155968
inverse,P31554,enc_cnn,784,0.303039162999994,0.2992099250004685,0.002485007047388404,2587.1243579167867,21.446263592974045,5.91274752
inverse,P56201,enc_cnn,797,0.34352043000035337,0.3391316849993018,0.0026400660483983595,2320.094906725577,18.050908865307946,5.919873536
inverse,P21802,enc_cnn,821,0.3580660469997383,0.3541816619999736,0.0024753997393746644,2292.8730799225987,16.0037907032099,5.935218176
inverse,F4IP69,enc_cnn,838,0.32318349900015164,0.32222020299923315,0.0009401175397730219,2592.9541656444744,7.544058970709202,5.946458624
inverse,P28366,enc_cnn,841,0.3764623909992224,0.3713985140002478,0.003335066059603542,2233.9548919289978,20.014198830547404,5.9484672
inverse,B0R8E4,enc_cnn,852,0.3430072339997423,0.338847994000389,0.002562142358370054,2483.9126279203783,18.76447322633583,5.958940672
inverse,A0A0K1IRS6,enc_cnn,855,0.3846480519987381,0.38090139699852443,0.00230665092631961,2222.8112050930263,13.451014721160629,5.958646784
inverse,P0A9Q7,enc_cnn,891,0.4047495649992925,0.4008391909992497,0.0026321232162403153,2201.3612293852807,14.42661102236652,5.98430208
inverse,P10408,enc_cnn,901,0.4235457350005163,0.4190236640006333,0.0028936571649720794,2127.2791237029023,14.670270981732859,5.991023104
inverse,P19367,enc_cnn,917,0.43554685699928086,0.42942392400073004,0.004386725658743334,2105.399190153068,21.41393592094903,6.003505152
inverse,P10275,enc_cnn,920,0.38807737699971767,0.38361065199933364,0.002851006274748199,2370.661250889328,17.59357784652211,6.004279296
inverse,Q18H12,enc_cnn,931,0.4448286939987156,0.4392716679994919,0.003649999287815115,2092.9405242070293,17.354396479335797,6.011882496
inverse,P43261,enc_cnn,934,0.38880913999855693,0.3864815800006909,0.0013894768167727815,2402.2069028610454,8.634516627949381,6.014101504
inverse,P62944,enc_cnn,937,0.4487404499996046,0.4431826479994925,0.0035336219984503448,2088.066720976069,16.624235610317356,6.017102336
inverse,P19809,enc_cnn,939,0.4494060190008895,0.44395030600026075,0.0035374960266130566,2089.424618939386,16.61918557455506,6.01782016
inverse,O76039,enc_cnn,960,0.4112701300000481,0.4075266489999194,0.0024463149178708234,2334.23224779268,13.991675333985127,6.03364096
inverse,P49744,enc_cnn,980,0.4248749670005054,0.42230824799844413,0.001626029900739632,2306.560932310315,8.874926661613333,6.049620992
inverse,P0C152,enc_cnn,992,0.43312365300153033,0.43161719599993376,0.00134515765108785,2290.33901317898,7.119510028348154,6.058400256
inverse,Q8WZ75,enc_cnn,1007,0.492530125000485,0.48591381200094474,0.004154998962348238,2044.5449910277232,17.458849501422115,6.070278144
inverse,O43897,enc_cnn,1013,0.5036269459997129,0.4953797009984555,0.004764227394478273,2011.4094530608722,19.344199227882076,6.075579904
inverse,B1GT61,enc_cnn,1016,0.4486728629999561,0.448132240002451,0.0006396522223820622,2264.4560966017225,3.226724098996809,6.07826944
inverse,Q8K3Z0,enc_cnn,1020,0.44953181800156017,0.4484150239986775,0.001040941730314332,2269.02737282205,5.256314911796458,6.082018816
inverse,O29316,enc_cnn,1036,0.47021409700028016,0.46656349699696875,0.002421895858405982,2203.2516817533497,11.420688159575244,6.094843392
inverse,A0R152,enc_cnn,1037,0.5250936800002819,0.5217940649999946,0.0021102165050856303,1974.8857003943435,7.980344225007962,6.095140864
inverse,P06756,enc_cnn,1048,0.48001581100106705,0.4773893349993159,0.0035331148712130236,2183.261417607076,16.003636842779542,6.10383616
inverse,Q60307,enc_cnn,1064,0.4837402830016799,0.4835786019975785,0.00048214784474753526,2199.52738564116,2.189432841702006,6.11732992
inverse,P42336,enc_cnn,1068,0.4850710770006117,0.4844827860033547,0.005360938606400866,2201.7391896541653,23.907513744416125,6.121240576
inverse,P00968,enc_cnn,1073,0.5579731459984032,0.5540844829993148,0.002272661407033122,1923.0316148639001,7.8869115209376375,6.126962176
inverse,P16566,enc_cnn,1080,0.49244882200218854,0.48831951700049103,0.005257840646340742,2193.1212985929333,23.29918891481384,6.131019776
inverse,Q62959,enc_cnn,1162,0.5700536140000168,0.5643983869999829,0.0034517859520891525,2038.4047595915529,12.458733194583283,6.20554496
inverse,D9I2H0,enc_cnn,1218,0.6154556669998783,0.6101235989999623,0.0033892727695938422,1979.021504403892,10.982278736747348,6.25791488
inverse,Q2I6J0,enc_cnn,1226,0.6209021849999772,0.6159497440000905,0.0033459811247490844,1974.5461195309613,10.708087007909045,6.265030144
inverse,Q96QP1,enc_cnn,1244,0.635539405000145,0.6306113609998647,0.003000084056059259,1957.3923980366192,9.307777489738708,6.283700224
inverse,A3DH19,enc_cnn,1251,0.7437666569999237,0.7380650089999108,0.003726375323848192,1681.9791371746426,8.481655644316822,6.290349568
inverse,P04626,enc_cnn,1255,0.7446381220001967,0.739783319000253,0.0036960561469265327,1685.3824198912937,8.397298622448458,6.293598208
inverse,P0DTC2,enc_cnn,1273,0.7654150729999856,0.7595946420001383,0.003658211703507581,1663.149897232327,8.00347579281654,6.311653376
inverse,Q55434,enc_cnn,1276,0.6608137310004167,0.6576070769997386,0.002668776014357037,1930.952612119973,7.813769413694557,6.315995648
inverse,P12821,enc_cnn,1306,0.7103209329998208,0.7082568079995326,0.001286500278109013,1838.6055363517346,3.3388147387549276,6.34540288
inverse,Q9CAF4,enc_cnn,1309,0.8177147770002193,0.8103491299998495,0.004445246738240651,1600.80267205401,8.777432062333196,6.348922368
inverse,F3Y5P4,enc_cnn,1319,0.8300287100000787,0.8218027089997122,0.0050253197442373014,1589.1016589051178,9.71110456158072,6.36098816
inverse,F4IDB2,enc_cnn,1325,0.8335237479996067,0.827938307000295,0.003577431750276579,1589.636771813519,6.862678401620046,6.36521472
inverse,Q2G0L4,enc_cnn,1349,0.8660340039996299,0.8615022320000207,0.0029077405732445445,1557.6755575068348,5.253821986897203,6.390636032
inverse,A4YHQ8,enc_cnn,1360,0.7556051319998005,0.7534028089994536,0.0015456254030934303,1799.8818991615306,3.689541149501891,6.402433536
inverse,O60885,enc_cnn,1362,0.753141556000628,0.7500321049992635,0.002039189788625848,1808.4249755551455,4.913400409735212,6.406451712
inverse,B2SU53,enc_cnn,1373,0.8822883409993665,0.8790936259993032,0.002244312490167526,1556.1806001480256,3.9689213717472396,6.416498176
inverse,A9KTE6,enc_cnn,1377,0.8895433440011402,0.8837762769999244,0.0039030283193617946,1547.985277261807,6.826873476864546,6.420851712
inverse,O88093,enc_cnn,1377,0.8899228360005509,0.8872769259996858,0.0033799638772215325,1547.3251660654628,5.866078651383838,6.420851712
inverse,P02452,enc_cnn,1464,0.8586711869993451,0.8549728310008504,0.0024294877724334116,1704.9599685719006,4.841309389058129,6.519593472
inverse,B6A880,enc_cnn,1487,1.023780325998814,1.0190522970005986,0.004360311881063351,1452.4600270563535,6.191457446336629,6.546543104
inverse,P02458,enc_cnn,1487,1.018715914000495,1.0135650659995008,0.0043615012587494475,1459.6807407872468,6.261166301405709,6.546543104
inverse,P02798,enc_dec,61,3.1825476660001186,2.9395817519998673,0.35691158350499275,19.48124788902932,2.0494194110686936,5.697928192
inverse,Q941C7,enc_dec,75,3.4192661930001123,3.3828752829999758,0.5095658030198842,22.226991322169198,2.659881206592036,5.709085696
inverse,B3H5J1,enc_dec,88,4.104227337000339,4.012591339999744,0.5124777084523818,21.684958627327777,2.2798512022605726,5.71944448
inverse,P0A7U3,enc_dec,92,4.180283705999955,4.14610162200006,0.6331899044726411,22.247293853887776,2.690137485328755,5.722631168
inverse,P01308,enc_dec,110,5.974889589999748,5.531015178999951,0.47715848742239786,18.577749149671682,1.4755793187587711,5.736973312
inverse,P61769,enc_dec,119,5.747430611999789,5.317462215999967,0.3073640842974717,20.87889495341756,1.18015229764903,5.744144896
inverse,P00698,enc_dec,147,7.591645996000352,6.532959862000098,0.678049642690381,19.495113454707134,1.9881884981050426,5.784765952
inverse,P68871,enc_dec,147,7.1786787910000385,6.809372405999966,0.3041808479678196,20.61660708173051,0.8947325454553403,5.784765952
inverse,P0DP27,enc_dec,149,7.236127187999955,7.07845556600023,0.30137574395951106,20.729320547150248,0.8299585082765709,5.784770048
inverse,P16949,enc_dec,149,6.695869103999939,6.574388539000211,0.5965217035672205,22.401871612214443,1.7639636377006458,5.784770048
inverse,P00441,enc_dec,154,7.418552527999964,6.949085662000016,0.514244935457725,20.89356372620952,1.436346934033284,5.7847808
inverse,P68082,enc_dec,154,7.891070466999736,7.274458284999582,0.37209470326532024,19.64245543721935,1.0008819764975305,5.7847808
inverse,P0A7Y4,enc_dec,155,7.790895719999753,7.20598098299979,0.4141624758751187,20.023371587369283,1.1266343332489592,5.784782848
inverse,P04808,enc_dec,185,8.942445809999754,8.817350340999837,0.20084766395597844,20.799678740239983,0.459008841016725,5.796736512
inverse,P0A7L0,enc_dec,234,11.56328981300021,11.38621691399976,0.23121731354124433,20.322936102128786,0.40234613407382397,5.85260544
inverse,P42212,enc_dec,238,11.560876725000071,11.48647909400006,0.06949814785515093,20.673172604908867,0.12440623027950452,5.852613632
inverse,P00766,enc_dec,245,11.926558259000103,11.405001619000359,0.32859931528478176,20.626235554114007,0.5915455726944704,5.85262848
inverse,P63101,enc_dec,245,11.765397211000163,11.429647454999667,0.2113516987027228,20.908771339228572,0.38548292741642626,5.85262848
inverse,P15378,enc_dec,248,11.906930308000028,11.785360674999993,0.09655078382959391,20.91219093074744,0.17044677839775355,5.852635136
inverse,P05089,enc_dec,322,16.24432872000034,15.87204450399986,0.5859666620119589,19.883862581672336,0.6982586512347443,5.905905664
inverse,P00784,enc_dec,345,17.292183371999727,17.125148323999838,0.6223905395324806,20.009040648982396,0.6857412271831212,5.924232192
inverse,P02572,enc_dec,376,19.036181868000313,18.554830404999848,0.2919500653796966,19.804391585149453,0.31117306151808233,5.94893312
inverse,O65508,enc_dec,377,18.93269146500006,18.624044563000098,0.47835410864134925,19.965465591555752,0.49514015517711596,5.949729792
inverse,P04637,enc_dec,393,18.932529725999302,18.417815427999813,0.4639282947346618,20.81074244710865,0.5135693771777456,6.05586176
inverse,P0AEX9,enc_dec,396,19.58645426000021,19.197570681999423,0.5123243522455633,20.269110209026458,0.5232204149113437,6.055867904
inverse,P0DTC9,enc_dec,419,21.306408342000395,20.901117446999706,0.23538708168688147,19.712379170546182,0.22197410394312628,6.05591808
inverse,O59010,enc_dec,425,21.379557509000733,20.764322076999633,0.5903523260605635,19.92557609392314,0.5522021789728192,6.055931392
inverse,P60705,enc_dec,429,20.833141979000175,20.79357914600041,0.4469526713235327,20.640189580306245,0.4278028876567963,6.055939584
inverse,P0A855,enc_dec,430,20.328917998999714,19.74428610799987,0.4556582853920116,21.201325128135565,0.4828384210109944,6.055941632
inverse,P0A6P9,enc_dec,432,20.67932626200036,19.748813473000155,0.5436909447782147,20.938786617805164,0.5761310542548794,6.055946752
inverse,P56252,enc_dec,433,20.476889969000695,19.736373855999773,0.43674675730249807,21.19462480176524,0.46863393890384986,6.0559488
inverse,P34690,enc_dec,448,20.410905681999793,20.26577082499989,0.6066502985276611,21.998043937656785,0.6270014318806824,6.055983616
inverse,P00439,enc_dec,452,21.79358600499927,21.413231256000472,0.45738425435253177,20.785932149765785,0.4329883757962892,6.055991808
inverse,P02994,enc_dec,458,22.26095632200031,21.74789737300034,0.3505861056857223,20.619060266803285,0.33063826204239655,6.05600512
inverse,O14926,enc_dec,492,23.239272986999822,23.225089408000713,0.18075792115068254,21.214088765848523,0.16291732582261917,6.056078848
inverse,P08684,enc_dec,503,24.015830690000257,24.015507006000007,0.11169308327617987,20.98615727707708,0.09682399894094793,6.056102912
inverse,P0ABB0,enc_dec,513,24.15832285000033,23.719850241999666,0.30990720285641177,21.276311405863712,0.27654241696121884,6.058102784
inverse,P0AG67,enc_dec,557,26.474042404999636,26.417920619999677,0.37381109691258246,21.077249611665707,0.29118746555792485,6.09392128
inverse,Q13117,enc_dec,558,26.289590678000422,26.2692922060005,0.05606326902397063,21.26316863760761,0.04522220173690225,6.094711808
inverse,P02768,enc_dec,609,28.50203088499984,28.264339098000164,0.1507432364223282,21.401983685346195,0.11403408943138019,6.15829504
inverse,A0A1B0GR13,enc_dec,642,30.079383777999283,29.941692907999823,0.49816371763880807,21.37676771391521,0.34606834905470363,6.161132032
inverse,P10591,enc_dec,642,30.241792503999932,30.109712030999617,0.17897411720427267,21.261967190435342,0.1254048496280642,6.161132032
inverse,P23246,enc_dec,707,33.77242815499994,32.67152149899994,0.649867599787322,20.963846506700822,0.4166709639015565,6.213523968
inverse,D4GQN5,enc_dec,717,34.132541339000454,33.18512052400001,0.5669196728632844,21.035644339192533,0.3589725116015448,6.221327872
inverse,P07901,enc_dec,733,33.87239673899967,33.845110006999676,0.5556692493910811,21.669561963854015,0.3459484837146621,6.233814528
inverse,P18278,enc_dec,742,35.079360375999386,34.113134908000575,0.6075725438004631,21.18054582626729,0.3761665589774166,6.240838144
inverse,P15056,enc_dec,766,36.20221229699928,36.0831961390013,0.07814001604723297,21.186550526459815,0.045855391405127566,6.260747776
inverse,P05067,enc_dec,770,36.27902315100073,35.61226517999967,0.43204345043214315,21.251950384411952,0.257132849427824,6.263922688
inverse,O81472,enc_dec,773,36.21020295099879,36.090945714000554,0.2894415602902258,21.375190883282542,0.16925975559233644,6.266300416
inverse,P04150,enc_dec,777,36.49065255700043,36.26601134399971,0.2721051502635578,21.320528559600866,0.15852821458741007,6.269471744
inverse,P31554,enc_dec,784,36.96343002999856,36.32322910599942,0.4336046696251668,21.237206594813152,0.2525739857381499,6.2750208
inverse,P56201,enc_dec,797,37.623579626999344,37.325114469000255,0.21422977806099394,21.21010302345982,0.12143391567519819,6.285325312
inverse,P21802,enc_dec,821,39.1452513940003,38.871066887999405,0.45182117295261215,20.998715571564475,0.24006743508500974,6.329662976
inverse,F4IP69,enc_dec,838,39.11021986599917,38.82597323600021,0.2623222528543287,21.452193387677486,0.14408369381587502,6.329769984
inverse,P28366,enc_dec,841,39.9011461049995,39.86530405800113,0.14231921492726923,21.102150744850405,0.07488535181275216,6.329780736
inverse,B0R8E4,enc_dec,852,39.58822774500004,39.531545933001325,0.19658673992268919,21.546809457964006,0.10627053633119875,6.329074688
inverse,A0A0K1IRS6,enc_dec,855,40.45058125499963,39.55337662200145,0.7125013451853333,21.161624220027733,0.3770072809993176,6.332230144
inverse,P0A9Q7,enc_dec,891,41.914530382999146,41.74049978500079,0.47127036861173965,21.281402698521035,0.23596255915826084,6.359841792
inverse,P10408,enc_dec,901,43.189957721999235,42.98833508200005,0.43256861834330074,20.884484439783495,0.20690954990777619,6.368950784
inverse,P19367,enc_dec,917,44.27177750699957,43.92457832999935,0.20354792339989095,20.73555776826128,0.09607720594087299,6.3804544
inverse,P10275,enc_dec,920,44.66214021199994,43.87703282599978,0.6870547241123827,20.62149273698584,0.3189801665802677,6.382833152
inverse,Q18H12,enc_dec,931,44.729678318999504,44.6311859030011,0.29899995576176785,20.8362777248975,0.13806900602043853,6.391552512
inverse,P43261,enc_dec,934,43.539191716999994,43.537229732000924,0.23978146162455735,21.474904864504563,0.11715560195658559,6.395986432
inverse,P62944,enc_dec,937,43.89383562200055,43.70433405499898,0.2195534603768078,21.369743306958892,0.1067265414924878,6.397914624
inverse,P19809,enc_dec,939,44.076605808999375,43.952306576999035,0.3943685321885265,21.32650603981114,0.18856308480874845,6.39914752
inverse,O76039,enc_dec,960,45.48894430300061,45.00075509599992,0.41716699005025054,21.12601236904522,0.19448443669468496,6.41454336
inverse,P49744,enc_dec,980,45.93233824100025,45.69698173699908,0.5114877226076028,21.357501872707562,0.23495327812886346,6.430396928
inverse,P0C152,enc_dec,992,47.209390302999964,46.5937671720003,0.3649901595003906,21.03395094973084,0.1647072710118022,6.440892928
inverse,Q8WZ75,enc_dec,1007,47.403120074999606,47.01114640000014,0.24864772125310797,21.264423067620374,0.11236245650268586,6.454347776
inverse,O43897,enc_dec,1013,47.759863994000625,47.56488962000003,0.22263548576997286,21.231216238961107,0.09884247349168016,6.45818624
inverse,B1GT61,enc_dec,1016,47.31836696100072,47.151523467000516,0.4109668629551192,21.49271129407742,0.18475424297221257,6.460007936
inverse,Q8K3Z0,enc_dec,1020,47.97942899000191,47.12285051700019,0.6033400393689242,21.27995312767809,0.271099804459313,6.46252288
inverse,O29316,enc_dec,1036,49.1195895790006,48.21519967199856,0.5886069868413167,21.111739916559355,0.25700512708943407,6.476790784
inverse,A0R152,enc_dec,1037,48.534700837000855,48.01977753599931,0.5217390867098535,21.386760031467457,0.2298595546719787,6.477374464
inverse,P06756,enc_dec,1048,49.113440510001965,48.46732775700002,0.4389005365236819,21.358715437302155,0.1928564291406152,6.484919296
inverse,Q60307,enc_dec,1064,50.04133668199938,49.74208741199982,0.19760868684045696,21.282405119747658,0.0844590883800091,6.497160192
inverse,P42336,enc_dec,1068,50.18586138300088,49.414589949999936,0.46755737494914035,21.30082000270489,0.20137629697026296,6.50034688
inverse,P00968,enc_dec,1073,50.08313524999903,49.64604350599984,0.43891150073795954,21.444344381375778,0.18793183044712683,6.504331264
inverse,P16566,enc_dec,1080,50.57758727500186,49.87704122800278,0.4187057331558347,21.37310334955989,0.17932791622338243,6.509908992
inverse,Q62959,enc_dec,1162,56.41259736200004,55.754340325000044,0.4177972532326561,20.61596264637525,0.15427652850148338,6.581050368
inverse,D9I2H0,enc_dec,1218,58.10545110599992,58.0819634909999,0.28452781709502273,20.979098807377248,0.10190913911866242,6.619873792
inverse,Q2I6J0,enc_dec,1226,58.89597381699991,58.41909501000009,0.9756403706690107,20.833342595072857,0.339236274290097,6.626248192
inverse,Q96QP1,enc_dec,1244,59.21944326100038,58.3216561510003,3.2641940090348656,21.023500584307392,1.0769651104779496,6.640590336
inverse,A3DH19,enc_dec,1251,62.06127038800014,60.870532597999954,0.7757401222483856,20.173612176686614,0.25633359277772,6.646168064
inverse,P04626,enc_dec,1255,62.001973907999854,61.258297645999846,0.5291927542263692,20.25741957608778,0.17437292641368415,6.649355264
inverse,P0DTC2,enc_dec,1273,60.806873644999996,60.45848256199997,0.2612786223086159,20.951578721803894,0.09034091872370172,6.66369792
inverse,Q55434,enc_dec,1276,61.1470990859998,60.26579805499932,0.6481210178215062,20.884065132901476,0.223444769848861,6.666087936
inverse,P12821,enc_dec,1306,62.27141761299936,61.56031845199959,0.47475227608501547,20.98876258322341,0.1615094458860251,6.689995776
inverse,Q9CAF4,enc_dec,1309,62.62022405599964,62.56685306899999,0.9444983949937666,20.919759067430054,0.3077694080776056,6.692385792
inverse,F3Y5P4,enc_dec,1319,62.87866128399946,62.062095907000185,0.4859472958850011,20.992813349477213,0.16430402381425688,6.700354048
inverse,F4IDB2,enc_dec,1325,62.961908215999756,62.739599737999924,0.278262890475263,21.06035280015607,0.092893880791099,6.705134592
inverse,Q2G0L4,enc_dec,1349,63.87244994499997,63.16805254300016,0.41879546391615097,21.13587315286127,0.14007888955996387,6.736031744
inverse,A4YHQ8,enc_dec,1360,64.3267968729997,64.279319493,0.03823288660082797,21.157590089352972,0.012579453056632196,6.736243712
inverse,O60885,enc_dec,1362,64.05716948600002,63.860861686000135,0.28736402259828203,21.277868050318546,0.0951602989112509,6.736280576
inverse,B2SU53,enc_dec,1373,64.87376269099968,63.91120007999962,0.9305431586123277,21.179594692919252,0.30422323030761206,6.74338304
inverse,A9KTE6,enc_dec,1377,64.17979080199984,63.68407266199938,0.36683781584478237,21.47093318286512,0.12332691334876286,6.746570752
inverse,O88093,enc_dec,1377,64.74009479300003,64.65493252300075,0.15490617377664204,21.285109396364295,0.05081470147551517,6.746570752
inverse,P02452,enc_dec,1464,68.36388312999952,68.2380419229994,0.16388321425702768,21.42944392456734,0.05130777977429059,6.816910848
inverse,B6A880,enc_dec,1487,73.6751304010013,72.39850568899965,2.2746307062250217,20.19677456831182,0.6066448529761862,6.839097344
inverse,P02458,enc_dec,1487,69.44466904300134,69.24223525099842,0.1797003533518453,21.427130699962074,0.05549008711722335,6.839175168
