protein_id,config,alpha_mean,alpha_std,alpha_min,alpha_max,p_aa_mass,length
P01542,greedy_T1.0,0.5618158578872681,0.12513236701488495,0.23044060170650482,0.7993008494377136,0.9999988675117493,46
P01542,published_T1.0_k3_p0.85,0.3192467987537384,0.1436217725276947,0.11101048439741135,0.6339925527572632,1.0,46
P01542,conservative_T0.5,0.4433598816394806,0.2386065125465393,0.05796627700328827,0.9511651992797852,1.0,46
P01542,exploratory_T1.5,0.6606962084770203,0.10467950254678726,0.2655903398990631,0.8511396646499634,0.999944269657135,46
P0A7N4,greedy_T1.0,0.40701359510421753,0.20556938648223877,0.02667398378252983,0.8699179291725159,1.0,57
P0A7N4,published_T1.0_k3_p0.85,0.265425443649292,0.2261674851179123,0.005223507061600685,0.9509479999542236,1.0,57
P0A7N4,conservative_T0.5,0.3247022330760956,0.32042860984802246,0.0020430972799658775,0.9972515106201172,1.0,57
P0A7N4,exploratory_T1.5,0.5089869499206543,0.15952521562576294,0.10526098310947418,0.8077450394630432,0.9999950528144836,57
P02798,greedy_T1.0,0.3192615509033203,0.2715161442756653,0.00859000626951456,0.882853090763092,0.9999991059303284,61
P02798,published_T1.0_k3_p0.85,0.16761554777622223,0.167689710855484,0.004880215041339397,0.8815674781799316,1.0,61
P02798,conservative_T0.5,0.2488640397787094,0.2728201746940613,0.0003687452699523419,0.9986579418182373,1.0,61
P02798,exploratory_T1.5,0.40955376625061035,0.2704995572566986,0.04408414661884308,0.8709597587585449,0.9999494552612305,61
P61583,greedy_T1.0,0.585659384727478,0.13081663846969604,0.30030393600463867,0.8467118144035339,0.9999998211860657,75
P61583,published_T1.0_k3_p0.85,0.27484583854675293,0.08752952516078949,0.11722096055746078,0.5842108130455017,1.0,75
P61583,conservative_T0.5,0.4850977659225464,0.175911083817482,0.05635051429271698,0.8790416717529297,1.0,75
P61583,exploratory_T1.5,0.688064455986023,0.10251381248235703,0.4847937226295471,0.8849704265594482,0.9999775290489197,75
P24311,greedy_T1.0,0.3815007507801056,0.1605311930179596,0.1280587613582611,0.7548853754997253,0.9999998807907104,80
P24311,published_T1.0_k3_p0.85,0.20508861541748047,0.12950441241264343,0.02179771661758423,0.7013276815414429,1.0,80
P24311,conservative_T0.5,0.3108234405517578,0.1996740698814392,0.005910289473831654,0.920498788356781,1.0,80
P24311,exploratory_T1.5,0.5395631790161133,0.13051734864711761,0.21125593781471252,0.806916356086731,0.9999859929084778,80
P0A7U3,greedy_T1.0,0.335214227437973,0.21504119038581848,0.03983989730477333,0.9680622220039368,1.0,92
P0A7U3,published_T1.0_k3_p0.85,0.24543119966983795,0.20263035595417023,0.026267150416970253,0.9675660729408264,1.0,92
P0A7U3,conservative_T0.5,0.31549620628356934,0.2804279625415802,0.006177232600748539,0.9998975396156311,1.0,92
P0A7U3,exploratory_T1.5,0.4015612006187439,0.18919971585273743,0.08899019658565521,0.8656248450279236,0.9999988675117493,92
P63165,greedy_T1.0,0.2037697285413742,0.17523562908172607,0.014415879733860493,0.6749468445777893,1.0,101
P63165,published_T1.0_k3_p0.85,0.15342675149440765,0.14587269723415375,0.012475160881876945,0.6742337942123413,1.0,101
P63165,conservative_T0.5,0.19414450228214264,0.2368023544549942,0.000502610404510051,0.967894434928894,1.0,101
P63165,exploratory_T1.5,0.24273182451725006,0.18156450986862183,0.057404130697250366,0.765179455280304,0.9999980926513672,101
P10599,greedy_T1.0,0.5175138711929321,0.23982590436935425,0.04787357524037361,0.9937999844551086,1.0,105
P10599,published_T1.0_k3_p0.85,0.3844677209854126,0.24117980897426605,0.032700154930353165,0.9935417175292969,1.0,105
P10599,conservative_T0.5,0.4852973520755768,0.3103187084197998,0.008019356988370419,0.999996542930603,1.0,105
P10599,exploratory_T1.5,0.5677957534790039,0.20146243274211884,0.08813095092773438,0.9293330311775208,0.9999970197677612,105
P01308,greedy_T1.0,0.3704147934913635,0.1857394427061081,0.05676781386137009,0.7278481125831604,0.9999998807907104,110
P01308,published_T1.0_k3_p0.85,0.16593492031097412,0.10122490674257278,0.03339224308729172,0.5207528471946716,1.0,110
P01308,conservative_T0.5,0.25997284054756165,0.2014761120080948,0.026037873700261116,0.923538327217102,1.0,110
P01308,exploratory_T1.5,0.5118383169174194,0.16223767399787903,0.15559902787208557,0.8116233944892883,0.999985933303833,110
P61769,greedy_T1.0,0.34380245208740234,0.21917572617530823,0.007752669975161552,0.8727003931999207,0.9999997615814209,119
P61769,published_T1.0_k3_p0.85,0.22159774601459503,0.19009681046009064,0.0025943017099052668,0.8683457374572754,1.0,119
P61769,conservative_T0.5,0.30553311109542847,0.29392218589782715,3.6876514059258625e-05,0.9931142330169678,1.0,119
P61769,exploratory_T1.5,0.43031349778175354,0.19716466963291168,0.06759189069271088,0.8836160898208618,0.9999857544898987,119
P37840,greedy_T1.0,0.2043313831090927,0.14476287364959717,0.08101910352706909,0.8185362815856934,0.9999995827674866,140
P37840,published_T1.0_k3_p0.85,0.11737733334302902,0.08632003515958786,0.010691541247069836,0.597902774810791,1.0,140
P37840,conservative_T0.5,0.18272998929023743,0.1751422882080078,0.0034553015138953924,0.9591527581214905,1.0,140
P37840,exploratory_T1.5,0.35500776767730713,0.14406758546829224,0.16525395214557648,0.8757538795471191,0.9999627470970154,140
Q57733,greedy_T1.0,0.4829116761684418,0.19702410697937012,0.03828621655702591,0.8837044835090637,1.0,147
Q57733,published_T1.0_k3_p0.85,0.28476428985595703,0.18345364928245544,0.029655821621418,0.8829646706581116,1.0,147
Q57733,conservative_T0.5,0.3941024839878082,0.2690224051475525,0.006032743025571108,0.9952020049095154,1.0,147
Q57733,exploratory_T1.5,0.5712648630142212,0.1724286675453186,0.09202191978693008,0.8588975667953491,0.9999932646751404,147
P68871,greedy_T1.0,0.23177441954612732,0.18860186636447906,0.009819881990551949,0.9358827471733093,1.0,147
P68871,published_T1.0_k3_p0.85,0.19557908177375793,0.17945116758346558,0.003882385790348053,0.9355101585388184,1.0,147
P68871,conservative_T0.5,0.2514139413833618,0.2749619781970978,0.00048438378144055605,0.999570906162262,1.0,147
P68871,exploratory_T1.5,0.2673012614250183,0.15832984447479248,0.052166931331157684,0.8561694622039795,0.9999985694885254,147
P00698,greedy_T1.0,0.33961018919944763,0.21752290427684784,0.014079545624554157,0.969408392906189,1.0,147
P00698,published_T1.0_k3_p0.85,0.21440660953521729,0.1734040528535843,0.011854535900056362,0.9687137603759766,1.0,147
P00698,conservative_T0.5,0.30241861939430237,0.2728331983089447,0.0006557779852300882,0.9998881220817566,1.0,147
P00698,exploratory_T1.5,0.41702428460121155,0.20802265405654907,0.04462295398116112,0.8683582544326782,0.9999906420707703,147
P61626,greedy_T1.0,0.34403544664382935,0.21755848824977875,0.017287949100136757,0.9708396196365356,1.0,148
P61626,published_T1.0_k3_p0.85,0.22117161750793457,0.1766168624162674,0.013504031114280224,0.9705672860145569,1.0,148
P61626,conservative_T0.5,0.311943382024765,0.27507904171943665,0.0010669600451365113,0.9999040365219116,1.0,148
P61626,exploratory_T1.5,0.4161478579044342,0.20964530110359192,0.04081998020410538,0.8353968858718872,0.9999879598617554,148
P0DP27,greedy_T1.0,0.28250962495803833,0.2522333860397339,0.014785121195018291,0.9447451233863831,1.0,149
P0DP27,published_T1.0_k3_p0.85,0.2675732970237732,0.2534525990486145,0.011038817465305328,0.9436096549034119,1.0,149
P0DP27,conservative_T0.5,0.3408636450767517,0.3342333436012268,0.0009104261989705265,0.9992243051528931,1.0,149
P0DP27,exploratory_T1.5,0.26014944911003113,0.18044976890087128,0.057451922446489334,0.7856058478355408,0.9999988675117493,149
P16949,greedy_T1.0,0.25530996918678284,0.2172509729862213,0.02119349129498005,0.9818648099899292,0.9999979734420776,149
P16949,published_T1.0_k3_p0.85,0.15339143574237823,0.13116329908370972,0.014870726503431797,0.981410026550293,1.0,149
P16949,conservative_T0.5,0.21545569598674774,0.20886635780334473,0.002432853216305375,0.9999676942825317,1.0,149
P16949,exploratory_T1.5,0.33343470096588135,0.2363608479499817,0.06118369102478027,0.8727359771728516,0.9999763369560242,149
P68082,greedy_T1.0,0.386726438999176,0.208907350897789,0.02050025947391987,0.9199663400650024,1.0,154
P68082,published_T1.0_k3_p0.85,0.25810667872428894,0.18499594926834106,0.009053686633706093,0.9142724871635437,1.0,154
P68082,conservative_T0.5,0.3253878057003021,0.25993457436561584,0.0005032100016251206,0.9991617202758789,1.0,154
P68082,exploratory_T1.5,0.46395590901374817,0.19037947058677673,0.05927593261003494,0.846866250038147,0.9999980330467224,154
P00441,greedy_T1.0,0.0,0.0,0.0,0.0,0.0,154
P00441,published_T1.0_k3_p0.85,0.0,0.0,0.0,0.0,0.0,154
P00441,conservative_T0.5,0.0,0.0,0.0,0.0,0.0,154
P00441,exploratory_T1.5,0.0,0.0,0.0,0.0,0.0,154
P0A7Y4,greedy_T1.0,0.39990171790122986,0.24028100073337555,0.008254355750977993,0.9621408581733704,1.0,155
P0A7Y4,published_T1.0_k3_p0.85,0.29165375232696533,0.2240665853023529,0.004229765385389328,0.9326169490814209,1.0,155
P0A7Y4,conservative_T0.5,0.39004507660865784,0.3183344602584839,0.00010817889415193349,0.9987987279891968,1.0,155
P0A7Y4,exploratory_T1.5,0.4477567970752716,0.21082335710525513,0.03481217473745346,0.8751263618469238,0.9999960660934448,155
Q9R0Q7,greedy_T1.0,0.21980038285255432,0.17837555706501007,0.007681315764784813,0.8614034652709961,0.9999996423721313,160
Q9R0Q7,published_T1.0_k3_p0.85,0.16191111505031586,0.15708915889263153,0.002086953492835164,0.8594468832015991,1.0,160
Q9R0Q7,conservative_T0.5,0.21669486165046692,0.24907225370407104,0.00020147228497080505,0.9929157495498657,1.0,160
Q9R0Q7,exploratory_T1.5,0.26826590299606323,0.1666298508644104,0.03628288954496384,0.727111279964447,0.9999788403511047,160
P18253,greedy_T1.0,0.0,0.0,0.0,0.0,0.0,162
P18253,published_T1.0_k3_p0.85,0.0,0.0,0.0,0.0,0.0,162
P18253,conservative_T0.5,0.0,0.0,0.0,0.0,0.0,162
P18253,exploratory_T1.5,0.0,0.0,0.0,0.0,0.0,162
A0A6G0XC32,greedy_T1.0,0.5976957082748413,0.17784002423286438,0.11286403983831406,0.9638468027114868,0.9999990463256836,163
A0A6G0XC32,published_T1.0_k3_p0.85,0.39674630761146545,0.2200842797756195,0.015682930126786232,0.9549052715301514,1.0,163
A0A6G0XC32,conservative_T0.5,0.5028683543205261,0.2998882830142975,0.0018338393419981003,0.9996964931488037,1.0,163
A0A6G0XC32,exploratory_T1.5,0.6791893243789673,0.11792153865098953,0.29209816455841064,0.8864226341247559,0.999954104423523,163
P62937,greedy_T1.0,0.33829164505004883,0.26421037316322327,0.02373739518225193,0.9847404360771179,1.0,165
P62937,published_T1.0_k3_p0.85,0.299008846282959,0.26820772886276245,0.007487209513783455,0.9846136569976807,1.0,165
P62937,conservative_T0.5,0.38356131315231323,0.34136682748794556,0.0003111975674983114,0.9999648332595825,1.0,165
P62937,exploratory_T1.5,0.3373465836048126,0.2112828493118286,0.04961603879928589,0.8825735449790955,0.9999940991401672,165
P04808,greedy_T1.0,0.39584028720855713,0.17022573947906494,0.12581497430801392,0.8598674535751343,0.9999993443489075,185
P04808,published_T1.0_k3_p0.85,0.17368337512016296,0.14011219143867493,0.02670447714626789,0.8026880621910095,1.0,185
P04808,conservative_T0.5,0.20775529742240906,0.1948927938938141,0.01199862826615572,0.9804825782775879,1.0,185
P04808,exploratory_T1.5,0.5796109437942505,0.11421293765306473,0.35421937704086304,0.8312705755233765,0.9999376535415649,185
P43408,greedy_T1.0,0.5575039982795715,0.20131295919418335,0.0334307998418808,0.9825872182846069,1.0,192
P43408,published_T1.0_k3_p0.85,0.3738962709903717,0.20324525237083435,0.030286138877272606,0.9684818387031555,1.0,192
P43408,conservative_T0.5,0.4899795353412628,0.2686537206172943,0.0061121233738958836,0.9999253153800964,1.0,192
P43408,exploratory_T1.5,0.626646101474762,0.16915571689605713,0.08514149487018585,0.9244676828384399,0.9999966025352478,192
P0ACJ8,greedy_T1.0,0.5675180554389954,0.18060000240802765,0.06254227459430695,0.9906334280967712,1.0,210
P0ACJ8,published_T1.0_k3_p0.85,0.3828446865081787,0.200948104262352,0.042234841734170914,0.9903370141983032,1.0,210
P0ACJ8,conservative_T0.5,0.49190354347229004,0.25516319274902344,0.017854636535048485,0.9999908804893494,1.0,210
P0ACJ8,exploratory_T1.5,0.6389312744140625,0.15143100917339325,0.1566951423883438,0.9059284329414368,0.9999949932098389,210
P69441,greedy_T1.0,0.4354700744152069,0.24839213490486145,0.007682234980165958,0.9874694347381592,1.0,214
P69441,published_T1.0_k3_p0.85,0.3438931107521057,0.2404661625623703,0.0010537601774558425,0.9874106049537659,1.0,214
P69441,conservative_T0.5,0.4262888431549072,0.3234759569168091,4.5959168346598744e-05,0.9999690055847168,1.0,214
P69441,exploratory_T1.5,0.4685848653316498,0.21949811279773712,0.04533003270626068,0.8935944437980652,0.9999995231628418,214
P01375,greedy_T1.0,0.0,0.0,0.0,0.0,0.0,233
P01375,published_T1.0_k3_p0.85,0.0,0.0,0.0,0.0,0.0,233
P01375,conservative_T0.5,0.0,0.0,0.0,0.0,0.0,233
P01375,exploratory_T1.5,0.0,0.0,0.0,0.0,0.0,233
P0A7L0,greedy_T1.0,0.0,0.0,0.0,0.0,0.0,234
P0A7L0,published_T1.0_k3_p0.85,0.0,0.0,0.0,0.0,0.0,234
P0A7L0,conservative_T0.5,0.0,0.0,0.0,0.0,0.0,234
P0A7L0,exploratory_T1.5,0.0,0.0,0.0,0.0,0.0,234
P42212,greedy_T1.0,0.5741158127784729,0.11626278609037399,0.28461626172065735,0.9666277170181274,1.0,238
P42212,published_T1.0_k3_p0.85,0.3124449849128723,0.13212861120700836,0.028444353491067886,0.9593959450721741,1.0,238
P42212,conservative_T0.5,0.4672796428203583,0.19948498904705048,0.03124670684337616,0.9998425245285034,1.0,238
P42212,exploratory_T1.5,0.6635652184486389,0.08820108324289322,0.445542573928833,0.8866782188415527,0.9999916553497314,238
P63101,greedy_T1.0,0.19724750518798828,0.18521317839622498,0.005430339369922876,0.9359984397888184,1.0,245
P63101,published_T1.0_k3_p0.85,0.17718622088432312,0.18316344916820526,0.004148968029767275,0.935084342956543,1.0,245
P63101,conservative_T0.5,0.2318137288093567,0.2827562689781189,0.00010100789222633466,0.9993454217910767,1.0,245
P63101,exploratory_T1.5,0.21173545718193054,0.13862816989421844,0.03491770476102829,0.741745114326477,0.9999959468841553,245
P00766,greedy_T1.0,0.4234221279621124,0.237299382686615,0.01880226656794548,0.9897071123123169,1.0,245
P00766,published_T1.0_k3_p0.85,0.2992449998855591,0.23825988173484802,0.0012447129702195525,0.98862224817276,1.0,245
P00766,conservative_T0.5,0.3769446611404419,0.31352412700653076,0.00016881851479411125,0.9999761581420898,1.0,245
P00766,exploratory_T1.5,0.4765653610229492,0.2053888887166977,0.05543586611747742,0.9163607954978943,0.9999960660934448,245
P15378,greedy_T1.0,0.48401302099227905,0.23007714748382568,0.006872314959764481,0.9751246571540833,1.0,248
P15378,published_T1.0_k3_p0.85,0.3358598053455353,0.22640229761600494,0.0019401554018259048,0.9731983542442322,1.0,248
P15378,conservative_T0.5,0.43170732259750366,0.299331396818161,4.1208597394870594e-05,0.9998818635940552,1.0,248
P15378,exploratory_T1.5,0.5492328405380249,0.19202187657356262,0.03575652092695236,0.9316145777702332,0.9999966621398926,248
P00918,greedy_T1.0,0.3614591658115387,0.21815267205238342,0.015321094542741776,0.9490652680397034,1.0,260
P00918,published_T1.0_k3_p0.85,0.24348093569278717,0.18721815943717957,0.0038327134680002928,0.9473379254341125,1.0,260
P00918,conservative_T0.5,0.3271138668060303,0.2806444466114044,0.00021213806758169085,0.9996320009231567,1.0,260
P00918,exploratory_T1.5,0.4248456060886383,0.21261553466320038,0.0460643395781517,0.8773395419120789,0.9999943375587463,260
P62593,greedy_T1.0,0.25719600915908813,0.22404755651950836,0.0009818114340305328,0.9736939072608948,1.0,286
P62593,published_T1.0_k3_p0.85,0.19950814545154572,0.18797734379768372,0.0005362821975722909,0.9687937498092651,1.0,286
P62593,conservative_T0.5,0.2643052339553833,0.2775118052959442,1.3992239473736845e-06,0.9998269081115723,1.0,286
P62593,exploratory_T1.5,0.28121325373649597,0.21323107182979584,0.014678782783448696,0.8733948469161987,0.9999967813491821,286
P24941,greedy_T1.0,0.3295084834098816,0.24882300198078156,0.006877921521663666,0.9938494563102722,1.0,298
P24941,published_T1.0_k3_p0.85,0.28903862833976746,0.2532917857170105,0.004406813532114029,0.9937740564346313,1.0,298
P24941,conservative_T0.5,0.36744433641433716,0.35101118683815,6.13123265793547e-05,0.9999936819076538,1.0,298
P24941,exploratory_T1.5,0.3241960108280182,0.18579941987991333,0.026817042380571365,0.931167483329773,0.9999991655349731,298
P02686,greedy_T1.0,0.2753307819366455,0.19473613798618317,0.07887692749500275,0.844041109085083,0.9999979734420776,304
P02686,published_T1.0_k3_p0.85,0.1395050436258316,0.10879845172166824,0.026120055466890335,0.7182825207710266,1.0,304
P02686,conservative_T0.5,0.16822576522827148,0.17947962880134583,0.01228151936084032,0.9464911818504333,1.0,304
P02686,exploratory_T1.5,0.45231372117996216,0.1696299910545349,0.2367124855518341,0.8882220983505249,0.9998764991760254,304
P61869,greedy_T1.0,0.4345740079879761,0.21026162803173065,0.026468144729733467,0.9723886251449585,1.0,305
P61869,published_T1.0_k3_p0.85,0.26032546162605286,0.20252832770347595,0.008238455280661583,0.9565200209617615,1.0,305
P61869,conservative_T0.5,0.33553749322891235,0.27490296959877014,0.0013017329620197415,0.9998505115509033,1.0,305
P61869,exploratory_T1.5,0.5259489417076111,0.18298792839050293,0.051060862839221954,0.8706395626068115,0.9999955892562866,305
P63244,greedy_T1.0,0.3356780409812927,0.2513996958732605,0.011911154724657536,0.982040286064148,1.0,317
P63244,published_T1.0_k3_p0.85,0.2819150388240814,0.24698908627033234,0.007531026843935251,0.9817968606948853,1.0,317
P63244,conservative_T0.5,0.359557569026947,0.32035356760025024,0.0003275924827903509,0.9999726414680481,1.0,317
P63244,exploratory_T1.5,0.3494889438152313,0.20574350655078888,0.043073512613773346,0.8566460013389587,0.9999990463256836,317
P05089,greedy_T1.0,0.35587918758392334,0.24248547852039337,0.006307713687419891,0.9586437344551086,1.0,322
P05089,published_T1.0_k3_p0.85,0.2546968162059784,0.21227332949638367,0.004457289818674326,0.9539098739624023,1.0,322
P05089,conservative_T0.5,0.3315506875514984,0.2978364825248718,0.00011788313713623211,0.9997668862342834,1.0,322
P05089,exploratory_T1.5,0.40217307209968567,0.22520674765110016,0.036476220935583115,0.8722216486930847,0.9999980926513672,322
P04406,greedy_T1.0,0.24580077826976776,0.2210296094417572,0.006020012777298689,0.9828716516494751,1.0,335
P04406,published_T1.0_k3_p0.85,0.22374549508094788,0.21962273120880127,0.004524365533143282,0.982568085193634,1.0,335
P04406,conservative_T0.5,0.28215742111206055,0.30265191197395325,0.00011476529471110553,0.999928891658783,1.0,335
P04406,exploratory_T1.5,0.25104770064353943,0.17611148953437805,0.027300836518406868,0.8828167915344238,0.9999984502792358,335
P07688,greedy_T1.0,0.34879210591316223,0.2494879513978958,0.009459261782467365,0.9877240657806396,1.0,335
P07688,published_T1.0_k3_p0.85,0.24820201098918915,0.21792158484458923,0.004167571663856506,0.9873850345611572,1.0,335
P07688,conservative_T0.5,0.3390543460845947,0.3038834035396576,0.0002507256285753101,0.9999781847000122,1.0,335
P07688,exploratory_T1.5,0.3880234360694885,0.23094332218170166,0.03439349681138992,0.8978086113929749,0.9999972581863403,335
P00784,greedy_T1.0,0.34198087453842163,0.22708450257778168,0.01445690356194973,0.9810212254524231,1.0,345
P00784,published_T1.0_k3_p0.85,0.24522067606449127,0.2159859538078308,0.005233645439147949,0.9767875075340271,1.0,345
P00784,conservative_T0.5,0.32271817326545715,0.2975948452949524,0.0010995854390785098,0.9999339580535889,1.0,345
P00784,exploratory_T1.5,0.392303466796875,0.20287096500396729,0.044118329882621765,0.9178069829940796,0.9999943375587463,345
P0A988,greedy_T1.0,0.43656861782073975,0.21578165888786316,0.01993451453745365,0.8661937713623047,1.0,366
P0A988,published_T1.0_k3_p0.85,0.29594939947128296,0.18458965420722961,0.013326207175850868,0.9209304451942444,1.0,366
P0A988,conservative_T0.5,0.3795399069786072,0.26569315791130066,0.0012203794904053211,0.9914940595626831,1.0,366
P0A988,exploratory_T1.5,0.5107024312019348,0.20009657740592957,0.06101853400468826,0.8749361038208008,0.9999982714653015,366
P02572,greedy_T1.0,0.18490172922611237,0.20198550820350647,0.006294958759099245,0.9872862696647644,1.0,376
P02572,published_T1.0_k3_p0.85,0.17844901978969574,0.2031196653842926,0.0013396083377301693,0.986847460269928,1.0,376
P02572,conservative_T0.5,0.22935546934604645,0.28715357184410095,0.00011184210598003119,0.9999787211418152,1.0,376
P02572,exploratory_T1.5,0.1744299978017807,0.1392674446105957,0.03418317437171936,0.8941390514373779,0.9999994039535522,376
P14598,greedy_T1.0,0.2805039584636688,0.23252569139003754,0.00955493375658989,0.9758927822113037,1.0,390
P14598,published_T1.0_k3_p0.85,0.19778938591480255,0.1945662796497345,0.008515428751707077,0.9755880236625671,1.0,390
P14598,conservative_T0.5,0.2619607448577881,0.2857362926006317,0.0002963233273476362,0.9998489618301392,1.0,390
P14598,exploratory_T1.5,0.3252524733543396,0.226075679063797,0.03906241059303284,0.8651240468025208,0.9999986886978149,390
P04637,greedy_T1.0,0.29194119572639465,0.2282324880361557,0.005964543204754591,0.876515805721283,0.9999995231628418,393
P04637,published_T1.0_k3_p0.85,0.15170562267303467,0.12595924735069275,0.004980826750397682,0.8402839303016663,1.0,393
P04637,conservative_T0.5,0.21444302797317505,0.22356854379177094,0.00020372727885842323,0.996285617351532,1.0,393
P04637,exploratory_T1.5,0.3898724913597107,0.26158469915390015,0.024872999638319016,0.8688175678253174,0.9999598264694214,393
P0AEX9,greedy_T1.0,0.4625341296195984,0.1918308585882187,0.008799003437161446,0.9638690948486328,1.0,396
P0AEX9,published_T1.0_k3_p0.85,0.30714499950408936,0.19856694340705872,0.004356188699603081,0.9541049599647522,1.0,396
P0AEX9,conservative_T0.5,0.3990069031715393,0.2726055383682251,0.00021617037418764085,0.999821126461029,1.0,396
P0AEX9,exploratory_T1.5,0.5410821437835693,0.1488046497106552,0.062176886945962906,0.8488170504570007,0.9999978542327881,396
P0A953,greedy_T1.0,0.4162276089191437,0.21470384299755096,0.01628147065639496,0.992237389087677,1.0,406
P0A953,published_T1.0_k3_p0.85,0.31195804476737976,0.21249470114707947,0.008449213579297066,0.9920638203620911,1.0,406
P0A953,conservative_T0.5,0.39383623003959656,0.3075534999370575,0.0006121898768469691,0.9999872446060181,1.0,406
P0A953,exploratory_T1.5,0.4684132933616638,0.1791089028120041,0.05979201942682266,0.9209265112876892,0.9999995231628418,406
P0DTC9,greedy_T1.0,0.4336570203304291,0.18724483251571655,0.041211966425180435,0.9767799973487854,0.9999979734420776,419
P0DTC9,published_T1.0_k3_p0.85,0.19787025451660156,0.13598981499671936,0.00847453810274601,0.9723740816116333,1.0,419
P0DTC9,conservative_T0.5,0.28503769636154175,0.22142761945724487,0.0033139910083264112,0.9999381899833679,1.0,419
P0DTC9,exploratory_T1.5,0.5854870676994324,0.13768234848976135,0.1425938904285431,0.891069769859314,0.9999517798423767,419
P0ABH7,greedy_T1.0,0.2063780575990677,0.18721319735050201,0.00467503909021616,0.9305588603019714,1.0,427
P0ABH7,published_T1.0_k3_p0.85,0.16328628361225128,0.16567030549049377,0.0009704375988803804,0.9300833940505981,1.0,427
P0ABH7,conservative_T0.5,0.2166266292333603,0.26668843626976013,1.832808629842475e-05,0.998967707157135,1.0,427
P0ABH7,exploratory_T1.5,0.2398645430803299,0.17426086962223053,0.024779969826340675,0.8506041765213013,0.9999984502792358,427
P06280,greedy_T1.0,0.3276863098144531,0.2402491420507431,0.0025039457250386477,0.972196638584137,0.9999998807907104,429
P06280,published_T1.0_k3_p0.85,0.2270531952381134,0.21330402791500092,0.001676736632362008,0.9679255485534668,1.0,429
P06280,conservative_T0.5,0.2952921688556671,0.2975720167160034,2.634545489854645e-05,0.9999082684516907,1.0,429
P06280,exploratory_T1.5,0.3928879201412201,0.21894708275794983,0.0190422385931015,0.8863452076911926,0.9999896287918091,429
P0A855,greedy_T1.0,0.46203434467315674,0.21224243938922882,0.01926259696483612,0.9695591330528259,1.0,430
P0A855,published_T1.0_k3_p0.85,0.31168052554130554,0.21976038813591003,0.0027052881196141243,0.9675005674362183,1.0,430
P0A855,conservative_T0.5,0.4082035422325134,0.302685022354126,0.00024133693659678102,0.9998900294303894,1.0,430
P0A855,exploratory_T1.5,0.527079701423645,0.1702159196138382,0.06179668754339218,0.8720369338989258,0.9999970197677612,430
P0A6P9,greedy_T1.0,0.2993946671485901,0.22880762815475464,0.005725895054638386,0.9886665940284729,0.9999996423721313,432
P0A6P9,published_T1.0_k3_p0.85,0.23777566850185394,0.21545056998729706,0.0009485812624916434,0.970707893371582,1.0,432
P0A6P9,conservative_T0.5,0.3088853061199188,0.30682605504989624,0.0001739298750180751,0.9999337792396545,1.0,432
P0A6P9,exploratory_T1.5,0.33181053400039673,0.2010648250579834,0.02442273497581482,0.9126327633857727,0.9999820590019226,432
P56252,greedy_T1.0,0.23492994904518127,0.21028999984264374,0.006599619518965483,0.9827842712402344,0.9999995231628418,433
P56252,published_T1.0_k3_p0.85,0.2032291293144226,0.2005840390920639,0.0024369547609239817,0.9823257327079773,1.0,433
P56252,conservative_T0.5,0.26723745465278625,0.2923228442668915,0.00011260276369284838,0.9999567270278931,1.0,433
P56252,exploratory_T1.5,0.2529798448085785,0.17927810549736023,0.027861010283231735,0.8731908202171326,0.9999748468399048,433
P34690,greedy_T1.0,0.16571518778800964,0.18464791774749756,0.003851287066936493,0.9660205245018005,1.0,448
P34690,published_T1.0_k3_p0.85,0.15068984031677246,0.18125635385513306,0.002371235517784953,0.965498149394989,1.0,448
P34690,conservative_T0.5,0.19164299964904785,0.25862663984298706,3.552451016730629e-05,0.999833345413208,1.0,448
P34690,exploratory_T1.5,0.1743987798690796,0.14442047476768494,0.023811418563127518,0.868800163269043,0.9999987483024597,448
P00439,greedy_T1.0,0.17320750653743744,0.19192621111869812,0.0008045057766139507,0.8832932114601135,0.9977893829345703,452
P00439,published_T1.0_k3_p0.85,0.11107926070690155,0.1233324185013771,0.0,0.8244000673294067,0.997787594795227,452
P00439,conservative_T0.5,0.14277766644954681,0.20779730379581451,4.572457967810806e-08,0.996196448802948,0.997787594795227,452
P00439,exploratory_T1.5,0.22752885520458221,0.20771406590938568,0.018616097047924995,0.8830196857452393,0.9978318810462952,452
P02994,greedy_T1.0,0.2122783064842224,0.2223171889781952,0.004190248437225819,0.988449215888977,1.0,458
P02994,published_T1.0_k3_p0.85,0.20065388083457947,0.22375471889972687,0.002894660225138068,0.9877177476882935,1.0,458
P02994,conservative_T0.5,0.25455477833747864,0.3036818504333496,3.23236636177171e-05,0.9999758005142212,1.0,458
P02994,exploratory_T1.5,0.20292943716049194,0.16083918511867523,0.022760670632123947,0.9124090671539307,0.9999988675117493,458
P08684,greedy_T1.0,0.40168261528015137,0.2185615748167038,0.017881201580166817,0.9941526651382446,0.9999998807907104,503
P08684,published_T1.0_k3_p0.85,0.2832421064376831,0.21005868911743164,0.012515404261648655,0.9928909540176392,1.0,503
P08684,conservative_T0.5,0.3651346266269684,0.3007937967777252,0.0013052192516624928,0.9999943375587463,1.0,503
P08684,exploratory_T1.5,0.45977675914764404,0.18909548223018646,0.06397560238838196,0.9459512233734131,0.9999962449073792,503
P0AFL6,greedy_T1.0,0.3623626232147217,0.21163664758205414,0.0036974861286580563,0.9731053709983826,1.0,513
P0AFL6,published_T1.0_k3_p0.85,0.25387150049209595,0.181385338306427,0.0007230096962302923,0.9720525145530701,1.0,513
P0AFL6,conservative_T0.5,0.34081947803497314,0.27655911445617676,3.958818706450984e-05,0.9999217391014099,1.0,513
P0AFL6,exploratory_T1.5,0.42073383927345276,0.20081189274787903,0.02458714134991169,0.8339090943336487,0.9999988079071045,513
P0ABB0,greedy_T1.0,0.23158730566501617,0.2140101194381714,0.006091201677918434,0.9777857065200806,1.0,513
P0ABB0,published_T1.0_k3_p0.85,0.1996796429157257,0.20752574503421783,0.001483980449847877,0.9775108695030212,1.0,513
P0ABB0,conservative_T0.5,0.24439780414104462,0.2876260578632355,0.00010079483763547614,0.9998430013656616,1.0,513
P0ABB0,exploratory_T1.5,0.24631932377815247,0.17553433775901794,0.029581326991319656,0.8597638607025146,0.9999969005584717,513
P11413,greedy_T1.0,0.2417902648448944,0.2168908715248108,0.006453632842749357,0.9787087440490723,1.0,515
P11413,published_T1.0_k3_p0.85,0.18699781596660614,0.17966784536838531,0.0036583852488547564,0.9781674146652222,1.0,515
P11413,conservative_T0.5,0.2530267536640167,0.2720201909542084,6.356857920764014e-05,0.9998992085456848,1.0,515
P11413,exploratory_T1.5,0.2718624472618103,0.2039691060781479,0.02995234727859497,0.88611900806427,0.9999939799308777,515
P0A6F5,greedy_T1.0,0.21318218111991882,0.17845414578914642,0.007362539414316416,0.9510270953178406,1.0,548
P0A6F5,published_T1.0_k3_p0.85,0.18813394010066986,0.1766766458749771,0.004123934078961611,0.9508382678031921,1.0,548
P0A6F5,conservative_T0.5,0.24265503883361816,0.27129340171813965,0.00018133677076548338,0.9996104836463928,1.0,548
P0A6F5,exploratory_T1.5,0.22311782836914062,0.13370051980018616,0.028132174164056778,0.7673333883285522,0.999997079372406,548
P0AG67,greedy_T1.0,0.39672642946243286,0.23506569862365723,0.005779567174613476,0.9931961894035339,1.0,557
P0AG67,published_T1.0_k3_p0.85,0.31052717566490173,0.23257654905319214,0.0020246081985533237,0.9930991530418396,1.0,557
P0AG67,conservative_T0.5,0.38748985528945923,0.3156585991382599,3.632422158261761e-05,0.9999886751174927,1.0,557
P0AG67,exploratory_T1.5,0.4284515082836151,0.2000429779291153,0.0337551087141037,0.9286123514175415,0.9999993443489075,557
P35354,greedy_T1.0,0.21796445548534393,0.19802142679691315,0.004222376272082329,0.9778385162353516,1.0,604
P35354,published_T1.0_k3_p0.85,0.1626446396112442,0.1697496920824051,0.0011937764938920736,0.9777686595916748,1.0,604
P35354,conservative_T0.5,0.21656951308250427,0.25754424929618835,0.00011730081314453855,0.9999539852142334,1.0,604
P35354,exploratory_T1.5,0.26410049200057983,0.19135978817939758,0.02206132560968399,0.8676449060440063,0.9999967813491821,604
P02768,greedy_T1.0,0.3901587724685669,0.18926392495632172,0.011197099462151527,0.985680878162384,1.0,609
P02768,published_T1.0_k3_p0.85,0.24408815801143646,0.1701069325208664,0.00368537288159132,0.9852083921432495,1.0,609
P02768,conservative_T0.5,0.3153977394104004,0.2461368590593338,0.00010214934445684776,0.9999701976776123,1.0,609
P02768,exploratory_T1.5,0.47704505920410156,0.1731453686952591,0.037875235080718994,0.8870626091957092,0.9999979734420776,609
P10591,greedy_T1.0,0.24590931832790375,0.21346226334571838,0.003969814162701368,0.9871660470962524,1.0,642
P10591,published_T1.0_k3_p0.85,0.22467121481895447,0.21367108821868896,0.0030066766776144505,0.9869770407676697,1.0,642
P10591,conservative_T0.5,0.293273389339447,0.3062208890914917,0.00010320681030862033,0.9999831914901733,1.0,642
P10591,exploratory_T1.5,0.24185113608837128,0.1600913405418396,0.02748391404747963,0.8986014127731323,0.9999983906745911,642
P23246,greedy_T1.0,0.09634304791688919,0.07375835627317429,0.01109994575381279,0.8156516551971436,0.9999989867210388,707
P23246,published_T1.0_k3_p0.85,0.05960671603679657,0.03535836935043335,0.0003180646162945777,0.33644193410873413,1.0,707
P23246,conservative_T0.5,0.06130222976207733,0.06900147348642349,1.1616906704148278e-05,0.742673933506012,1.0,707
P23246,exploratory_T1.5,0.25476139783859253,0.08147214353084564,0.10836943238973618,0.8658701181411743,0.9998716115951538,707
P07901,greedy_T1.0,0.1415361613035202,0.15198343992233276,0.000679786957334727,0.966953456401825,0.9999993443489075,733
P07901,published_T1.0_k3_p0.85,0.1123371422290802,0.1258433312177658,0.0003548535460140556,0.966742992401123,1.0,733
P07901,conservative_T0.5,0.1409454196691513,0.19539858400821686,5.710099344469199e-07,0.9998382329940796,1.0,733
P07901,exploratory_T1.5,0.16989396512508392,0.1467905342578888,0.01007191650569439,0.8055800199508667,0.999988317489624,733
Q61410,greedy_T1.0,0.1857222318649292,0.19113408029079437,0.0004609274328686297,0.9559012055397034,0.9999999403953552,762
Q61410,published_T1.0_k3_p0.85,0.0977277159690857,0.1192905381321907,0.00014978880062699318,0.942326009273529,1.0,762
Q61410,conservative_T0.5,0.11361051350831985,0.18368488550186157,5.025578531103747e-08,0.9996302127838135,1.0,762
Q61410,exploratory_T1.5,0.27976107597351074,0.22064542770385742,0.007844597101211548,0.8785314559936523,0.9999902248382568,762
P15056,greedy_T1.0,0.18954774737358093,0.17784520983695984,0.012254810892045498,0.9930961728096008,1.0,766
P15056,published_T1.0_k3_p0.85,0.11038482189178467,0.14498592913150787,0.00045839574886485934,0.9927871823310852,1.0,766
P15056,conservative_T0.5,0.13182997703552246,0.20169112086296082,2.224473064416088e-05,0.999993085861206,1.0,766
P15056,exploratory_T1.5,0.35622841119766235,0.14575102925300598,0.04164527356624603,0.9291114807128906,0.999988853931427,766
P05067,greedy_T1.0,0.20344999432563782,0.1735585331916809,0.0015037100529298186,0.9650701284408569,0.9719485640525818,770
P05067,published_T1.0_k3_p0.85,0.10904885083436966,0.11780041456222534,0.0002064559084828943,0.965004026889801,0.9725332856178284,770
P05067,conservative_T0.5,0.1453959345817566,0.18783658742904663,5.977591399641824e-07,0.9998272061347961,0.9885773658752441,770
P05067,exploratory_T1.5,0.31805580854415894,0.19568897783756256,0.015254715457558632,0.9030673503875732,0.9669737815856934,770
P04150,greedy_T1.0,0.11542604118585587,0.11637291312217712,0.006799639202654362,0.8044968843460083,0.9999995231628418,777
P04150,published_T1.0_k3_p0.85,0.06498109549283981,0.07402092963457108,1.619736030988861e-05,0.7257031798362732,1.0,777
P04150,conservative_T0.5,0.09266381710767746,0.1411360204219818,4.55129475085414e-06,0.9786272644996643,1.0,777
P04150,exploratory_T1.5,0.2460600882768631,0.13137616217136383,0.07762545347213745,0.8637005686759949,0.9999522566795349,777
P56201,greedy_T1.0,0.352613627910614,0.23377925157546997,0.004576540552079678,0.9818123579025269,1.0,797
P56201,published_T1.0_k3_p0.85,0.2244606614112854,0.17998354136943817,0.0018812583293765783,0.9814040660858154,1.0,797
P56201,conservative_T0.5,0.2879597246646881,0.26175186038017273,4.9561636842554435e-05,0.9999699592590332,1.0,797
P56201,exploratory_T1.5,0.4227607250213623,0.23595011234283447,0.02814815565943718,0.9015259742736816,0.9999932050704956,797
P21802,greedy_T1.0,0.3195934295654297,0.2514939308166504,0.0036096021067351103,0.9874228239059448,0.9999998807907104,821
P21802,published_T1.0_k3_p0.85,0.22832801938056946,0.23085883259773254,0.00223621167242527,0.9751279950141907,1.0,821
P21802,conservative_T0.5,0.30628421902656555,0.312658429145813,2.441444667056203e-05,0.9999440908432007,1.0,821
P21802,exploratory_T1.5,0.35317862033843994,0.23353730142116547,0.023684879764914513,0.9409929513931274,0.9999937415122986,821
P0A9Q7,greedy_T1.0,0.23397955298423767,0.21744365990161896,0.004056775011122227,0.9717481136322021,0.9985595345497131,891
P0A9Q7,published_T1.0_k3_p0.85,0.20042003691196442,0.203608900308609,0.0,0.9709767699241638,0.9985527992248535,891
P0A9Q7,conservative_T0.5,0.27338260412216187,0.29973170161247253,4.97122846354614e-06,0.999895453453064,0.9985527992248535,891
P0A9Q7,exploratory_T1.5,0.24363315105438232,0.1832425892353058,0.0233939029276371,0.9067791104316711,0.9986337423324585,891
P19367,greedy_T1.0,0.2032470703125,0.1905517578125,0.006500244140625,0.97607421875,1.0,917
P19367,published_T1.0_k3_p0.85,0.1759033203125,0.177490234375,0.0034809112548828125,0.97412109375,1.0,917
P19367,conservative_T0.5,0.229248046875,0.2783203125,6.574392318725586e-05,0.99951171875,1.0,917
P19367,exploratory_T1.5,0.21923828125,0.1593017578125,0.0214691162109375,0.86181640625,1.0,917
P10275,greedy_T1.0,0.201416015625,0.1485595703125,0.0084381103515625,0.880859375,1.0,920
P10275,published_T1.0_k3_p0.85,0.08721923828125,0.07659912109375,0.0010967254638671875,0.69873046875,1.0,920
P10275,conservative_T0.5,0.10760498046875,0.13818359375,7.808208465576172e-06,0.97802734375,1.0,920
P10275,exploratory_T1.5,0.398681640625,0.133544921875,0.08642578125,0.9150390625,0.99951171875,920
P62944,greedy_T1.0,0.1522216796875,0.1583251953125,0.00958251953125,0.88232421875,1.0,937
P62944,published_T1.0_k3_p0.85,0.12493896484375,0.1519775390625,0.0004024505615234375,0.8642578125,1.0,937
P62944,conservative_T0.5,0.1630859375,0.2418212890625,3.802776336669922e-05,0.99755859375,1.0,937
P62944,exploratory_T1.5,0.203369140625,0.1351318359375,0.0311126708984375,0.81689453125,1.0,937
P06756,greedy_T1.0,0.341064453125,0.2332763671875,0.00421905517578125,0.98486328125,0.99951171875,1048
P06756,published_T1.0_k3_p0.85,0.2333984375,0.2266845703125,0.0017414093017578125,0.98486328125,0.9990234375,1048
P06756,conservative_T0.5,0.28759765625,0.29541015625,8.90493392944336e-05,1.0,0.9990234375,1048
P06756,exploratory_T1.5,0.401611328125,0.207275390625,0.025665283203125,0.88232421875,0.99951171875,1048
P42336,greedy_T1.0,0.2198486328125,0.1800537109375,5.7756900787353516e-05,0.9775390625,0.99853515625,1068
P42336,published_T1.0_k3_p0.85,0.1549072265625,0.151611328125,0.0,0.97705078125,0.99853515625,1068
P42336,conservative_T0.5,0.205810546875,0.237548828125,0.0,1.0,0.99853515625,1068
P42336,exploratory_T1.5,0.27392578125,0.1868896484375,0.0037746429443359375,0.84033203125,0.99853515625,1068
P00968,greedy_T1.0,0.2763671875,0.2313232421875,9.059906005859375e-06,0.99462890625,0.99853515625,1073
P00968,published_T1.0_k3_p0.85,0.2174072265625,0.2183837890625,0.0,0.99462890625,0.99853515625,1073
P00968,conservative_T0.5,0.267822265625,0.3056640625,0.0,1.0,0.99853515625,1073
P00968,exploratory_T1.5,0.31298828125,0.20751953125,0.0010042190551757812,0.935546875,0.99853515625,1073
P07949,greedy_T1.0,0.396484375,0.22119140625,0.0013074874877929688,0.9521484375,0.9990234375,1114
P07949,published_T1.0_k3_p0.85,0.2265625,0.180908203125,0.0,0.95068359375,0.9990234375,1114
P07949,conservative_T0.5,0.310546875,0.26513671875,1.430511474609375e-06,0.99951171875,0.9990234375,1114
P07949,exploratory_T1.5,0.48876953125,0.21044921875,0.01416778564453125,0.87939453125,0.9990234375,1114
P00533,greedy_T1.0,0.1864013671875,0.2049560546875,0.001728057861328125,0.9892578125,1.0,1210
P00533,published_T1.0_k3_p0.85,0.14111328125,0.1884765625,6.747245788574219e-05,0.9892578125,1.0,1210
P00533,conservative_T0.5,0.1759033203125,0.259521484375,3.5762786865234375e-07,1.0,1.0,1210
P00533,exploratory_T1.5,0.249267578125,0.1715087890625,0.0177154541015625,0.8974609375,1.0,1210
P04626,greedy_T1.0,0.244140625,0.204345703125,0.0049285888671875,0.9921875,1.0,1255
P04626,published_T1.0_k3_p0.85,0.15283203125,0.1973876953125,0.00012028217315673828,0.9921875,1.0,1255
P04626,conservative_T0.5,0.1934814453125,0.2646484375,1.3887882232666016e-05,1.0,1.0,1255
P04626,exploratory_T1.5,0.36083984375,0.16552734375,0.0198211669921875,0.92138671875,1.0,1255
P0DTC2,greedy_T1.0,0.1455078125,0.0721435546875,0.03155517578125,0.8359375,1.0,1273
P0DTC2,published_T1.0_k3_p0.85,0.06292724609375,0.0390625,0.0013561248779296875,0.36376953125,1.0,1273
P0DTC2,conservative_T0.5,0.06341552734375,0.07708740234375,0.00014352798461914062,0.7568359375,1.0,1273
P0DTC2,exploratory_T1.5,0.343994140625,0.07135009765625,0.1837158203125,0.88232421875,1.0,1273
P12821,greedy_T1.0,0.260986328125,0.2060546875,0.0014810562133789062,0.9677734375,0.99853515625,1306
P12821,published_T1.0_k3_p0.85,0.1728515625,0.1590576171875,0.0,0.96728515625,0.99853515625,1306
P12821,conservative_T0.5,0.2239990234375,0.2476806640625,1.3709068298339844e-06,1.0,0.99853515625,1306
P12821,exploratory_T1.5,0.32861328125,0.2125244140625,0.0193328857421875,0.84521484375,0.99853515625,1306
O60885,greedy_T1.0,0.11663818359375,0.1468505859375,0.0031070709228515625,0.99169921875,1.0,1362
O60885,published_T1.0_k3_p0.85,0.08465576171875,0.10699462890625,6.67572021484375e-06,0.98583984375,1.0,1362
O60885,conservative_T0.5,0.11724853515625,0.155517578125,2.7418136596679688e-06,1.0,1.0,1362
O60885,exploratory_T1.5,0.1839599609375,0.1636962890625,0.0341796875,0.94482421875,1.0,1362
P02452,greedy_T1.0,0.11614990234375,0.1298828125,0.0029468536376953125,0.98876953125,1.0,1464
P02452,published_T1.0_k3_p0.85,0.0899658203125,0.0888671875,0.00034880638122558594,0.98876953125,1.0,1464
P02452,conservative_T0.5,0.126708984375,0.1490478515625,1.2516975402832031e-06,1.0,1.0,1464
P02452,exploratory_T1.5,0.181640625,0.1402587890625,0.04388427734375,0.90771484375,1.0,1464
P13569,greedy_T1.0,0.265380859375,0.2178955078125,0.0004153251647949219,0.884765625,0.99853515625,1480
P13569,published_T1.0_k3_p0.85,0.1583251953125,0.1558837890625,0.0,0.8837890625,0.99853515625,1480
P13569,conservative_T0.5,0.201416015625,0.2373046875,1.7881393432617188e-07,0.99658203125,0.99853515625,1480
P13569,exploratory_T1.5,0.353759765625,0.220947265625,0.007595062255859375,0.8740234375,0.99853515625,1480
P02458,greedy_T1.0,0.084228515625,0.12115478515625,0.0038051605224609375,0.9755859375,1.0,1487
P02458,published_T1.0_k3_p0.85,0.0672607421875,0.08856201171875,4.00543212890625e-05,0.9755859375,1.0,1487
P02458,conservative_T0.5,0.07269287109375,0.1300048828125,1.8477439880371094e-06,1.0,1.0,1487
P02458,exploratory_T1.5,0.1402587890625,0.12060546875,0.050323486328125,0.84912109375,1.0,1487
P22579,greedy_T1.0,0.1009521484375,0.06170654296875,0.0185699462890625,0.76708984375,1.0,1536
P22579,published_T1.0_k3_p0.85,0.0596923828125,0.040924072265625,0.0005970001220703125,0.4921875,1.0,1536
P22579,conservative_T0.5,0.058380126953125,0.07275390625,3.3795833587646484e-05,0.8076171875,1.0,1536
P22579,exploratory_T1.5,0.2763671875,0.06451416015625,0.127197265625,0.83642578125,1.0,1536
Q02880,greedy_T1.0,0.280517578125,0.1761474609375,0.002025604248046875,0.98388671875,1.0,1626
Q02880,published_T1.0_k3_p0.85,0.13818359375,0.126220703125,0.0006437301635742188,0.98388671875,1.0,1626
Q02880,conservative_T0.5,0.170654296875,0.1854248046875,8.404254913330078e-06,1.0,1.0,1626
Q02880,exploratory_T1.5,0.39697265625,0.1888427734375,0.0208587646484375,0.8759765625,1.0,1626
P38398,greedy_T1.0,0.112548828125,0.1368408203125,0.0082550048828125,0.97900390625,1.0,1863
P38398,published_T1.0_k3_p0.85,0.08221435546875,0.09716796875,0.0002665519714355469,0.978515625,1.0,1863
P38398,conservative_T0.5,0.09710693359375,0.1341552734375,7.331371307373047e-06,1.0,1.0,1863
P38398,exploratory_T1.5,0.225341796875,0.1258544921875,0.083740234375,0.8759765625,1.0,1863
P35498,greedy_T1.0,0.1390380859375,0.1318359375,0.006908416748046875,0.865234375,1.0,2009
P35498,published_T1.0_k3_p0.85,0.093994140625,0.09661865234375,0.0008578300476074219,0.8486328125,1.0,2009
P35498,conservative_T0.5,0.113525390625,0.1600341796875,2.6047229766845703e-05,0.99560546875,1.0,2009
P35498,exploratory_T1.5,0.2607421875,0.123046875,0.035003662109375,0.90869140625,1.0,2009
Q13936,greedy_T1.0,0.11737060546875,0.12451171875,0.0031223297119140625,0.89892578125,1.0,2221
Q13936,published_T1.0_k3_p0.85,0.0819091796875,0.09954833984375,2.9385089874267578e-05,0.89892578125,1.0,2221
Q13936,conservative_T0.5,0.102294921875,0.160400390625,1.7285346984863281e-06,0.9990234375,1.0,2221
Q13936,exploratory_T1.5,0.213134765625,0.12164306640625,0.0254364013671875,0.88916015625,1.0,2221
Q04721,greedy_T1.0,0.127685546875,0.1927490234375,0.0001513957977294922,0.978515625,1.0,2471
Q04721,published_T1.0_k3_p0.85,0.09375,0.1663818359375,2.0742416381835938e-05,0.9716796875,1.0,2471
Q04721,conservative_T0.5,0.11712646484375,0.234130859375,0.0,1.0,1.0,2471
Q04721,exploratory_T1.5,0.1973876953125,0.173095703125,0.00586700439453125,0.93359375,1.0,2471
P42345,greedy_T1.0,0.2275390625,0.1656494140625,0.00643157958984375,0.9541015625,1.0,2549
P42345,published_T1.0_k3_p0.85,0.119140625,0.1285400390625,0.0003216266632080078,0.95166015625,1.0,2549
P42345,conservative_T0.5,0.1556396484375,0.2115478515625,1.245737075805664e-05,0.9990234375,1.0,2549
P42345,exploratory_T1.5,0.371337890625,0.1461181640625,0.0682373046875,0.85791015625,1.0,2549
P13368,greedy_T1.0,0.1192626953125,0.069580078125,0.0114898681640625,0.9189453125,1.0,2554
P13368,published_T1.0_k3_p0.85,0.0657958984375,0.060699462890625,0.00011515617370605469,0.892578125,1.0,2554
P13368,conservative_T0.5,0.0684814453125,0.10064697265625,3.439188003540039e-05,0.99658203125,1.0,2554
P13368,exploratory_T1.5,0.3125,0.0606689453125,0.08941650390625,0.8828125,1.0,2554
